frame,track_id,x_pixel,y_pixel,x_pitch,y_pitch,x_pitch_smooth,y_pitch_smooth,is_in_pitch,confidence
1,1,1413.06,659.14,83.02,42.93,83.33,42.73,True,0.8542
1,2,1089.85,868.21,60.72,59.15,60.98,59.05,True,0.851
1,3,1311.07,847.45,74.86,57.62,75.33,57.5,True,0.8384
1,4,1315.26,506.38,77.6,29.71,78.0,29.67,True,0.834
1,5,1117.57,525.42,63.56,31.42,64.09,31.45,True,0.831
1,6,1622.61,447.71,100.21,24.28,100.45,24.28,True,0.8195
1,7,1290.36,357.49,77.01,15.51,77.27,15.48,True,0.8027
1,8,1664.42,490.18,102.53,28.23,102.77,28.22,True,0.8026
1,9,1507.32,653.75,89.42,42.48,89.74,42.42,True,0.7986
1,10,347.24,631.71,10.88,40.65,11.23,40.58,True,0.792
1,11,194.18,522.0,-1.34,31.12,-0.81,31.04,False,0.7905
1,12,65.69,833.25,-4.69,56.57,-4.07,56.78,False,0.7896
1,13,991.06,307.3,54.84,10.4,55.16,10.36,True,0.7686
1,14,715.88,761.52,36.56,51.12,37.18,50.99,True,0.7675
1,15,599.67,387.97,26.04,18.53,26.25,18.49,True,0.7357
1,16,694.18,841.02,35.54,57.15,35.29,57.11,True,0.7344
1,17,130.02,432.47,-7.56,22.83,-7.31,22.8,False,0.7244
1,18,279.3,265.31,0.38,5.98,0.62,6.09,True,0.6701
1,19,1137.42,444.82,65.29,24.0,66.06,24.01,True,0.6086
1,20,1130.24,446.87,64.76,24.2,65.64,24.05,True,0.53
2,1,1417.01,657.3,83.3,42.78,83.5,42.61,True,0.8557
2,2,1094.14,866.73,61.0,59.04,61.11,59.01,True,0.8428
2,3,1318.6,845.2,75.35,57.46,75.56,57.47,True,0.8592
2,4,1320.94,505.93,78.0,29.67,78.18,29.65,True,0.8323
2,5,1125.72,525.59,64.14,31.44,64.32,31.44,True,0.8038
2,6,1625.98,448.03,100.45,24.31,100.56,24.28,True,0.8118
2,7,1293.82,356.91,77.27,15.45,77.38,15.48,True,0.8017
2,8,1667.74,489.98,102.77,28.21,102.89,28.22,True,0.7995
2,9,1512.2,652.88,89.76,42.41,89.9,42.39,True,0.8157
2,10,351.89,630.83,11.18,40.57,11.41,40.54,True,0.776
2,11,201.31,520.82,-0.86,31.01,-0.53,31.0,False,0.7925
2,12,73.6,836.78,-4.13,56.83,-3.73,56.84,False,0.7889
2,13,995.12,306.69,55.15,10.33,55.31,10.36,True,0.7773
2,14,725.8,759.57,37.2,50.97,37.49,50.96,True,0.7695
2,15,601.99,387.75,26.21,18.51,26.37,18.46,True,0.7287
2,16,690.66,840.39,35.31,57.1,35.15,57.1,True,0.7227
2,17,133.34,431.81,-7.33,22.77,-7.14,22.8,False,0.7519
2,18,282.24,267.27,0.64,6.19,0.77,6.11,True,0.7094
2,19,1140.42,447.78,65.49,24.28,66.44,23.88,True,0.6591
2,20,1146.22,443.88,65.93,23.91,65.91,24.04,True,0.6328
3,1,1422.21,653.82,83.68,42.49,83.67,42.53,True,0.8453
3,2,1097.69,865.65,61.22,58.96,61.24,58.98,True,0.8424
3,3,1325.07,844.89,75.77,57.43,75.82,57.43,True,0.8586
3,4,1326.42,505.5,78.4,29.63,78.33,29.66,True,0.8364
3,5,1131.71,526.0,64.56,31.48,64.53,31.43,True,0.7961
3,6,1629.2,447.56,100.69,24.26,100.68,24.26,True,0.8131
3,7,1297.18,357.29,77.52,15.49,77.5,15.48,True,0.7932
3,8,1671.3,490.1,103.02,28.22,103.01,28.21,True,0.7998
3,9,1515.99,652.32,90.03,42.37,90.06,42.37,True,0.8261
3,10,358.62,630.32,11.64,40.53,11.6,40.52,True,0.7633
3,11,210.28,520.58,-0.23,30.99,-0.25,30.99,False,0.784
3,12,84.64,838.04,-3.4,56.93,-3.37,56.91,False,0.8213
3,13,999.6,306.82,55.49,10.35,55.46,10.37,True,0.7512
3,14,734.78,758.58,37.78,50.89,37.78,50.92,True,0.7942
3,15,606.02,387.03,26.5,18.44,26.5,18.45,True,0.7052
3,16,686.14,840.11,35.02,57.08,34.99,57.1,True,0.6885
3,17,137.32,432.19,-7.04,22.81,-6.96,22.8,False,0.7729
3,18,285.11,266.38,0.84,6.1,0.93,6.11,True,0.7112
3,20,1150.44,445.15,66.22,24.03,66.16,24.05,True,0.761
4,1,1426.52,650.83,84.0,42.24,83.98,42.38,True,0.8557
4,2,1101.82,864.61,61.49,58.88,61.48,58.9,True,0.8741
4,3,1332.83,844.09,76.27,57.38,76.33,57.33,True,0.8463
4,4,1331.08,505.09,78.73,29.59,78.64,29.65,True,0.8492
4,5,1138.56,525.37,65.04,31.42,64.91,31.43,True,0.8035
4,6,1632.27,447.39,100.91,24.25,100.91,24.25,True,0.8145
4,7,1300.05,357.19,77.73,15.48,77.75,15.48,True,0.7999
4,8,1674.41,490.37,103.23,28.24,103.23,28.2,True,0.7895
4,9,1521.34,651.67,90.39,42.31,90.36,42.3,True,0.8422
4,10,363.36,629.11,11.94,40.43,11.97,40.48,True,0.7492
4,11,218.11,519.58,0.31,30.9,0.29,30.95,True,0.771
4,12,95.16,839.18,-2.71,57.01,-2.67,57.06,False,0.8224
4,13,1003.32,307.11,55.77,10.38,55.75,10.37,True,0.7576
4,14,744.41,758.24,38.41,50.87,38.33,50.86,True,0.8043
4,15,609.36,386.38,26.74,18.37,26.73,18.44,True,0.7155
4,16,681.22,840.07,34.71,57.08,34.7,57.08,True,0.6795
4,17,143.0,432.28,-6.63,22.81,-6.62,22.77,False,0.7724
4,18,289.8,267.11,1.22,6.18,1.21,6.12,True,0.6625
4,20,1157.42,445.2,66.73,24.04,66.73,24.02,True,0.765
5,1,1431.28,650.49,84.33,42.21,84.3,42.25,True,0.8343
5,2,1105.88,864.2,61.75,58.85,61.71,58.84,True,0.8625
5,3,1341.54,842.42,76.84,57.25,76.87,57.24,True,0.8702
5,4,1333.85,506.3,78.91,29.7,78.92,29.66,True,0.8473
5,5,1142.79,524.84,65.34,31.37,65.3,31.44,True,0.7508
5,6,1635.33,447.14,101.14,24.22,101.13,24.23,True,0.8193
5,7,1303.54,357.24,77.99,15.48,78.0,15.49,True,0.8052
5,8,1677.76,489.45,103.49,28.16,103.45,28.19,True,0.8102
5,9,1525.65,651.22,90.69,42.27,90.65,42.22,True,0.8528
5,10,369.24,629.16,12.34,40.43,12.36,40.49,True,0.7272
5,11,225.99,519.88,0.86,30.93,0.84,30.93,True,0.7753
5,12,107.09,841.83,-1.91,57.21,-1.92,57.17,False,0.8236
5,13,1006.89,307.45,56.04,10.41,56.04,10.39,True,0.7424
5,14,752.77,756.83,38.95,50.76,38.82,50.85,True,0.8226
5,15,612.74,386.75,26.99,18.41,26.98,18.43,True,0.714
5,16,676.21,840.07,34.39,57.08,34.39,57.08,True,0.6811
5,17,148.62,431.68,-6.23,22.76,-6.28,22.77,False,0.7718
5,18,294.35,266.22,1.55,6.08,1.51,6.09,True,0.7181
5,20,1163.12,445.7,67.14,24.09,67.13,24.04,True,0.7844
6,1,1435.43,650.01,84.61,42.17,84.6,42.17,True,0.8368
6,2,1108.67,863.17,61.93,58.78,61.93,58.76,True,0.8623
6,3,1350.59,840.53,77.43,57.11,77.44,57.14,True,0.8634
6,4,1337.38,506.06,79.17,29.68,79.16,29.66,True,0.8394
6,5,1144.92,525.72,65.48,31.45,65.63,31.47,True,0.7345
6,6,1638.34,446.95,101.36,24.2,101.35,24.21,True,0.8115
6,7,1307.03,357.37,78.25,15.5,78.27,15.5,True,0.8043
6,8,1679.98,489.57,103.64,28.17,103.64,28.16,True,0.8146
6,9,1528.91,649.63,90.93,42.14,90.94,42.13,True,0.8539
6,10,374.96,629.52,12.74,40.46,12.72,40.49,True,0.7845
6,11,233.17,520.07,1.37,30.94,1.38,30.9,True,0.7742
6,12,117.64,843.58,-1.21,57.34,-1.15,57.26,False,0.8241
6,13,1010.62,307.35,56.32,10.4,56.29,10.39,True,0.7671
6,14,758.32,757.69,39.31,50.82,39.27,50.82,True,0.8184
6,15,615.82,387.37,27.22,18.47,27.21,18.43,True,0.7049
6,16,670.96,840.02,34.05,57.07,34.07,57.08,True,0.7054
6,17,153.4,431.26,-5.89,22.72,-5.95,22.76,False,0.744
6,18,298.03,265.8,1.82,6.04,1.82,6.08,True,0.7356
6,20,1169.73,445.14,67.61,24.03,67.61,24.03,True,0.7757
7,1,1439.38,649.46,84.88,42.13,84.9,42.13,True,0.8335
7,2,1112.33,862.34,62.16,58.72,62.14,58.66,True,0.8712
7,3,1359.79,839.28,78.02,57.02,78.01,57.03,True,0.8471
7,4,1340.77,506.08,79.4,29.68,79.39,29.66,True,0.8389
7,5,1153.74,526.3,66.1,31.5,65.93,31.52,True,0.751
7,6,1641.1,446.92,101.56,24.2,101.57,24.21,True,0.8168
7,7,1310.53,357.51,78.51,15.51,78.56,15.52,True,0.7938
7,8,1682.9,489.46,103.85,28.16,103.83,28.11,True,0.8093
7,9,1532.85,648.22,91.21,42.02,91.21,42.05,True,0.8631
7,10,380.5,630.88,13.13,40.58,13.07,40.54,True,0.7938
7,11,240.82,519.64,1.9,30.9,1.9,30.88,True,0.7857
7,12,130.9,843.92,-0.36,57.36,-0.36,57.33,False,0.794
7,13,1013.8,307.28,56.56,10.4,56.54,10.38,True,0.7679
7,14,763.04,758.86,39.63,50.91,39.68,50.77,True,0.8191
7,15,618.99,387.22,27.45,18.46,27.45,18.46,True,0.715
7,16,666.8,840.08,33.79,57.08,33.75,57.05,True,0.7057
7,17,157.03,431.53,-5.63,22.74,-5.63,22.79,False,0.7491
7,18,301.78,266.03,2.11,6.06,2.11,6.04,True,0.724
7,20,1174.64,444.76,67.97,24.0,68.06,24.03,True,0.7751
8,1,1443.52,648.99,85.17,42.09,85.19,42.11,True,0.8329
8,2,1114.93,860.16,62.33,58.56,62.35,58.53,True,0.8665
8,3,1369.1,837.92,78.63,56.92,78.56,56.94,True,0.8495
8,4,1343.41,505.52,79.6,29.63,79.64,29.65,True,0.8261
8,5,1154.74,527.58,66.17,31.62,66.2,31.58,True,0.7578
8,6,1644.08,446.95,101.77,24.2,101.8,24.2,True,0.8224
8,7,1315.32,357.92,78.86,15.55,78.89,15.54,True,0.7712
8,8,1684.98,488.57,104.01,28.08,104.02,28.07,True,0.8024
8,9,1536.61,646.74,91.48,41.9,91.48,41.98,True,0.8692
8,10,384.9,630.74,13.43,40.56,13.4,40.62,True,0.7866
8,11,248.88,519.03,2.46,30.85,2.4,30.86,True,0.8016
8,12,142.96,844.25,0.42,57.39,0.44,57.36,True,0.7587
8,13,1016.48,306.96,56.76,10.36,56.79,10.36,True,0.7791
8,14,769.27,756.93,40.03,50.76,40.08,50.69,True,0.8327
8,15,621.95,387.18,27.67,18.45,27.68,18.48,True,0.7309
8,16,661.29,840.07,33.43,57.08,33.44,57.04,True,0.6619
8,17,160.42,432.01,-5.37,22.79,-5.33,22.83,False,0.7438
8,18,305.64,265.87,2.41,6.04,2.4,6.03,True,0.731
8,19,1166.36,442.23,67.39,23.76,66.72,23.82,True,0.7536
8,20,1183.2,444.65,68.59,23.99,68.5,24.05,True,0.7869
9,1,1448.54,648.44,85.51,42.04,85.48,42.09,True,0.8408
9,2,1117.95,857.72,62.53,58.38,62.58,58.38,True,0.8563
9,3,1377.07,837.22,79.14,56.87,79.11,56.86,True,0.8419
9,4,1347.13,505.28,79.86,29.61,79.89,29.67,True,0.8259
9,5,1160.74,527.98,66.58,31.65,66.48,31.64,True,0.7379
9,6,1647.54,446.98,102.02,24.21,102.02,24.19,True,0.818
9,7,1320.15,358.09,79.21,15.57,79.22,15.56,True,0.7439
9,8,1687.01,487.72,104.17,28.0,104.22,28.04,True,0.8015
9,9,1540.76,646.76,91.76,41.9,91.77,41.92,True,0.8579
9,10,389.02,632.0,13.72,40.67,13.7,40.7,True,0.7796
9,11,255.67,518.11,2.92,30.77,2.89,30.84,True,0.7916
9,12,156.64,843.55,1.28,57.34,1.25,57.36,True,0.7683
9,13,1019.76,306.83,57.01,10.35,57.04,10.35,True,0.7956
9,14,775.94,754.84,40.46,50.6,40.51,50.58,True,0.8089
9,15,625.12,387.67,27.9,18.5,27.91,18.49,True,0.7505
9,16,656.22,838.44,33.1,56.96,33.14,57.02,True,0.6574
9,17,164.68,433.47,-5.03,22.93,-5.02,22.89,False,0.7512
9,18,308.96,265.32,2.65,5.98,2.7,6.01,True,0.7239
9,19,1169.2,439.03,67.61,23.46,67.32,23.74,True,0.7262
9,20,1188.49,445.26,68.97,24.05,68.91,24.07,True,0.7469
10,1,1452.59,649.51,85.78,42.13,85.78,42.07,True,0.8499
10,2,1122.38,855.32,62.82,58.2,62.82,58.21,True,0.853
10,3,1383.66,836.17,79.57,56.79,79.64,56.77,True,0.8471
10,4,1351.71,505.85,80.18,29.66,80.12,29.67,True,0.8448
10,5,1161.66,528.44,66.65,31.69,66.59,31.69,True,0.7526
10,6,1651.07,446.91,102.27,24.2,102.25,24.18,True,0.7999
10,7,1325.5,358.16,79.61,15.58,79.58,15.59,True,0.7732
10,8,1690.42,487.32,104.42,27.96,104.41,28.0,True,0.7997
10,9,1544.98,647.25,92.04,41.94,92.09,41.86,True,0.85
10,10,392.56,633.75,13.98,40.82,13.97,40.78,True,0.7661
10,11,261.85,518.76,3.37,30.83,3.33,30.83,True,0.7986
10,12,169.26,844.2,2.09,57.38,2.02,57.36,True,0.7785
10,13,1023.57,306.26,57.3,10.29,57.28,10.35,True,0.7876
10,14,784.22,751.99,40.99,50.38,40.96,50.42,True,0.8076
10,15,628.45,388.0,28.15,18.53,28.16,18.5,True,0.7195
10,16,652.12,839.39,32.85,57.03,32.83,56.99,True,0.6658
10,17,169.0,434.14,-4.71,22.99,-4.7,22.94,False,0.7816
10,18,313.31,265.79,2.99,6.03,3.0,5.98,True,0.6855
10,19,1172.22,440.41,67.82,23.59,67.93,23.64,True,0.6929
10,20,1193.82,446.44,69.34,24.16,69.35,24.09,True,0.7514
11,1,1456.96,648.75,86.08,42.07,86.06,42.05,True,0.8382
11,2,1126.46,853.08,63.08,58.04,63.09,58.05,True,0.8776
11,3,1392.82,834.8,80.17,56.69,80.13,56.69,True,0.8757
11,4,1354.94,506.87,80.4,29.75,80.36,29.69,True,0.8594
11,5,1164.97,528.94,66.88,31.74,66.7,31.72,True,0.7712
11,6,1654.09,446.15,102.5,24.13,102.5,24.16,True,0.7977
11,7,1329.7,358.41,79.92,15.6,79.92,15.61,True,0.7937
11,8,1693.44,487.59,104.63,27.99,104.6,27.98,True,0.8045
11,9,1549.81,646.07,92.38,41.85,92.42,41.8,True,0.8445
11,10,396.11,634.67,14.23,40.89,14.24,40.85,True,0.7702
11,11,267.74,518.77,3.78,30.83,3.77,30.83,True,0.8073
11,12,180.6,843.52,2.8,57.33,2.79,57.35,True,0.8392
11,13,1027.22,306.79,57.57,10.34,57.53,10.36,True,0.7788
11,14,791.22,750.26,41.44,50.24,41.4,50.28,True,0.8142
11,15,631.64,387.54,28.38,18.49,28.41,18.52,True,0.7272
11,16,646.99,838.56,32.51,56.97,32.54,56.95,True,0.7241
11,17,173.87,434.09,-4.36,22.99,-4.39,22.98,False,0.7642
11,18,317.99,264.99,3.34,5.95,3.29,5.92,True,0.6883
11,19,1178.45,440.43,68.27,23.59,68.22,23.64,True,0.6772
11,20,1198.8,446.13,69.7,24.13,69.74,24.1,True,0.766
12,1,1461.09,648.33,86.36,42.03,86.32,42.04,True,0.8448
12,2,1130.64,850.97,63.36,57.88,63.35,57.91,True,0.8649
12,3,1400.48,833.42,80.67,56.58,80.59,56.62,True,0.8647
12,4,1357.46,506.39,80.58,29.71,80.57,29.72,True,0.8613
12,5,1162.38,529.15,66.69,31.76,66.75,31.74,True,0.7297
12,6,1656.73,446.22,102.69,24.14,102.74,24.13,True,0.8056
12,7,1334.57,358.78,80.28,15.64,80.24,15.64,True,0.7988
12,8,1696.12,487.47,104.82,27.98,104.81,27.98,True,0.7982
12,9,1555.11,644.22,92.77,41.69,92.75,41.75,True,0.8367
12,10,399.91,635.18,14.5,40.94,14.49,40.9,True,0.7816
12,11,272.6,519.38,4.14,30.88,4.22,30.83,True,0.7995
12,12,191.54,843.55,3.5,57.34,3.52,57.38,True,0.8346
12,13,1030.0,307.46,57.78,10.41,57.77,10.37,True,0.7792
12,14,797.68,748.46,41.86,50.1,41.82,50.18,True,0.8225
12,15,635.71,387.89,28.68,18.52,28.68,18.53,True,0.7527
12,16,643.22,837.48,32.27,56.89,32.25,56.93,True,0.7279
12,17,178.3,434.06,-4.04,22.98,-4.11,22.97,False,0.7649
12,18,321.8,264.34,3.62,5.88,3.57,5.89,True,0.7093
12,19,1183.0,442.57,68.58,23.79,68.51,23.71,True,0.7026
12,20,1204.89,445.97,70.14,24.11,70.13,24.07,True,0.7691
13,1,1464.38,647.86,86.59,41.99,86.59,41.98,True,0.848
13,2,1134.98,849.14,63.64,57.75,63.58,57.8,True,0.8613
13,3,1407.33,832.68,81.11,56.53,81.02,56.55,True,0.8768
13,4,1360.05,506.8,80.76,29.74,80.76,29.75,True,0.8435
13,5,1162.28,529.04,66.69,31.75,66.85,31.76,True,0.74
13,6,1661.08,445.9,103.01,24.11,102.97,24.11,True,0.7944
13,7,1338.61,359.13,80.57,15.67,80.52,15.68,True,0.8113
13,8,1698.4,487.62,104.98,27.99,105.02,27.95,True,0.7785
13,9,1560.41,643.37,93.14,41.62,93.09,41.67,True,0.829
13,10,403.78,635.08,14.76,40.93,14.72,40.92,True,0.7985
13,11,279.63,518.75,4.62,30.82,4.65,30.82,True,0.7949
13,12,203.36,844.14,4.26,57.38,4.22,57.43,True,0.8552
13,13,1032.97,307.31,58.01,10.4,58.0,10.39,True,0.779
13,14,803.34,748.09,42.23,50.08,42.23,50.12,True,0.823
13,15,639.42,388.17,28.96,18.55,28.96,18.52,True,0.7518
13,16,638.64,837.59,31.97,56.89,31.95,56.9,True,0.6978
13,17,181.25,434.13,-3.82,22.99,-3.83,22.96,False,0.7922
13,18,324.88,263.04,3.83,5.74,3.85,5.89,True,0.735
13,19,1186.14,442.25,68.81,23.76,68.8,23.72,True,0.7509
13,20,1210.36,445.27,70.54,24.05,70.5,24.02,True,0.7783
14,1,1467.42,647.67,86.8,41.98,86.87,41.91,True,0.8349
14,2,1137.93,847.89,63.83,57.66,63.79,57.72,True,0.8702
14,3,1412.16,832.49,81.42,56.51,81.4,56.47,True,0.8763
14,4,1362.76,507.03,80.95,29.76,80.94,29.75,True,0.8312
14,5,1164.43,529.19,66.84,31.76,66.99,31.76,True,0.7144
14,6,1663.8,445.71,103.21,24.09,103.21,24.11,True,0.8033
14,7,1342.0,359.48,80.82,15.71,80.78,15.73,True,0.8142
14,8,1701.7,487.28,105.22,27.96,105.21,27.92,False,0.7888
14,9,1564.68,643.43,93.42,41.63,93.4,41.61,True,0.8241
14,10,406.69,634.95,14.96,40.92,14.93,40.95,True,0.7963
14,11,287.45,518.41,5.17,30.79,5.08,30.82,True,0.7965
14,12,213.48,845.57,4.93,57.48,4.92,57.48,True,0.8411
14,13,1035.62,307.29,58.21,10.4,58.22,10.4,True,0.7754
14,14,808.94,748.48,42.6,50.11,42.63,50.07,True,0.8248
14,15,643.39,388.22,29.25,18.55,29.23,18.54,True,0.7347
14,16,633.52,837.52,31.65,56.89,31.66,56.88,True,0.7004
14,17,184.34,433.38,-3.61,22.92,-3.57,22.97,False,0.7845
14,18,327.92,264.22,4.09,5.87,4.1,5.9,True,0.7251
14,19,1189.8,442.64,69.07,23.8,69.04,23.74,True,0.7922
14,20,1215.3,443.78,70.91,23.91,70.88,23.95,True,0.7808
15,1,1471.82,646.15,87.11,41.85,87.15,41.83,True,0.8368
15,2,1140.66,847.93,64.0,57.66,63.97,57.66,True,0.8739
15,3,1416.62,831.17,81.72,56.42,81.77,56.41,True,0.8762
15,4,1365.26,507.29,81.12,29.79,81.14,29.75,True,0.8344
15,5,1168.53,529.24,67.13,31.77,67.2,31.76,True,0.7248
15,6,1667.04,445.81,103.44,24.1,103.44,24.11,True,0.8095
15,7,1344.78,360.05,81.02,15.77,81.01,15.79,True,0.8136
15,8,1704.43,485.99,105.44,27.84,105.4,27.88,False,0.7937
15,9,1568.92,642.63,93.72,41.56,93.68,41.58,True,0.8525
15,10,409.24,635.24,15.13,40.94,15.12,40.99,True,0.7892
15,11,292.79,518.49,5.54,30.8,5.49,30.82,True,0.8009
15,12,223.7,847.39,5.61,57.62,5.65,57.51,True,0.8369
15,13,1038.47,307.36,58.42,10.4,58.45,10.4,True,0.7941
15,14,815.19,747.71,43.0,50.05,43.03,50.02,True,0.8244
15,15,647.02,387.74,29.51,18.51,29.5,18.55,True,0.7496
15,16,628.59,837.06,31.33,56.85,31.36,56.86,True,0.75
15,17,188.21,433.43,-3.33,22.92,-3.31,23.0,False,0.7819
15,18,331.33,265.62,4.37,6.02,4.35,5.93,True,0.7247
15,19,1192.42,441.38,69.27,23.68,69.24,23.74,True,0.7913
15,20,1219.58,443.61,71.22,23.89,71.24,23.87,True,0.7697
16,1,1476.91,644.43,87.47,41.71,87.44,41.74,True,0.8494
16,2,1142.4,847.73,64.12,57.64,64.11,57.61,True,0.8727
16,3,1421.96,829.94,82.07,56.32,82.16,56.34,True,0.8608
16,4,1367.77,506.77,81.31,29.74,81.34,29.73,True,0.8293
16,5,1175.64,529.17,67.62,31.76,67.44,31.76,True,0.7732
16,6,1670.34,446.06,103.68,24.12,103.64,24.11,True,0.8103
16,7,1347.41,360.95,81.21,15.86,81.22,15.87,True,0.8096
16,8,1706.58,485.88,105.6,27.83,105.58,27.84,False,0.7933
16,9,1572.32,642.39,93.95,41.54,93.9,41.56,True,0.8703
16,10,411.73,636.37,15.31,41.04,15.28,41.07,True,0.7876
16,11,297.94,518.65,5.91,30.82,5.88,30.83,True,0.7939
16,12,235.0,846.66,6.32,57.56,6.42,57.54,True,0.812
16,13,1041.91,307.3,58.68,10.4,58.67,10.42,True,0.7899
16,14,822.44,747.02,43.48,49.99,43.43,49.97,True,0.8282
16,15,650.46,388.48,29.77,18.58,29.77,18.55,True,0.7426
16,16,624.68,837.19,31.08,56.86,31.07,56.84,True,0.5622
16,17,192.05,434.75,-3.03,23.05,-3.07,23.03,False,0.7901
16,18,334.5,265.28,4.61,5.98,4.58,6.0,True,0.7016
16,19,1195.08,441.15,69.46,23.66,69.45,23.73,True,0.7429
16,20,1224.43,442.41,71.57,23.78,71.59,23.81,True,0.7875
17,1,1481.26,643.08,87.78,41.6,87.72,41.64,True,0.8519
17,2,1144.34,846.98,64.24,57.59,64.24,57.57,True,0.8761
17,3,1428.78,828.92,82.52,56.25,82.59,56.27,True,0.8519
17,4,1371.22,506.46,81.55,29.71,81.55,29.69,True,0.8345
17,5,1177.24,529.0,67.74,31.74,67.66,31.75,True,0.7552
17,6,1672.84,446.11,103.85,24.13,103.83,24.12,True,0.7986
17,7,1350.56,361.99,81.43,15.96,81.44,15.95,True,0.7953
17,8,1708.66,485.5,105.75,27.8,105.74,27.82,False,0.7903
17,9,1575.21,642.36,94.15,41.54,94.11,41.52,True,0.8442
17,10,413.64,637.34,15.45,41.12,15.43,41.18,True,0.7978
17,11,302.26,519.2,6.22,30.87,6.24,30.83,True,0.7833
17,12,248.27,846.19,7.15,57.53,7.22,57.56,True,0.7986
17,13,1045.06,307.47,58.92,10.41,58.9,10.41,True,0.7881
17,14,828.4,745.7,43.86,49.89,43.81,49.91,True,0.8291
17,15,653.9,388.09,30.02,18.54,30.01,18.55,True,0.7466
17,16,620.02,836.17,30.78,56.79,30.78,56.82,True,0.7753
17,17,195.42,435.65,-2.77,23.13,-2.84,23.07,False,0.7915
17,18,337.38,265.73,4.83,6.03,4.8,6.07,True,0.6873
17,19,1197.1,442.72,69.6,23.81,69.64,23.71,True,0.7574
17,20,1229.74,441.82,71.96,23.72,71.93,23.79,True,0.8153
18,1,1484.86,642.37,88.03,41.54,87.98,41.57,True,0.851
18,2,1145.74,845.81,64.34,57.5,64.35,57.52,True,0.8783
18,3,1437.37,828.21,83.07,56.2,83.04,56.22,True,0.8559
18,4,1374.1,505.7,81.76,29.64,81.78,29.64,True,0.826
18,5,1178.82,529.06,67.85,31.75,67.83,31.73,True,0.7946
18,6,1674.91,445.96,104.01,24.11,103.99,24.14,True,0.7899
18,7,1353.29,362.8,81.63,16.04,81.66,16.01,True,0.7993
18,8,1710.44,485.45,105.88,27.79,105.87,27.82,False,0.7919
18,9,1577.09,642.04,94.28,41.51,94.28,41.49,True,0.8459
18,10,414.96,640.1,15.57,41.35,15.55,41.3,True,0.802
18,11,307.27,519.13,6.57,30.86,6.62,30.82,True,0.7767
18,12,262.78,846.24,8.08,57.53,8.04,57.57,True,0.7845
18,13,1047.9,308.03,59.13,10.47,59.12,10.42,True,0.7878
18,14,833.46,744.9,44.19,49.83,44.18,49.86,True,0.8329
18,15,657.4,388.22,30.28,18.55,30.22,18.57,True,0.7516
18,16,615.88,836.23,30.51,56.79,30.48,56.8,True,0.7793
18,17,197.73,435.86,-2.6,23.15,-2.64,23.11,False,0.796
18,18,339.57,266.58,5.02,6.12,4.98,6.12,True,0.6883
18,19,1200.31,441.5,69.84,23.69,69.83,23.71,True,0.727
18,20,1234.53,442.19,72.3,23.75,72.27,23.79,True,0.8195
19,1,1487.72,642.07,88.23,41.51,88.2,41.52,True,0.8487
19,2,1148.31,844.99,64.5,57.44,64.48,57.46,True,0.8773
19,3,1445.32,827.94,83.58,56.18,83.47,56.17,True,0.8686
19,4,1377.62,505.11,82.02,29.59,82.01,29.62,True,0.832
19,5,1180.43,528.86,67.96,31.73,67.95,31.72,True,0.799
19,6,1677.05,446.45,104.15,24.16,104.14,24.15,True,0.7984
19,7,1357.26,363.49,81.91,16.11,81.88,16.06,True,0.7981
19,8,1712.34,485.86,106.01,27.83,105.99,27.83,False,0.7872
19,9,1579.42,641.57,94.45,41.47,94.46,41.45,True,0.8505
19,10,416.4,641.42,15.69,41.46,15.67,41.43,True,0.8217
19,11,313.03,518.42,6.97,30.79,6.99,30.81,True,0.7953
19,12,276.04,846.6,8.93,57.56,8.87,57.59,True,0.8015
19,13,1050.64,307.17,59.34,10.38,59.32,10.41,True,0.7654
19,14,838.62,744.39,44.53,49.79,44.52,49.81,True,0.8357
19,15,659.69,388.54,30.45,18.59,30.42,18.57,True,0.7798
19,16,610.76,836.29,30.19,56.8,30.19,56.78,True,0.6908
19,17,199.42,435.3,-2.49,23.1,-2.46,23.14,False,0.7946
19,18,341.08,267.53,5.15,6.22,5.14,6.16,True,0.7151
19,19,1203.19,441.66,70.05,23.7,70.02,23.7,True,0.7613
19,20,1238.9,442.86,72.61,23.82,72.6,23.79,True,0.7995
20,1,1490.22,641.79,88.4,41.49,88.37,41.49,True,0.8592
20,2,1149.43,844.65,64.57,57.42,64.6,57.38,True,0.8857
20,3,1451.01,827.33,83.95,56.13,83.87,56.13,True,0.8599
20,4,1380.94,504.57,82.26,29.54,82.23,29.6,True,0.8351
20,5,1180.78,528.29,67.99,31.68,68.09,31.7,True,0.8093
20,6,1678.68,446.72,104.27,24.18,104.26,24.15,True,0.8071
20,7,1359.94,363.28,82.11,16.09,82.1,16.08,True,0.7915
20,8,1713.83,486.2,106.11,27.86,106.09,27.85,False,0.8017
20,9,1581.45,640.65,94.59,41.39,94.64,41.4,True,0.8589
20,10,417.14,642.56,15.75,41.55,15.78,41.56,True,0.814
20,11,319.51,518.18,7.42,30.77,7.37,30.79,True,0.8188
20,12,287.97,848.31,9.71,57.69,9.68,57.58,True,0.8325
20,13,1053.06,307.76,59.52,10.45,59.51,10.4,True,0.7853
20,14,843.66,744.31,44.86,49.78,44.84,49.73,True,0.8347
20,15,661.71,388.55,30.6,18.59,30.59,18.58,True,0.7935
20,16,605.76,835.82,29.86,56.76,29.89,56.78,True,0.7187
20,17,201.78,435.42,-2.32,23.11,-2.3,23.18,False,0.8202
20,18,342.7,267.69,5.27,6.24,5.29,6.18,True,0.7312
20,19,1205.57,441.25,70.22,23.67,70.19,23.64,True,0.7634
20,20,1243.09,443.43,72.91,23.87,72.91,23.78,True,0.7735
21,1,1492.47,641.38,88.56,41.46,88.52,41.47,True,0.863
21,2,1152.14,843.72,64.75,57.35,64.72,57.3,True,0.8719
21,3,1455.54,826.84,84.25,56.09,84.23,56.09,True,0.8609
21,4,1383.96,505.22,82.46,29.6,82.43,29.6,True,0.8317
21,5,1183.82,528.23,68.2,31.68,68.21,31.69,True,0.7998
21,6,1680.51,446.38,104.4,24.15,104.37,24.17,True,0.8081
21,7,1362.75,363.38,82.32,16.1,82.31,16.1,True,0.7674
21,8,1715.22,486.48,106.2,27.89,106.19,27.85,False,0.809
21,9,1584.56,639.89,94.82,41.33,94.86,41.33,True,0.86
21,10,418.88,643.83,15.88,41.66,15.9,41.67,True,0.8158
21,11,324.41,518.13,7.76,30.77,7.74,30.76,True,0.828
21,12,299.94,847.63,10.46,57.64,10.44,57.59,True,0.8404
21,13,1055.19,306.79,59.68,10.34,59.68,10.39,True,0.7819
21,14,848.34,743.81,45.17,49.74,45.16,49.66,True,0.836
21,15,663.72,388.43,30.75,18.58,30.75,18.6,True,0.7811
21,16,601.67,835.79,29.6,56.76,29.58,56.79,True,0.6767
21,17,204.04,436.55,-2.13,23.22,-2.14,23.23,False,0.8379
21,18,344.74,267.43,5.43,6.21,5.43,6.22,True,0.7314
21,19,1207.79,440.74,70.38,23.62,70.35,23.59,True,0.7276
21,20,1247.49,442.41,73.24,23.78,73.19,23.77,True,0.8021
22,1,1493.55,641.42,88.63,41.46,88.66,41.42,True,0.869
22,2,1153.57,841.78,64.85,57.2,64.83,57.17,True,0.866
22,3,1459.66,826.4,84.52,56.06,84.53,56.06,True,0.8686
22,4,1386.3,505.45,82.63,29.62,82.6,29.61,True,0.8285
22,5,1187.32,528.21,68.45,31.67,68.29,31.69,True,0.7947
22,6,1681.62,446.62,104.48,24.17,104.47,24.17,True,0.812
22,7,1365.33,363.0,82.52,16.06,82.5,16.11,True,0.7727
22,8,1716.1,486.2,106.27,27.86,106.28,27.87,False,0.8167
22,9,1588.17,639.24,95.07,41.28,95.1,41.26,True,0.8451
22,10,420.52,645.49,16.01,41.8,16.03,41.77,True,0.8143
22,11,329.74,517.76,8.13,30.74,8.09,30.75,True,0.809
22,12,311.99,845.68,11.21,57.49,11.18,57.63,True,0.8321
22,13,1057.58,307.15,59.86,10.38,59.84,10.38,True,0.8019
22,14,852.54,741.16,45.44,49.53,45.49,49.57,True,0.8269
22,15,665.6,388.82,30.89,18.61,30.9,18.61,True,0.7791
22,16,596.46,835.88,29.27,56.77,29.28,56.8,True,0.7166
22,17,206.04,437.58,-1.97,23.32,-1.95,23.32,False,0.8158
22,18,346.76,266.69,5.57,6.13,5.57,6.24,True,0.7343
22,19,1209.06,439.48,70.48,23.5,70.49,23.55,True,0.7544
22,20,1250.66,441.57,73.47,23.7,73.45,23.74,True,0.7972
23,1,1495.66,641.01,88.78,41.42,88.8,41.38,True,0.8593
23,2,1154.9,840.19,64.94,57.09,64.95,56.98,True,0.8661
23,3,1464.56,825.64,84.84,56.0,84.81,56.05,True,0.8737
23,4,1388.43,505.69,82.78,29.64,82.74,29.62,True,0.8312
23,5,1187.1,528.51,68.43,31.7,68.36,31.69,True,0.7822
23,6,1682.59,446.64,104.55,24.18,104.57,24.16,True,0.8152
23,7,1367.88,363.96,82.7,16.16,82.69,16.12,True,0.7444
23,8,1717.25,485.86,106.35,27.83,106.38,27.87,False,0.8061
23,9,1592.64,638.05,95.39,41.18,95.37,41.2,True,0.8497
23,10,422.44,646.67,16.16,41.9,16.19,41.84,True,0.8117
23,11,334.1,517.8,8.44,30.74,8.41,30.73,True,0.8115
23,12,322.71,846.81,11.9,57.58,11.89,57.66,True,0.8303
23,13,1059.32,307.35,60.0,10.4,60.0,10.35,True,0.8019
23,14,857.84,740.09,45.79,49.45,45.81,49.48,True,0.8125
23,15,667.86,389.02,31.05,18.63,31.05,18.6,True,0.7835
23,16,592.01,836.95,28.99,56.85,28.98,56.82,True,0.6567
23,17,208.52,438.61,-1.77,23.42,-1.76,23.4,False,0.7923
23,18,348.29,268.32,5.71,6.3,5.72,6.24,True,0.7215
23,19,1210.88,439.05,70.62,23.46,70.61,23.54,True,0.7827
23,20,1253.88,441.56,73.7,23.7,73.7,23.68,True,0.8066
24,1,1497.41,639.41,88.92,41.29,88.93,41.34,True,0.8588
24,2,1156.21,836.08,65.04,56.78,65.07,56.75,True,0.877
24,3,1468.43,825.84,85.08,56.02,85.08,56.03,True,0.8792
24,4,1389.91,505.58,82.88,29.63,82.88,29.62,True,0.834
24,5,1186.06,528.73,68.36,31.72,68.46,31.7,True,0.8049
24,6,1684.08,446.35,104.66,24.15,104.66,24.16,True,0.8093
24,7,1369.91,363.93,82.85,16.15,82.88,16.13,True,0.7722
24,8,1718.86,486.72,106.45,27.91,106.48,27.87,False,0.7968
24,9,1596.4,637.62,95.65,41.14,95.64,41.16,True,0.8541
24,10,425.22,647.17,16.35,41.94,16.35,41.89,True,0.8135
24,11,338.1,517.73,8.72,30.73,8.71,30.71,True,0.8069
24,12,333.34,849.21,12.61,57.75,12.58,57.7,True,0.8271
24,13,1061.31,306.57,60.15,10.32,60.16,10.35,True,0.7985
24,14,863.66,738.69,46.17,49.34,46.14,49.39,True,0.7887
24,15,670.01,389.01,31.21,18.63,31.21,18.59,True,0.7735
24,16,587.42,837.1,28.7,56.86,28.68,56.83,True,0.7006
24,17,211.38,439.62,-1.55,23.51,-1.58,23.46,False,0.7868
24,18,350.53,268.49,5.89,6.32,5.87,6.25,True,0.7157
24,19,1212.52,439.57,70.73,23.51,70.71,23.54,True,0.7989
24,20,1257.12,441.22,73.94,23.66,73.93,23.63,True,0.8182
25,1,1499.91,638.91,89.09,41.25,89.08,41.28,True,0.8536
25,2,1158.36,832.23,65.19,56.5,65.19,56.53,True,0.8724
25,3,1472.8,826.71,85.36,56.08,85.38,55.99,True,0.8647
25,4,1391.1,505.25,82.97,29.6,83.01,29.61,True,0.8392
25,5,1185.76,528.48,68.34,31.7,68.52,31.7,True,0.7911
25,6,1685.52,446.46,104.76,24.16,104.74,24.16,True,0.8168
25,7,1372.81,363.75,83.06,16.13,83.07,16.14,True,0.7734
25,8,1720.98,486.45,106.61,27.88,106.59,27.86,False,0.8012
25,9,1600.24,636.81,95.92,41.07,95.9,41.12,True,0.8385
25,10,428.04,646.98,16.54,41.92,16.54,41.92,True,0.8169
25,11,342.14,517.31,9.0,30.69,8.99,30.68,True,0.8112
25,12,343.23,850.28,13.25,57.83,13.26,57.77,True,0.8282
25,13,1063.22,306.63,60.29,10.33,60.32,10.35,True,0.8094
25,14,868.68,738.54,46.49,49.33,46.49,49.35,True,0.8076
25,15,672.26,388.14,31.37,18.55,31.38,18.56,True,0.7732
25,16,581.9,836.97,28.35,56.85,28.38,56.84,True,0.7364
25,17,213.51,439.97,-1.39,23.54,-1.4,23.51,False,0.7817
25,18,352.28,267.9,6.01,6.26,6.02,6.27,True,0.7192
25,19,1213.97,440.6,70.83,23.6,70.81,23.56,True,0.8127
25,20,1260.03,439.91,74.16,23.54,74.15,23.61,True,0.8284
26,1,1501.99,639.01,89.23,41.26,89.24,41.19,True,0.8507
26,2,1160.64,828.33,65.35,56.2,65.32,56.31,True,0.8736
26,3,1476.84,825.71,85.62,56.01,85.69,55.9,True,0.861
26,4,1393.64,505.3,83.15,29.61,83.13,29.58,True,0.8403
26,5,1191.2,528.54,68.72,31.7,68.64,31.71,True,0.7812
26,6,1686.61,446.51,104.84,24.16,104.85,24.16,True,0.8103
26,7,1375.64,363.7,83.27,16.13,83.25,16.13,True,0.7999
26,8,1722.32,486.06,106.71,27.85,106.73,27.85,False,0.8132
26,9,1603.82,637.2,96.16,41.11,96.14,41.12,True,0.8358
26,10,430.65,646.84,16.71,41.91,16.74,41.93,True,0.8118
26,11,345.8,516.84,9.25,30.65,9.27,30.65,True,0.8195
26,12,354.05,850.83,13.95,57.87,13.9,57.83,True,0.8213
26,13,1065.82,306.65,60.49,10.33,60.49,10.33,True,0.81
26,14,873.71,738.44,46.83,49.32,46.83,49.31,True,0.8172
26,15,674.54,387.77,31.53,18.51,31.56,18.53,True,0.7514
26,16,577.56,836.93,28.07,56.84,28.08,56.83,True,0.7018
26,17,215.64,439.86,-1.24,23.53,-1.23,23.55,False,0.7858
26,18,354.18,267.9,6.16,6.26,6.17,6.26,True,0.7083
26,19,1215.06,440.67,70.91,23.61,70.91,23.59,True,0.8089
26,20,1262.88,440.08,74.36,23.56,74.37,23.58,True,0.8194
27,1,1504.06,638.18,89.38,41.19,89.4,41.08,True,0.8462
27,2,1161.97,826.59,65.44,56.07,65.44,56.13,True,0.8709
27,3,1482.04,823.24,85.98,55.82,86.03,55.78,True,0.8569
27,4,1395.31,504.96,83.27,29.58,83.26,29.53,True,0.8401
27,5,1191.62,528.46,68.75,31.7,68.77,31.71,True,0.7781
27,6,1687.6,446.63,104.91,24.17,104.96,24.16,True,0.8095
27,7,1378.24,363.55,83.47,16.11,83.43,16.12,True,0.8163
27,8,1724.09,485.59,106.85,27.81,106.87,27.83,False,0.8197
27,9,1607.36,637.41,96.39,41.12,96.36,41.13,True,0.825
27,10,433.88,647.0,16.93,41.92,16.93,41.92,True,0.8009
27,11,349.84,516.19,9.53,30.59,9.56,30.62,True,0.8138
27,12,363.99,850.37,14.57,57.84,14.51,57.84,True,0.8061
27,13,1068.18,306.97,60.66,10.36,60.65,10.33,True,0.8068
27,14,878.67,738.21,47.15,49.3,47.15,49.29,True,0.8341
27,15,677.29,387.34,31.73,18.47,31.75,18.51,True,0.725
27,16,572.91,836.3,27.77,56.8,27.79,56.81,True,0.7562
27,17,218.38,440.01,-1.04,23.55,-1.1,23.55,False,0.7782
27,18,356.42,267.66,6.32,6.23,6.3,6.23,True,0.6804
27,19,1216.01,440.69,70.98,23.61,71.0,23.6,True,0.811
27,20,1265.84,440.42,74.57,23.59,74.62,23.54,True,0.8022
28,1,1506.17,635.2,89.56,40.94,89.57,40.94,True,0.8527
28,2,1163.76,825.55,65.56,56.0,65.56,55.99,True,0.8717
28,3,1488.08,819.86,86.4,55.57,86.38,55.63,True,0.869
28,4,1396.92,503.92,83.39,29.48,83.4,29.48,True,0.8363
28,5,1195.44,528.59,69.02,31.71,68.92,31.71,True,0.7957
28,6,1689.6,446.4,105.06,24.15,105.08,24.14,False,0.8186
28,7,1380.08,363.67,83.6,16.13,83.59,16.13,True,0.8199
28,8,1726.58,485.68,107.02,27.81,107.01,27.81,False,0.818
28,9,1610.16,638.08,96.57,41.18,96.57,41.15,True,0.8334
28,10,437.1,647.17,17.15,41.94,17.14,41.93,True,0.8002
28,11,354.75,515.97,9.87,30.57,9.88,30.61,True,0.7782
28,12,372.7,850.76,15.13,57.87,15.09,57.81,True,0.7944
28,13,1070.48,306.63,60.84,10.33,60.82,10.3,True,0.7851
28,14,883.83,738.01,47.49,49.28,47.45,49.26,True,0.8236
28,15,680.52,387.49,31.97,18.48,31.96,18.51,True,0.734
28,16,569.21,836.08,27.53,56.78,27.5,56.81,True,0.7369
28,17,219.72,440.55,-0.93,23.6,-0.96,23.57,False,0.7755
28,18,358.41,267.39,6.47,6.21,6.44,6.22,True,0.69
28,19,1217.62,440.59,71.09,23.6,71.09,23.61,True,0.8104
28,20,1269.36,439.91,74.83,23.54,74.88,23.53,True,0.8181
29,1,1508.34,633.17,89.73,40.77,89.75,40.78,True,0.8512
29,2,1165.34,823.82,65.67,55.87,65.66,55.9,True,0.8759
29,3,1493.78,817.52,86.79,55.4,86.74,55.5,True,0.8636
29,4,1398.88,503.01,83.54,29.4,83.53,29.41,True,0.8432
29,5,1195.59,528.76,69.03,31.72,68.96,31.7,True,0.786
29,6,1691.78,446.26,105.22,24.14,105.22,24.13,False,0.8248
29,7,1382.1,363.45,83.75,16.1,83.75,16.14,True,0.8279
29,8,1728.41,485.65,107.15,27.81,107.17,27.79,False,0.8148
29,9,1613.03,638.23,96.77,41.19,96.77,41.15,True,0.8482
29,10,439.92,647.06,17.34,41.93,17.34,41.96,True,0.806
29,11,358.95,516.45,10.17,30.62,10.23,30.59,True,0.7556
29,12,380.72,849.95,15.63,57.81,15.67,57.77,True,0.7923
29,13,1072.13,306.31,60.96,10.29,60.99,10.28,True,0.788
29,14,888.27,737.24,47.78,49.22,47.72,49.23,True,0.8401
29,15,683.16,388.11,32.17,18.54,32.19,18.51,True,0.7626
29,16,564.15,836.39,27.21,56.8,27.23,56.81,True,0.7104
29,17,220.47,440.06,-0.88,23.55,-0.82,23.59,False,0.7833
29,18,359.35,267.17,6.54,6.18,6.56,6.22,True,0.6733
29,19,1218.78,440.5,71.18,23.59,71.19,23.61,True,0.8116
29,20,1273.76,439.02,75.16,23.45,75.16,23.54,True,0.8301
30,1,1511.14,630.28,89.95,40.53,89.94,40.61,True,0.8476
30,2,1166.84,823.0,65.77,55.81,65.78,55.8,True,0.8765
30,3,1498.89,816.77,87.13,55.34,87.06,55.38,True,0.8442
30,4,1400.36,502.22,83.65,29.33,83.67,29.34,True,0.8375
30,5,1196.06,528.5,69.06,31.7,69.04,31.71,True,0.8174
30,6,1694.08,445.72,105.39,24.09,105.37,24.13,False,0.8268
30,7,1383.88,364.13,83.88,16.17,83.92,16.15,True,0.8148
30,8,1730.74,485.17,107.33,27.77,107.33,27.78,False,0.8089
30,9,1615.63,637.75,96.95,41.15,96.97,41.12,True,0.8487
30,10,443.02,647.61,17.56,41.97,17.55,41.98,True,0.8221
30,11,364.47,516.21,10.56,30.6,10.61,30.6,True,0.7631
30,12,389.79,848.17,16.19,57.68,16.25,57.74,True,0.8003
30,13,1074.53,305.47,61.15,10.21,61.17,10.27,True,0.7696
30,14,891.45,736.67,47.99,49.18,47.96,49.22,True,0.8469
30,15,686.58,388.31,32.42,18.56,32.44,18.53,True,0.7449
30,16,559.9,836.5,26.94,56.81,26.95,56.8,True,0.7377
30,17,222.92,440.7,-0.7,23.61,-0.7,23.6,False,0.778
30,18,361.24,267.5,6.69,6.22,6.68,6.23,True,0.6696
30,19,1220.18,441.14,71.27,23.66,71.3,23.6,True,0.8063
30,20,1278.34,439.68,75.48,23.52,75.45,23.54,True,0.844
31,1,1513.59,629.35,90.13,40.45,90.13,40.47,True,0.8447
31,2,1168.3,822.07,65.86,55.74,65.91,55.68,True,0.8804
31,3,1502.79,816.94,87.38,55.35,87.37,55.31,True,0.8555
31,4,1402.36,501.59,83.8,29.27,83.84,29.27,True,0.8472
31,5,1194.61,528.42,68.96,31.69,69.05,31.71,True,0.8031
31,6,1695.94,445.91,105.52,24.11,105.52,24.15,False,0.8243
31,7,1386.28,364.17,84.06,16.18,84.11,16.16,True,0.7915
31,8,1733.02,484.8,107.5,27.73,107.48,27.77,False,0.7999
31,9,1618.54,637.22,97.15,41.11,97.16,41.07,True,0.8437
31,10,445.54,648.39,17.74,42.04,17.77,42.01,True,0.8186
31,11,370.78,516.08,11.0,30.58,11.02,30.62,True,0.8127
31,12,399.9,847.57,16.83,57.63,16.84,57.72,True,0.8009
31,13,1077.03,305.59,61.34,10.22,61.35,10.27,True,0.763
31,14,894.46,736.67,48.19,49.18,48.18,49.2,True,0.8392
31,15,689.99,387.83,32.67,18.52,32.69,18.55,True,0.7443
31,16,556.11,836.93,26.7,56.84,26.69,56.8,True,0.7321
31,17,224.76,440.9,-0.56,23.63,-0.55,23.61,False,0.7753
31,18,362.09,267.91,6.76,6.26,6.81,6.27,True,0.689
31,19,1221.95,440.67,71.41,23.61,71.42,23.59,True,0.8229
31,20,1282.46,440.63,75.77,23.61,75.74,23.53,True,0.8725
32,1,1516.16,628.12,90.32,40.34,90.34,40.36,True,0.8476
32,2,1170.82,819.67,66.04,55.56,66.06,55.57,True,0.8883
32,3,1506.29,815.73,87.61,55.26,87.68,55.24,True,0.86
32,4,1404.76,501.04,83.98,29.22,84.03,29.22,True,0.8563
32,5,1197.3,528.62,69.15,31.71,69.06,31.71,True,0.8038
32,6,1697.83,446.62,105.65,24.17,105.68,24.17,False,0.8157
32,7,1389.87,363.96,84.32,16.16,84.32,16.17,True,0.7896
32,8,1734.98,485.17,107.63,27.77,107.65,27.77,False,0.7949
32,9,1621.98,635.82,97.41,40.99,97.35,41.0,True,0.8531
32,10,449.14,648.3,17.98,42.03,18.01,42.04,True,0.8062
32,11,376.87,516.67,11.44,30.64,11.46,30.62,True,0.7995
32,12,409.84,848.49,17.47,57.7,17.46,57.75,True,0.8068
32,13,1079.71,306.59,61.54,10.32,61.56,10.27,True,0.6926
32,14,896.88,737.28,48.35,49.23,48.41,49.14,True,0.8342
32,15,693.82,388.38,32.95,18.57,32.95,18.56,True,0.7629
32,16,551.46,836.09,26.39,56.78,26.47,56.78,True,0.6616
32,17,226.8,440.82,-0.41,23.63,-0.34,23.65,False,0.7535
32,18,364.36,268.28,6.94,6.3,6.98,6.3,True,0.6551
32,19,1223.76,440.05,71.54,23.55,71.57,23.57,True,0.826
32,20,1285.96,440.25,76.03,23.57,76.02,23.51,True,0.8571
33,1,1519.26,627.13,90.54,40.26,90.54,40.28,True,0.8451
33,2,1173.3,817.98,66.2,55.43,66.25,55.42,True,0.8843
33,3,1510.97,814.72,87.93,55.19,88.0,55.17,True,0.8695
33,4,1408.28,500.28,84.23,29.15,84.24,29.17,True,0.8427
33,5,1195.97,528.75,69.05,31.72,69.1,31.7,True,0.7885
33,6,1700.71,447.31,105.84,24.24,105.83,24.19,False,0.8043
33,7,1392.86,364.14,84.54,16.17,84.56,16.17,True,0.7769
33,8,1737.5,485.44,107.8,27.79,107.82,27.77,False,0.802
33,9,1623.79,634.85,97.54,40.91,97.54,40.91,True,0.8644
33,10,452.92,648.66,18.24,42.06,18.27,42.08,True,0.8151
33,11,383.54,517.1,11.91,30.68,11.93,30.62,True,0.7998
33,12,419.17,849.56,18.08,57.78,18.1,57.83,True,0.8019
33,13,1082.8,306.62,61.77,10.33,61.79,10.28,True,0.7851
33,14,900.66,736.92,48.6,49.2,48.68,49.03,True,0.8361
33,15,697.42,388.41,33.22,18.57,33.23,18.56,True,0.7701
33,16,548.9,835.73,26.23,56.76,26.28,56.74,True,0.7465
33,17,229.67,441.09,-0.2,23.65,-0.09,23.67,False,0.7695
33,18,366.33,269.15,7.1,6.39,7.19,6.32,True,0.706
33,19,1226.13,439.84,71.71,23.53,71.73,23.54,True,0.8305
33,20,1289.31,439.4,76.28,23.49,76.27,23.45,True,0.8362
34,1,1522.09,626.45,90.74,40.2,90.73,40.21,True,0.8487
34,2,1177.02,816.29,66.45,55.3,66.47,55.26,True,0.8805
34,3,1517.04,813.22,88.33,55.07,88.31,55.06,True,0.8739
34,4,1411.53,500.04,84.47,29.13,84.47,29.11,True,0.8333
34,5,1196.48,528.58,69.09,31.71,69.19,31.68,True,0.7852
34,6,1702.84,447.42,105.99,24.25,105.98,24.2,False,0.802
34,7,1396.16,364.01,84.79,16.16,84.84,16.17,True,0.7549
34,8,1739.94,485.21,107.98,27.77,107.98,27.77,False,0.8021
34,9,1625.97,634.14,97.7,40.85,97.72,40.81,True,0.8641
34,10,457.29,649.22,18.54,42.11,18.56,42.09,True,0.8048
34,11,390.66,516.34,12.4,30.61,12.41,30.6,True,0.7986
34,12,429.14,852.32,18.74,57.98,18.75,57.92,True,0.8025
34,13,1085.81,305.97,62.0,10.26,62.03,10.29,True,0.7922
34,14,906.0,733.42,48.94,48.92,48.98,48.86,True,0.8074
34,15,701.24,388.34,33.5,18.57,33.52,18.57,True,0.7481
34,16,546.9,835.04,26.1,56.7,26.1,56.69,True,0.7554
34,17,234.46,441.69,0.15,23.71,0.23,23.68,True,0.7434
34,18,370.42,268.42,7.41,6.32,7.44,6.3,True,0.7179
34,19,1228.9,439.69,71.91,23.52,71.88,23.5,True,0.8003
34,20,1292.56,437.78,76.52,23.34,76.5,23.36,True,0.8239
35,1,1525.1,625.65,90.95,40.14,90.92,40.13,True,0.8526
35,2,1180.56,813.44,66.69,55.09,66.69,55.05,True,0.8736
35,3,1522.94,811.76,88.73,54.96,88.62,54.94,True,0.8572
35,4,1414.84,499.38,84.71,29.07,84.72,29.05,True,0.8344
35,5,1199.03,527.96,69.27,31.65,69.25,31.64,True,0.7877
35,6,1704.85,446.95,106.15,24.2,106.14,24.17,False,0.8078
35,7,1400.54,364.36,85.11,16.2,85.12,16.18,True,0.7446
35,8,1742.74,485.22,108.18,27.77,108.15,27.76,False,0.7854
35,9,1628.38,632.32,97.89,40.7,97.87,40.7,True,0.8774
35,10,461.92,649.6,18.85,42.14,18.86,42.09,True,0.8113
35,11,397.74,516.39,12.9,30.61,12.9,30.56,True,0.7913
35,12,439.23,853.52,19.39,58.07,19.39,57.99,True,0.7877
35,13,1089.74,306.13,62.29,10.28,62.3,10.26,True,0.794
35,14,911.75,729.76,49.32,48.63,49.32,48.65,True,0.8019
35,15,705.65,388.37,33.82,18.57,33.8,18.55,True,0.7519
35,16,544.99,834.05,25.97,56.63,25.96,56.63,True,0.7534
35,17,240.29,441.85,0.58,23.72,0.59,23.67,True,0.7476
35,18,374.55,268.34,7.72,6.31,7.71,6.26,True,0.6714
35,19,1230.94,439.27,72.06,23.48,72.04,23.47,True,0.8058
35,20,1295.25,436.87,76.73,23.25,76.72,23.25,True,0.8271
36,1,1527.32,625.12,91.11,40.09,91.08,40.05,True,0.8471
36,2,1184.68,810.88,66.96,54.9,66.92,54.79,True,0.8788
36,3,1526.2,809.56,88.96,54.8,88.9,54.83,True,0.8605
36,4,1418.18,498.65,84.95,29.0,84.96,28.98,True,0.8404
36,5,1200.34,527.25,69.37,31.59,69.35,31.59,True,0.8049
36,6,1706.58,446.15,106.28,24.13,106.27,24.12,False,0.8082
36,7,1405.17,364.19,85.45,16.18,85.41,16.19,True,0.7625
36,8,1744.76,484.89,108.33,27.74,108.3,27.75,False,0.7807
36,9,1630.47,631.33,98.05,40.61,98.01,40.56,True,0.8901
36,10,466.62,649.23,19.17,42.11,19.16,42.06,True,0.8208
36,11,404.95,514.97,13.39,30.48,13.38,30.49,True,0.8019
36,12,449.76,853.65,20.06,58.08,20.04,58.04,True,0.8085
36,13,1093.33,305.99,62.57,10.26,62.56,10.23,True,0.7999
36,14,917.42,726.04,49.69,48.34,49.67,48.41,True,0.8082
36,15,709.46,388.28,34.1,18.56,34.08,18.51,True,0.7677
36,16,542.85,833.36,25.82,56.58,25.84,56.54,True,0.736
36,17,246.36,441.29,1.01,23.67,1.0,23.65,True,0.7579
36,18,378.54,267.37,8.01,6.2,8.0,6.2,True,0.6454
36,19,1232.79,438.73,72.2,23.43,72.18,23.44,True,0.8135
36,20,1297.76,435.81,76.92,23.15,76.93,23.15,True,0.8265
37,1,1528.9,623.84,91.24,39.98,91.22,39.96,True,0.8388
37,2,1187.47,806.13,67.16,54.54,67.12,54.46,True,0.872
37,3,1529.24,808.22,89.17,54.7,89.14,54.71,True,0.8647
37,4,1421.91,497.41,85.23,28.89,85.18,28.89,True,0.8378
37,5,1201.47,526.4,69.45,31.51,69.47,31.53,True,0.8137
37,6,1708.25,445.08,106.42,24.03,106.39,24.06,False,0.8066
37,7,1408.96,364.21,85.73,16.18,85.69,16.18,True,0.7795
37,8,1746.51,484.96,108.45,27.75,108.43,27.72,False,0.778
37,9,1631.7,629.18,98.16,40.43,98.15,40.4,True,0.8846
37,10,471.4,648.06,19.48,42.01,19.46,42.02,True,0.8063
37,11,412.46,514.23,13.91,30.42,13.85,30.41,True,0.8077
37,12,459.38,852.87,20.67,58.02,20.64,58.04,True,0.7838
37,13,1097.03,305.2,62.85,10.18,62.83,10.22,True,0.7893
37,14,922.82,723.65,50.04,48.15,50.02,48.19,True,0.8423
37,15,712.82,387.71,34.35,18.5,34.37,18.45,True,0.7717
37,16,541.03,831.87,25.7,56.47,25.72,56.44,True,0.7161
37,17,252.33,440.68,1.43,23.61,1.43,23.62,True,0.7576
37,18,382.76,266.31,8.32,6.09,8.3,6.18,True,0.7022
37,19,1234.11,438.47,72.3,23.4,72.31,23.39,True,0.824
37,20,1300.77,434.61,77.14,23.04,77.14,23.05,True,0.8378
38,1,1530.45,622.23,91.36,39.85,91.33,39.84,True,0.836
38,2,1189.64,800.36,67.33,54.1,67.31,54.14,True,0.8711
38,3,1531.5,807.35,89.32,54.63,89.33,54.55,True,0.8783
38,4,1424.6,496.37,85.43,28.79,85.38,28.81,True,0.8387
38,5,1203.36,525.89,69.59,31.47,69.57,31.47,True,0.8083
38,6,1709.56,444.66,106.53,23.99,106.49,24.0,False,0.8083
38,7,1412.41,364.53,85.99,16.21,85.94,16.16,True,0.8011
38,8,1747.86,484.51,108.56,27.71,108.54,27.68,False,0.7943
38,9,1632.73,626.69,98.26,40.22,98.27,40.25,True,0.8852
38,10,475.71,647.35,19.76,41.95,19.76,41.95,True,0.7998
38,11,417.88,513.21,14.28,30.32,14.34,30.3,True,0.7811
38,12,470.15,853.28,21.35,58.05,21.18,57.98,True,0.802
38,13,1100.36,305.18,63.1,10.18,63.07,10.19,True,0.7834
38,14,927.74,722.0,50.37,48.02,50.37,48.0,True,0.8456
38,15,716.84,386.23,34.63,18.36,34.66,18.38,True,0.7618
38,16,539.57,830.14,25.59,56.34,25.61,56.32,True,0.7068
38,17,258.3,440.16,1.85,23.56,1.85,23.57,True,0.6975
38,18,385.9,266.34,8.56,6.09,8.6,6.16,True,0.6583
38,19,1236.0,437.89,72.44,23.35,72.44,23.33,True,0.8271
38,20,1303.64,433.69,77.36,22.95,77.33,22.96,True,0.843
39,1,1531.14,620.69,91.43,39.72,91.43,39.68,True,0.8393
39,2,1191.6,794.99,67.48,53.69,67.46,53.81,True,0.8844
39,3,1534.12,804.93,89.52,54.45,89.55,54.37,True,0.8958
39,4,1426.41,495.44,85.57,28.71,85.56,28.72,True,0.8465
39,5,1204.42,525.35,69.66,31.42,69.67,31.41,True,0.8168
39,6,1710.2,444.17,106.58,23.94,106.57,23.94,False,0.8163
39,7,1414.96,363.62,86.18,16.12,86.15,16.15,True,0.8194
39,8,1748.89,483.83,108.64,27.64,108.63,27.63,False,0.8081
39,9,1633.86,624.58,98.37,40.05,98.39,40.1,True,0.8834
39,10,480.15,646.4,20.05,41.87,20.05,41.89,True,0.7928
39,11,425.26,512.16,14.79,30.23,14.85,30.2,True,0.7946
39,12,475.95,852.25,21.71,57.98,21.67,57.89,True,0.8131
39,13,1103.28,305.17,63.32,10.18,63.29,10.16,True,0.787
39,14,932.79,719.47,50.7,47.82,50.71,47.83,True,0.8408
39,15,721.0,385.27,34.93,18.26,34.96,18.31,True,0.7579
39,16,538.67,828.32,25.52,56.2,25.52,56.18,True,0.7329
39,17,264.63,439.68,2.3,23.52,2.26,23.51,True,0.7339
39,18,390.24,267.56,8.91,6.22,8.9,6.15,True,0.6724
39,19,1237.83,437.27,72.57,23.29,72.55,23.28,True,0.8208
39,20,1306.3,432.72,77.56,22.86,77.5,22.89,True,0.8476
40,1,1531.84,618.84,91.5,39.56,91.53,39.5,True,0.8411
40,2,1193.53,791.88,67.62,53.46,67.62,53.54,True,0.879
40,3,1536.32,801.42,89.7,54.18,89.81,54.19,True,0.8904
40,4,1428.26,494.8,85.71,28.65,85.73,28.65,True,0.8556
40,5,1206.15,524.85,69.79,31.37,69.82,31.34,True,0.8087
40,6,1710.94,443.57,106.64,23.89,106.64,23.89,False,0.8163
40,7,1417.16,363.44,86.35,16.1,86.35,16.16,True,0.8226
40,8,1749.76,482.9,108.72,27.56,108.71,27.56,False,0.8151
40,9,1635.48,623.34,98.5,39.94,98.55,39.96,True,0.8735
40,10,484.62,645.84,20.35,41.83,20.34,41.8,True,0.8066
40,11,433.58,510.29,15.35,30.06,15.35,30.1,True,0.8031
40,12,482.48,849.68,22.11,57.79,22.11,57.78,True,0.7779
40,13,1105.8,304.9,63.51,10.15,63.5,10.14,True,0.7818
40,14,938.3,717.34,51.06,47.65,51.07,47.67,True,0.8497
40,15,725.56,384.97,35.27,18.24,35.3,18.23,True,0.7181
40,16,537.06,826.03,25.4,56.03,25.46,56.03,True,0.7152
40,17,269.98,439.45,2.68,23.5,2.66,23.45,True,0.731
40,18,394.29,267.46,9.22,6.21,9.21,6.17,True,0.6995
40,19,1239.28,436.32,72.68,23.2,72.67,23.23,True,0.8225
40,20,1307.91,432.37,77.68,22.82,77.65,22.81,True,0.8486
41,1,1532.88,615.7,91.6,39.3,91.66,39.3,True,0.8379
41,2,1195.16,789.54,67.73,53.28,67.81,53.32,True,0.8816
41,3,1540.82,797.87,90.03,53.91,90.13,53.98,True,0.8664
41,4,1430.26,493.88,85.86,28.57,85.93,28.58,True,0.8533
41,5,1207.1,523.69,69.86,31.27,69.97,31.27,True,0.8125
41,6,1711.3,443.21,106.68,23.85,106.71,23.85,False,0.8215
41,7,1419.46,364.0,86.51,16.16,86.53,16.16,True,0.7986
41,8,1750.34,482.17,108.77,27.49,108.8,27.49,False,0.8189
41,9,1637.62,622.14,98.66,39.84,98.72,39.84,True,0.862
41,10,488.58,645.19,20.61,41.77,20.63,41.73,True,0.824
41,11,441.52,509.35,15.9,29.98,15.88,29.99,True,0.7997
41,12,488.78,847.19,22.49,57.6,22.47,57.62,True,0.7721
41,13,1107.96,304.67,63.68,10.12,63.73,10.11,True,0.8006
41,14,943.2,715.39,51.39,47.49,51.43,47.52,True,0.8395
41,15,730.72,384.39,35.64,18.18,35.67,18.19,True,0.7596
41,16,536.98,823.83,25.37,55.87,25.45,55.87,True,0.6611
41,17,275.18,438.09,3.03,23.37,3.05,23.4,True,0.7579
41,18,398.2,266.87,9.51,6.15,9.55,6.16,True,0.6667
41,19,1240.4,435.91,72.77,23.16,72.79,23.17,True,0.8229
41,20,1309.05,431.82,77.76,22.77,77.78,22.75,True,0.8455
42,1,1534.91,612.87,91.78,39.06,91.8,39.1,True,0.8381
42,2,1198.54,787.92,67.96,53.15,67.99,53.15,True,0.8878
42,3,1547.32,795.99,90.47,53.77,90.48,53.78,True,0.8629
42,4,1433.34,493.53,86.08,28.53,86.15,28.51,True,0.8458
42,5,1212.13,522.8,70.22,31.19,70.11,31.18,True,0.8034
42,6,1712.24,442.7,106.75,23.8,106.78,23.79,False,0.8225
42,7,1422.11,364.43,86.7,16.2,86.72,16.18,True,0.7903
42,8,1751.46,481.27,108.87,27.41,108.89,27.42,False,0.8166
42,9,1641.42,620.89,98.94,39.74,98.91,39.72,True,0.8599
42,10,493.28,643.13,20.91,41.6,20.94,41.67,True,0.8221
42,11,449.04,508.44,16.42,29.89,16.43,29.89,True,0.7773
42,12,495.4,845.35,22.89,57.47,22.82,57.43,True,0.8136
42,13,1110.99,304.24,63.91,10.08,63.97,10.08,True,0.7823
42,14,949.52,713.92,51.81,47.38,51.81,47.37,True,0.8461
42,15,736.12,383.77,36.04,18.12,36.07,18.14,True,0.7544
42,16,537.67,821.45,25.4,55.69,25.52,55.74,True,0.4907
42,17,280.97,437.36,3.44,23.3,3.45,23.34,True,0.7152
42,18,402.77,267.04,9.86,6.17,9.88,6.11,True,0.6754
42,19,1242.22,435.96,72.9,23.16,72.91,23.1,True,0.8138
42,20,1310.57,430.77,77.88,22.67,77.89,22.66,True,0.8596
43,1,1537.64,610.4,91.99,38.85,91.97,38.91,True,0.8323
43,2,1202.72,786.37,68.24,53.04,68.18,52.97,True,0.8713
43,3,1554.35,793.91,90.95,53.61,90.87,53.61,True,0.8554
43,4,1437.8,492.69,86.41,28.46,86.41,28.43,True,0.8361
43,5,1213.22,521.96,70.3,31.11,70.27,31.08,True,0.8221
43,6,1713.84,442.14,106.88,23.75,106.86,23.72,False,0.8216
43,7,1425.12,364.5,86.93,16.21,86.92,16.18,True,0.7938
43,8,1753.3,480.76,109.01,27.36,108.99,27.35,False,0.8183
43,9,1644.05,619.6,99.14,39.63,99.13,39.58,True,0.8579
43,10,498.15,642.76,21.24,41.57,21.24,41.62,True,0.8052
43,11,456.58,507.46,16.95,29.8,17.0,29.79,True,0.7472
43,12,499.99,842.86,23.16,57.28,23.15,57.24,True,0.7827
43,13,1115.04,303.87,64.21,10.04,64.24,10.04,True,0.7744
43,14,955.61,712.38,52.21,47.25,52.19,47.22,True,0.8445
43,15,742.33,383.96,36.49,18.14,36.49,18.09,True,0.7598
43,16,540.6,819.74,25.57,55.56,25.68,55.6,True,0.5384
43,17,286.26,437.34,3.82,23.3,3.85,23.28,True,0.7328
43,18,407.84,265.8,10.23,6.04,10.22,6.04,True,0.5942
43,19,1243.92,434.7,73.03,23.04,73.04,23.0,True,0.8097
43,20,1312.47,430.13,78.03,22.61,77.99,22.56,True,0.8541
44,1,1539.65,609.21,92.15,38.74,92.16,38.74,True,0.8422
44,2,1205.01,783.37,68.4,52.81,68.37,52.79,True,0.855
44,3,1558.96,791.85,91.27,53.45,91.23,53.45,True,0.8705
44,4,1441.6,491.54,86.69,28.35,86.7,28.34,True,0.833
44,5,1214.42,520.36,70.39,30.97,70.44,30.99,True,0.8043
44,6,1714.34,441.0,106.94,23.64,106.96,23.65,False,0.8231
44,7,1427.34,364.46,87.09,16.21,87.13,16.17,True,0.798
44,8,1754.14,479.9,109.09,27.28,109.1,27.28,False,0.8204
44,9,1646.2,617.46,99.31,39.45,99.34,39.41,True,0.858
44,10,503.12,642.84,21.57,41.58,21.56,41.56,True,0.8124
44,11,465.18,506.58,17.54,29.72,17.59,29.69,True,0.7782
44,12,505.27,839.32,23.47,57.02,23.48,57.05,True,0.7822
44,13,1119.27,303.44,64.54,10.0,64.54,10.01,True,0.7592
44,14,961.4,710.24,52.59,47.08,52.58,47.04,True,0.8545
44,15,748.02,382.9,36.91,18.03,36.91,18.04,True,0.7605
44,16,544.91,819.52,25.85,55.55,25.76,55.53,True,0.4877
44,17,292.44,436.88,4.26,23.25,4.26,23.21,True,0.7428
44,18,412.29,265.21,10.56,5.97,10.6,5.98,True,0.6182
44,19,1245.47,433.62,73.15,22.94,73.19,22.89,True,0.841
44,20,1313.24,428.41,78.1,22.44,78.1,22.43,True,0.8465
45,1,1542.28,607.55,92.35,38.6,92.33,38.59,True,0.8349
45,2,1207.17,780.48,68.55,52.58,68.56,52.59,True,0.86
45,3,1563.78,789.64,91.61,53.29,91.56,53.29,True,0.8707
45,4,1445.9,490.24,87.01,28.23,87.0,28.25,True,0.8335
45,5,1217.12,519.35,70.59,30.88,70.58,30.89,True,0.8117
45,6,1715.92,440.09,107.07,23.56,107.07,23.58,False,0.8249
45,7,1430.98,363.44,87.37,16.1,87.36,16.13,True,0.8064
45,8,1755.55,479.16,109.2,27.21,109.23,27.21,False,0.8173
45,9,1649.6,615.0,99.58,39.24,99.53,39.23,True,0.8502
45,10,507.59,642.64,21.87,41.56,21.89,41.52,True,0.8164
45,11,474.79,504.99,18.2,29.58,18.19,29.58,True,0.7774
45,12,510.2,836.78,23.76,56.83,23.8,56.84,True,0.7861
45,13,1123.73,303.14,64.87,9.97,64.84,9.98,True,0.7627
45,14,966.9,708.14,52.96,46.91,52.96,46.83,True,0.851
45,15,754.08,382.36,37.35,17.98,37.34,17.99,True,0.7713
45,16,551.04,816.48,26.22,55.32,25.88,55.48,True,0.5364
45,17,298.66,435.92,4.7,23.16,4.69,23.13,True,0.7406
45,18,417.48,264.34,10.95,5.88,10.98,5.91,True,0.6722
45,19,1248.2,431.25,73.36,22.72,73.35,22.76,True,0.8328
45,20,1314.38,426.93,78.19,22.3,78.2,22.3,True,0.843
45,23,551.86,813.85,26.25,55.12,26.62,55.07,True,0.4103
46,1,1544.3,605.59,92.51,38.44,92.5,38.47,True,0.851
46,2,1209.38,777.89,68.71,52.39,68.72,52.33,True,0.8649
46,3,1566.96,787.8,91.83,53.14,91.85,53.13,True,0.8704
46,4,1450.04,489.14,87.31,28.13,87.27,28.13,True,0.837
46,5,1218.76,518.44,70.71,30.8,70.72,30.79,True,0.8133
46,6,1717.07,439.24,107.16,23.48,107.18,23.51,False,0.8293
46,7,1433.81,363.52,87.58,16.11,87.58,16.07,True,0.8057
46,8,1757.48,478.62,109.35,27.16,109.35,27.11,False,0.8004
46,9,1651.07,612.09,99.72,38.99,99.73,39.03,True,0.8438
46,10,512.62,641.9,22.21,41.5,22.22,41.47,True,0.8223
46,11,483.74,503.71,18.82,29.46,18.79,29.46,True,0.7828
46,12,516.5,834.0,24.14,56.63,24.12,56.61,True,0.7822
46,13,1127.62,303.14,65.17,9.97,65.13,9.94,True,0.693
46,14,972.32,703.91,53.32,46.57,53.33,46.6,True,0.8546
46,15,759.92,381.83,37.78,17.93,37.74,17.9,True,0.8045
46,17,304.59,434.51,5.1,23.03,5.14,23.05,True,0.7258
46,18,423.14,264.11,11.38,5.86,11.37,5.85,True,0.5585
46,19,1250.17,430.03,73.52,22.6,73.51,22.62,True,0.8282
46,20,1315.62,425.03,78.3,22.12,78.3,22.15,True,0.8425
46,23,558.05,814.98,26.66,55.2,26.79,54.98,True,0.5647
47,1,1546.39,604.28,92.67,38.32,92.67,38.33,True,0.8465
47,2,1212.02,774.46,68.9,52.12,68.88,52.06,True,0.8682
47,3,1571.1,785.48,92.13,52.97,92.14,52.96,True,0.8476
47,4,1453.58,488.53,87.57,28.08,87.54,28.01,True,0.8318
47,5,1221.51,517.38,70.91,30.7,70.87,30.67,True,0.8012
47,6,1719.02,439.06,107.31,23.46,107.29,23.43,False,0.8277
47,7,1436.91,362.58,87.82,16.02,87.81,15.99,True,0.7995
47,8,1759.01,477.17,109.48,27.03,109.49,27.0,False,0.7925
47,9,1653.48,610.11,99.92,38.82,99.94,38.83,True,0.8416
47,10,517.84,640.54,22.55,41.39,22.56,41.39,True,0.8112
47,11,492.82,502.42,19.45,29.35,19.36,29.3,True,0.8154
47,12,521.83,831.2,24.46,56.42,24.43,56.38,True,0.7874
47,13,1130.76,302.77,65.41,9.93,65.42,9.89,True,0.7759
47,14,978.15,701.01,53.71,46.34,53.71,46.37,True,0.8299
47,15,765.13,381.03,38.16,17.85,38.11,17.81,True,0.7914
47,17,311.35,433.36,5.57,22.92,5.57,22.97,True,0.7449
47,18,428.46,263.43,11.77,5.78,11.76,5.78,True,0.6659
47,19,1252.32,428.88,73.68,22.49,73.7,22.48,True,0.8201
47,20,1316.79,424.06,78.39,22.03,78.41,21.99,True,0.8392
47,23,563.1,810.86,26.95,54.89,27.0,54.83,True,0.5826
48,1,1548.46,603.59,92.82,38.27,92.83,38.16,True,0.8483
48,2,1213.88,769.94,69.04,51.77,69.06,51.74,True,0.8576
48,3,1575.01,783.26,92.41,52.8,92.43,52.78,True,0.8575
48,4,1455.91,486.17,87.76,27.86,87.78,27.89,True,0.8231
48,5,1222.7,516.21,71.0,30.6,71.01,30.54,True,0.8005
48,6,1720.22,438.47,107.41,23.4,107.41,23.35,False,0.8272
48,7,1439.58,361.66,88.03,15.93,88.03,15.9,True,0.8032
48,8,1760.77,475.48,109.64,26.87,109.64,26.88,False,0.7891
48,9,1656.3,608.33,100.14,38.67,100.12,38.64,True,0.8413
48,10,523.45,639.59,22.92,41.31,22.92,41.27,True,0.8012
48,11,499.98,500.48,19.94,29.17,19.88,29.17,True,0.7942
48,12,526.77,827.63,24.75,56.15,24.76,56.16,True,0.7849
48,13,1134.02,301.96,65.66,9.84,65.7,9.82,True,0.7929
48,14,983.7,697.92,54.08,46.09,54.1,46.11,True,0.8188
48,15,770.05,379.44,38.51,17.69,38.47,17.7,True,0.7863
48,17,318.04,433.11,6.05,22.89,6.0,22.87,True,0.7401
48,18,433.77,263.22,12.18,5.76,12.15,5.68,True,0.6564
48,19,1254.73,427.55,73.86,22.36,73.88,22.35,True,0.8194
48,20,1318.39,422.45,78.52,21.87,78.54,21.81,True,0.8272
48,23,568.6,808.25,27.29,54.7,27.37,54.63,True,0.5753
49,1,1550.27,600.85,92.98,38.03,92.98,37.97,True,0.8407
49,2,1216.03,765.74,69.2,51.45,69.27,51.34,True,0.8745
49,3,1579.54,780.73,92.73,52.6,92.74,52.57,True,0.8674
49,4,1459.51,485.01,88.03,27.75,88.0,27.72,True,0.8187
49,5,1224.49,513.9,71.14,30.39,71.17,30.4,True,0.8125
49,6,1721.39,436.98,107.52,23.26,107.53,23.25,False,0.8241
49,7,1442.35,360.49,88.25,15.81,88.27,15.77,True,0.8004
49,8,1762.44,473.76,109.79,26.71,109.79,26.76,False,0.7924
49,9,1658.65,605.66,100.34,38.44,100.32,38.47,True,0.8427
49,10,528.66,638.21,23.26,41.19,23.3,41.14,True,0.826
49,11,506.42,498.11,20.37,28.95,20.39,29.01,True,0.7956
49,12,531.9,824.18,25.05,55.89,25.09,55.93,True,0.7918
49,13,1138.08,301.09,65.97,9.75,65.99,9.72,True,0.802
49,14,989.72,695.82,54.48,45.92,54.5,45.88,True,0.818
49,15,773.69,378.34,38.77,17.58,38.81,17.58,True,0.7706
49,17,323.23,432.58,6.42,22.84,6.44,22.79,True,0.753
49,18,438.64,261.86,12.53,5.62,12.54,5.56,True,0.6879
49,19,1257.26,426.24,74.06,22.24,74.08,22.22,True,0.8227
49,20,1319.94,419.68,78.66,21.61,78.67,21.63,True,0.8342
50,1,1552.1,597.33,93.15,37.73,93.13,37.77,True,0.8313
50,2,1219.65,759.3,69.47,50.95,69.49,50.91,True,0.8628
50,3,1583.99,778.03,93.05,52.4,93.07,52.31,True,0.8821
50,4,1461.76,483.45,88.21,27.61,88.23,27.54,True,0.8203
50,5,1226.73,512.05,71.31,30.22,71.31,30.23,True,0.8145
50,6,1722.76,435.57,107.64,23.13,107.66,23.12,False,0.82
50,7,1445.0,358.54,88.47,15.61,88.52,15.64,True,0.8195
50,8,1764.43,473.07,109.95,26.65,109.95,26.63,False,0.7985
50,9,1660.54,603.92,100.49,38.29,100.52,38.28,True,0.8221
50,10,535.18,635.59,23.68,40.97,23.7,40.98,True,0.821
50,11,513.16,497.55,20.84,28.9,20.87,28.82,True,0.8027
50,12,537.79,821.89,25.41,55.72,25.43,55.7,True,0.7873
50,13,1142.35,299.54,66.3,9.59,66.29,9.6,True,0.782
50,14,996.1,692.44,54.91,45.65,54.89,45.65,True,0.832
50,15,778.79,376.88,39.14,17.44,39.15,17.42,True,0.7984
50,17,329.28,430.98,6.84,22.69,6.87,22.7,True,0.7338
50,18,443.78,259.63,12.9,5.38,12.91,5.43,True,0.644
50,19,1260.18,424.29,74.28,22.05,74.29,22.07,True,0.8247
50,20,1321.8,417.78,78.81,21.43,78.81,21.43,True,0.8333
50,23,577.77,802.28,27.83,54.25,27.72,54.35,True,0.6391
51,1,1553.46,594.53,93.28,37.49,93.28,37.53,True,0.8363
51,2,1223.22,752.13,69.74,50.39,69.72,50.51,True,0.8575
51,3,1588.1,774.17,93.37,52.1,93.42,52.01,True,0.8766
51,4,1464.44,480.35,88.44,27.32,88.47,27.36,True,0.8299
51,5,1228.97,510.36,71.48,30.07,71.49,30.08,True,0.8116
51,6,1724.12,434.05,107.77,22.98,107.81,22.99,False,0.8462
51,7,1448.76,357.23,88.77,15.48,88.78,15.5,True,0.8338
51,8,1766.22,471.86,110.1,26.54,110.11,26.5,False,0.8057
51,9,1663.4,601.84,100.72,38.12,100.7,38.09,True,0.8374
51,10,541.29,633.84,24.08,40.82,24.12,40.8,True,0.8064
51,11,520.48,495.39,21.34,28.7,21.38,28.63,True,0.7992
51,12,543.94,818.75,25.78,55.49,25.77,55.46,True,0.7856
51,13,1146.54,298.42,66.62,9.47,66.6,9.47,True,0.7835
51,14,1001.89,689.35,55.3,45.4,55.29,45.42,True,0.8188
51,15,783.44,375.69,39.48,17.32,39.51,17.27,True,0.7725
51,17,336.14,430.38,7.32,22.63,7.29,22.58,True,0.7489
51,18,449.39,258.69,13.31,5.28,13.3,5.3,True,0.6553
51,19,1263.31,423.15,74.52,21.94,74.51,21.91,True,0.8158
51,20,1323.72,415.33,78.97,21.19,78.97,21.23,True,0.8325
51,23,582.28,800.16,28.11,54.09,28.09,54.11,True,0.632
52,1,1555.16,592.84,93.41,37.34,93.43,37.27,True,0.836
52,2,1226.57,747.17,69.98,50.0,69.96,50.11,True,0.8542
52,3,1593.4,768.56,93.78,51.67,93.8,51.68,True,0.8546
52,4,1467.6,478.52,88.69,27.15,88.72,27.16,True,0.8343
52,5,1231.08,508.37,71.64,29.89,71.67,29.92,True,0.8083
52,6,1726.66,432.67,107.98,22.85,107.98,22.85,False,0.8464
52,7,1452.57,355.9,89.06,15.35,89.05,15.36,True,0.8321
52,8,1768.16,470.19,110.27,26.38,110.27,26.37,False,0.7998
52,9,1665.48,599.17,100.9,37.89,100.88,37.92,True,0.8484
52,10,548.65,631.31,24.56,40.61,24.55,40.6,True,0.8082
52,11,528.66,491.98,21.88,28.39,21.91,28.44,True,0.7849
52,12,550.12,815.82,26.15,55.27,26.1,55.22,True,0.7969
52,13,1150.38,297.11,66.92,9.34,66.92,9.31,True,0.7691
52,14,1007.6,686.65,55.68,45.18,55.68,45.19,True,0.8125
52,15,788.82,373.33,39.87,17.09,39.89,17.11,True,0.742
52,17,342.28,428.23,7.74,22.43,7.73,22.43,True,0.7477
52,18,453.94,257.34,13.64,5.13,13.7,5.16,True,0.6406
52,19,1265.94,421.43,74.72,21.78,74.73,21.73,True,0.8078
52,20,1325.52,413.88,79.11,21.05,79.15,21.08,True,0.8346
52,23,587.57,796.37,28.43,53.8,28.47,53.86,True,0.522
53,1,1556.84,589.49,93.57,37.06,93.6,37.0,True,0.8253
53,2,1229.51,743.79,70.19,49.74,70.2,49.77,True,0.8552
53,3,1598.42,763.67,94.17,51.29,94.2,51.33,True,0.8578
53,4,1471.18,476.45,88.97,26.96,89.0,26.96,True,0.8374
53,5,1234.14,507.54,71.86,29.81,71.88,29.75,True,0.8282
53,6,1728.55,431.16,108.14,22.71,108.17,22.71,False,0.8346
53,7,1456.3,354.7,89.36,15.23,89.33,15.23,True,0.8315
53,8,1770.04,468.6,110.43,26.23,110.43,26.23,False,0.7935
53,9,1667.26,597.13,101.06,37.71,101.08,37.73,True,0.8546
53,10,555.62,628.93,25.01,40.41,24.98,40.4,True,0.7864
53,11,536.96,490.09,22.45,28.22,22.46,28.2,True,0.7838
53,12,555.1,811.52,26.44,54.94,26.44,54.96,True,0.7964
53,13,1154.03,295.64,67.2,9.18,67.24,9.15,True,0.7377
53,14,1013.45,684.1,56.07,44.97,56.06,44.97,True,0.8313
53,15,794.34,371.87,40.27,16.94,40.31,16.92,True,0.7399
53,17,348.28,426.93,8.15,22.3,8.18,22.26,True,0.7475
53,18,460.18,256.97,14.12,5.09,14.12,5.01,True,0.6573
53,19,1269.14,418.89,74.97,21.53,74.97,21.54,True,0.7995
53,20,1328.21,412.2,79.32,20.89,79.34,20.92,True,0.842
53,23,593.66,795.06,28.81,53.7,28.8,53.64,True,0.5972
54,1,1558.7,585.82,93.75,36.74,93.78,36.72,True,0.8307
54,2,1232.91,740.59,70.44,49.49,70.44,49.51,True,0.8608
54,3,1604.48,758.88,94.62,50.92,94.61,50.97,True,0.8495
54,4,1475.23,474.41,89.28,26.77,89.29,26.78,True,0.8346
54,5,1236.86,505.28,72.07,29.61,72.1,29.58,True,0.8374
54,6,1731.2,429.75,108.36,22.57,108.39,22.58,False,0.8211
54,7,1459.26,353.73,89.59,15.13,89.6,15.1,True,0.8305
54,8,1771.8,466.77,110.59,26.06,110.61,26.07,False,0.7926
54,9,1669.62,595.85,101.24,37.6,101.27,37.54,True,0.841
54,10,561.6,626.5,25.4,40.21,25.41,40.18,True,0.819
54,11,545.27,487.63,23.02,27.99,23.04,27.96,True,0.7639
54,12,559.76,808.05,26.72,54.68,26.77,54.7,True,0.8027
54,13,1158.65,293.55,67.56,8.97,67.58,8.99,True,0.7996
54,14,1018.9,681.64,56.44,44.77,56.43,44.73,True,0.8637
54,15,800.4,369.88,40.71,16.74,40.76,16.73,True,0.771
54,17,355.12,424.73,8.62,22.09,8.63,22.07,True,0.7179
54,18,465.49,255.5,14.51,4.93,14.54,4.86,True,0.6258
54,19,1271.78,417.09,75.18,21.36,75.2,21.34,True,0.8145
54,20,1330.96,411.62,79.53,20.83,79.56,20.77,True,0.8485
54,23,599.78,792.11,29.19,53.47,29.14,53.4,True,0.3939
55,1,1561.32,581.56,93.98,36.37,93.99,36.42,True,0.8461
55,2,1236.3,737.53,70.67,49.25,70.68,49.29,True,0.8736
55,3,1610.34,755.62,95.05,50.66,94.98,50.67,True,0.8423
55,4,1479.47,472.43,89.6,26.59,89.6,26.62,True,0.8357
55,5,1240.59,502.79,72.35,29.38,72.33,29.43,True,0.8294
55,6,1734.4,428.33,108.62,22.44,108.59,22.46,False,0.8125
55,7,1462.78,352.01,89.87,14.96,89.86,14.98,True,0.8211
55,8,1773.9,465.3,110.77,25.93,110.79,25.92,False,0.8105
55,9,1672.62,592.86,101.49,37.35,101.46,37.36,True,0.8344
55,10,568.34,623.37,25.83,39.94,25.82,39.96,True,0.8036
55,11,553.74,484.35,23.59,27.69,23.65,27.78,True,0.7545
55,12,566.05,804.77,27.1,54.43,27.09,54.43,True,0.7962
55,13,1163.14,291.99,67.91,8.8,67.92,8.85,True,0.7963
55,14,1024.53,678.36,56.82,44.51,56.81,44.48,True,0.8494
55,15,807.28,367.31,41.21,16.49,41.22,16.54,True,0.7462
55,17,362.05,422.43,9.09,21.87,9.09,21.88,True,0.7707
55,18,472.56,252.8,15.02,4.64,14.98,4.7,True,0.6771
55,19,1275.26,414.46,75.45,21.11,75.45,21.13,True,0.8115
55,20,1334.29,409.75,79.79,20.65,79.81,20.61,True,0.8431
55,23,604.64,787.98,29.47,53.16,29.52,53.18,True,0.6357
56,1,1563.89,578.09,94.21,36.07,94.23,36.15,True,0.8392
56,2,1240.08,735.38,70.93,49.08,70.93,49.07,True,0.877
56,3,1615.0,751.18,95.41,50.32,95.35,50.39,True,0.8387
56,4,1483.78,470.95,89.93,26.45,89.91,26.45,True,0.8259
56,5,1243.86,500.93,72.59,29.21,72.58,29.26,True,0.8242
56,6,1737.31,427.39,108.84,22.35,108.81,22.33,False,0.8235
56,7,1465.84,350.78,90.11,14.84,90.11,14.88,True,0.8293
56,8,1776.42,463.57,110.98,25.76,110.99,25.78,False,0.8034
56,9,1674.84,590.75,101.67,37.16,101.66,37.17,True,0.8382
56,10,574.55,620.98,26.23,39.74,26.24,39.73,True,0.8145
56,11,563.42,482.63,24.27,27.53,24.3,27.59,True,0.7727
56,12,571.66,801.1,27.43,54.16,27.41,54.18,True,0.8035
56,13,1167.99,290.52,68.29,8.65,68.28,8.7,True,0.7893
56,14,1029.35,675.06,57.15,44.24,57.19,44.23,True,0.8459
56,15,814.59,366.08,41.74,16.37,41.71,16.38,True,0.7297
56,17,368.98,420.29,9.56,21.67,9.57,21.71,True,0.7599
56,18,477.79,251.59,15.4,4.51,15.43,4.56,True,0.6192
56,19,1278.55,412.68,75.7,20.93,75.7,20.93,True,0.8221
56,20,1337.82,407.68,80.07,20.45,80.07,20.44,True,0.827
56,23,610.44,784.25,29.82,52.87,29.91,52.91,True,0.6951
57,1,1567.18,575.86,94.46,35.88,94.47,35.92,True,0.839
57,2,1243.21,732.76,71.16,48.87,71.19,48.82,True,0.8673
57,3,1618.54,749.05,95.67,50.15,95.71,50.14,True,0.8602
57,4,1487.82,469.77,90.23,26.34,90.22,26.29,True,0.8372
57,5,1246.62,500.17,72.79,29.14,72.82,29.11,True,0.8244
57,6,1739.31,426.1,109.01,22.22,109.01,22.22,False,0.8251
57,7,1469.1,350.04,90.37,14.76,90.36,14.78,True,0.8281
57,8,1778.86,461.99,111.19,25.62,111.18,25.67,False,0.8171
57,9,1676.86,588.35,101.85,36.96,101.85,36.95,True,0.8497
57,10,581.06,617.82,26.65,39.48,26.67,39.5,True,0.8107
57,11,572.86,481.74,24.93,27.45,24.95,27.43,True,0.7901
57,12,577.0,798.18,27.75,53.94,27.75,53.93,True,0.8215
57,13,1172.58,290.32,68.64,8.63,68.64,8.59,True,0.7722
57,14,1035.6,671.24,57.57,43.92,57.56,43.94,True,0.8532
57,15,820.58,364.08,42.18,16.17,42.2,16.25,True,0.6928
57,17,375.71,418.37,10.02,21.48,10.07,21.55,True,0.7651
57,18,483.78,250.09,15.84,4.35,15.88,4.42,True,0.6473
57,19,1281.62,410.22,75.95,20.7,75.96,20.73,True,0.836
57,20,1341.16,405.6,80.33,20.25,80.32,20.25,True,0.817
57,23,617.84,781.7,30.29,52.68,30.33,52.65,True,0.5426
57,24,694.31,1078.57,36.64,73.61,37.01,73.62,False,0.7363
58,1,1570.93,573.94,94.75,35.71,94.71,35.75,True,0.8709
58,2,1247.57,729.84,71.46,48.64,71.45,48.57,True,0.8678
58,3,1622.66,745.91,95.98,49.9,96.05,49.9,True,0.8609
58,4,1491.56,467.33,90.53,26.12,90.54,26.15,True,0.8304
58,5,1251.08,498.39,73.12,28.98,73.06,28.99,True,0.8254
58,6,1741.71,424.64,109.21,22.08,109.19,22.11,False,0.8177
58,7,1472.36,349.53,90.61,14.71,90.6,14.69,True,0.8323
58,8,1781.7,460.84,111.41,25.51,111.37,25.57,False,0.8083
58,9,1679.05,586.25,102.03,36.78,102.02,36.74,True,0.8482
58,10,587.96,615.59,27.1,39.29,27.11,39.3,True,0.8371
58,11,583.43,480.24,25.67,27.31,25.62,27.3,True,0.8058
58,12,581.85,795.09,28.05,53.7,28.09,53.69,True,0.8142
58,13,1177.39,288.82,69.01,8.47,69.01,8.48,True,0.725
58,14,1041.32,668.33,57.96,43.69,57.93,43.65,True,0.8562
58,15,827.58,363.95,42.7,16.15,42.68,16.13,True,0.717
58,17,383.54,417.72,10.58,21.42,10.57,21.41,True,0.7802
58,18,490.54,250.2,16.37,4.36,16.32,4.32,True,0.6917
58,19,1285.21,408.94,76.22,20.57,76.22,20.58,True,0.8307
58,20,1344.68,403.28,80.61,20.02,80.57,20.06,True,0.8329
58,23,626.0,777.96,30.79,52.39,30.81,52.38,True,0.641
58,24,701.1,1078.64,37.04,73.61,37.2,73.63,False,0.8286
59,1,1573.68,572.57,94.96,35.59,94.93,35.62,True,0.8643
59,2,1251.22,725.29,71.73,48.28,71.72,48.31,True,0.867
59,3,1628.73,742.77,96.42,49.66,96.38,49.68,True,0.8586
59,4,1495.4,465.77,90.83,25.97,90.85,26.02,True,0.825
59,5,1253.11,497.07,73.27,28.86,73.29,28.87,True,0.8309
59,6,1743.28,423.69,109.35,21.99,109.36,22.01,False,0.8073
59,7,1475.16,348.79,90.83,14.64,90.85,14.62,True,0.8382
59,8,1783.52,460.8,111.55,25.51,111.55,25.5,False,0.8062
59,9,1680.73,583.33,102.19,36.52,102.19,36.5,True,0.8425
59,10,594.9,613.02,27.56,39.07,27.56,39.12,True,0.8224
59,11,592.46,478.43,26.3,27.15,26.27,27.18,True,0.8155
59,12,588.2,791.49,28.43,53.43,28.43,53.45,True,0.7857
59,13,1182.1,288.0,69.37,8.38,69.36,8.42,True,0.7615
59,14,1046.28,664.27,58.3,43.35,58.31,43.35,True,0.8778
59,15,834.24,363.18,43.19,16.08,43.15,16.03,True,0.7522
59,17,390.96,416.51,11.1,21.3,11.07,21.3,True,0.7626
59,18,496.0,248.83,16.77,4.22,16.78,4.24,True,0.6747
59,19,1288.74,406.63,76.49,20.35,76.47,20.45,True,0.8293
59,20,1347.04,401.75,80.79,19.88,80.81,19.9,True,0.83
59,23,633.88,774.6,31.28,52.13,31.34,52.13,True,0.6729
59,24,706.4,1079.21,37.36,73.65,37.4,73.62,False,0.7888
60,1,1576.31,571.36,95.15,35.49,95.14,35.49,True,0.8452
60,2,1254.84,721.8,71.99,48.0,72.0,48.04,True,0.8688
60,3,1633.64,740.26,96.77,49.46,96.7,49.48,True,0.8674
60,4,1500.14,464.91,91.18,25.89,91.15,25.88,True,0.8237
60,5,1256.68,495.95,73.53,28.76,73.52,28.75,True,0.8373
60,6,1745.54,422.8,109.53,21.91,109.53,21.93,False,0.8067
60,7,1478.42,347.69,91.09,14.52,91.1,14.55,True,0.8366
60,8,1785.66,460.0,111.71,25.43,111.73,25.43,False,0.8181
60,9,1682.42,580.28,102.36,36.26,102.35,36.27,True,0.8469
60,10,601.88,611.38,28.02,38.93,28.01,38.95,True,0.821
60,11,601.45,477.75,26.93,27.08,26.92,27.05,True,0.797
60,12,594.04,788.51,28.79,53.2,28.77,53.23,True,0.8136
60,13,1186.9,286.7,69.74,8.25,69.71,8.35,True,0.7718
60,14,1051.49,660.85,58.66,43.07,58.68,43.04,True,0.8546
60,15,840.03,361.36,43.61,15.9,43.61,15.95,True,0.762
60,17,397.54,415.32,11.57,21.19,11.58,21.2,True,0.7416
60,18,502.16,248.31,17.24,4.16,17.25,4.19,True,0.6047
60,19,1291.82,406.66,76.72,20.35,76.73,20.35,True,0.8048
60,20,1350.16,400.15,81.04,19.72,81.03,19.75,True,0.8307
60,23,643.21,770.56,31.87,51.82,31.89,51.91,True,0.6321
60,24,712.68,1079.4,37.74,73.66,37.82,73.63,False,0.7193
61,1,1578.54,570.59,95.32,35.42,95.33,35.38,True,0.8468
61,2,1258.82,718.75,72.27,47.76,72.26,47.76,True,0.8591
61,3,1637.4,737.39,97.06,49.24,97.01,49.29,True,0.8589
61,4,1503.96,463.57,91.47,25.76,91.45,25.78,True,0.8277
61,5,1259.44,494.6,73.74,28.63,73.72,28.63,True,0.8521
61,6,1747.86,422.16,109.71,21.85,109.7,21.86,False,0.8152
61,7,1481.87,347.21,91.35,14.48,91.34,14.47,True,0.8353
61,8,1788.34,459.85,111.91,25.42,111.91,25.35,False,0.8123
61,9,1684.32,577.26,102.54,36.0,102.5,36.04,True,0.847
61,10,608.69,609.95,28.48,38.81,28.46,38.81,True,0.8273
61,11,610.12,475.66,27.53,26.89,27.53,26.92,True,0.8227
61,12,599.48,785.63,29.12,52.98,29.12,53.0,True,0.8136
61,13,1191.12,287.66,70.06,8.35,70.05,8.31,True,0.7861
61,14,1057.22,656.36,59.05,42.7,59.03,42.74,True,0.8479
61,15,846.42,360.72,44.08,15.83,44.05,15.87,True,0.7683
61,17,404.72,414.38,12.08,21.1,12.09,21.09,True,0.7895
61,18,508.18,247.76,17.69,4.1,17.71,4.13,True,0.6373
61,19,1295.26,406.05,76.97,20.29,76.98,20.25,True,0.8312
61,20,1353.07,399.18,81.26,19.63,81.25,19.62,True,0.8365
61,23,652.66,768.12,32.47,51.63,32.44,51.68,True,0.6557
61,24,720.62,1078.13,38.21,73.58,38.48,73.55,False,0.5616
62,1,1581.12,568.6,95.52,35.24,95.52,35.24,True,0.8444
62,2,1262.53,715.74,72.53,47.52,72.53,47.46,True,0.8583
62,3,1640.52,736.08,97.28,49.13,97.28,49.11,True,0.8577
62,4,1507.52,462.59,91.73,25.67,91.75,25.69,True,0.8236
62,5,1262.28,493.13,73.95,28.5,73.93,28.52,True,0.8401
62,6,1749.98,421.75,109.87,21.81,109.88,21.82,False,0.8296
62,7,1485.19,346.28,91.61,14.38,91.59,14.4,True,0.8214
62,8,1790.41,458.21,112.09,25.26,112.11,25.25,False,0.824
62,9,1685.48,574.91,102.65,35.79,102.64,35.81,True,0.8531
62,10,615.0,608.07,28.89,38.65,28.9,38.67,True,0.823
62,11,618.88,474.96,28.15,26.82,28.11,26.8,True,0.8105
62,12,604.56,783.51,29.44,52.82,29.46,52.78,True,0.8057
62,13,1195.32,287.37,70.38,8.32,70.39,8.25,True,0.7783
62,14,1062.41,652.65,59.41,42.39,59.38,42.46,True,0.8548
62,15,851.68,360.44,44.47,15.8,44.47,15.77,True,0.8021
62,17,411.64,413.26,12.57,20.99,12.6,20.98,True,0.7914
62,18,514.66,247.74,18.19,4.1,18.21,4.1,True,0.6306
62,19,1298.68,405.02,77.23,20.19,77.24,20.19,True,0.8066
62,20,1355.76,397.69,81.47,19.48,81.46,19.52,True,0.8359
62,23,661.52,767.13,33.04,51.56,33.01,51.45,True,0.554
62,24,729.32,1079.05,38.73,73.64,39.16,73.4,False,0.4258
63,1,1583.58,567.47,95.71,35.15,95.7,35.09,True,0.8354
63,2,1266.26,712.41,72.8,47.25,72.78,47.14,True,0.8515
63,3,1643.52,734.19,97.51,48.98,97.55,48.9,True,0.8511
63,4,1511.84,462.02,92.05,25.62,92.02,25.58,True,0.8222
63,5,1264.64,492.33,74.12,28.42,74.13,28.41,True,0.828
63,6,1752.51,421.29,110.06,21.76,110.05,21.78,False,0.8236
63,7,1488.16,345.77,91.84,14.33,91.83,14.33,True,0.8185
63,8,1793.17,456.89,112.31,25.14,112.31,25.14,False,0.8144
63,9,1686.55,572.73,102.76,35.61,102.77,35.59,True,0.8423
63,10,621.67,607.21,29.34,38.57,29.34,38.54,True,0.794
63,11,626.92,473.37,28.72,26.68,28.7,26.67,True,0.8113
63,12,610.46,780.55,29.8,52.59,29.81,52.57,True,0.8058
63,13,1199.71,286.74,70.72,8.25,70.73,8.21,True,0.7676
63,14,1067.02,649.93,59.73,42.17,59.72,42.21,True,0.8601
63,15,857.19,359.68,44.88,15.73,44.89,15.69,True,0.7832
63,17,419.52,412.13,13.13,20.88,13.13,20.87,True,0.7774
63,18,521.07,247.41,18.68,4.06,18.69,4.06,True,0.6486
63,19,1302.32,403.81,77.51,20.08,77.5,20.1,True,0.8137
63,20,1358.46,396.89,81.68,19.4,81.65,19.41,True,0.8337
63,23,669.65,763.63,33.55,51.28,33.58,51.24,True,0.6584
64,1,1585.74,564.83,95.9,34.92,95.87,34.89,True,0.8307
64,2,1269.56,706.37,73.05,46.77,73.04,46.81,True,0.8512
64,3,1647.12,730.87,97.79,48.72,97.86,48.7,True,0.8507
64,4,1515.28,460.65,92.31,25.49,92.28,25.5,True,0.8203
64,5,1267.53,491.08,74.33,28.31,74.33,28.3,True,0.825
64,6,1754.94,421.24,110.24,21.76,110.22,21.75,False,0.8223
64,7,1490.94,345.16,92.06,14.27,92.08,14.27,True,0.8119
64,8,1795.63,455.42,112.52,25.0,112.52,25.01,False,0.8301
64,9,1687.8,570.0,102.89,35.37,102.88,35.4,True,0.8516
64,10,628.29,605.14,29.78,38.4,29.77,38.38,True,0.8014
64,11,634.42,472.0,29.24,26.55,29.28,26.55,True,0.802
64,12,616.34,777.2,30.16,52.33,30.17,52.37,True,0.8107
64,13,1204.12,285.32,71.06,8.1,71.08,8.12,True,0.7953
64,14,1071.64,647.75,60.05,41.99,60.05,41.99,True,0.8427
64,15,862.94,358.16,45.3,15.58,45.31,15.61,True,0.7876
64,17,427.3,410.61,13.67,20.73,13.67,20.75,True,0.784
64,18,528.08,247.71,19.23,4.1,19.19,4.04,True,0.518
64,19,1305.82,403.47,77.77,20.04,77.78,20.0,True,0.8065
64,20,1360.47,396.46,81.83,19.36,81.85,19.3,True,0.8271
64,23,678.94,759.74,34.13,50.98,34.15,51.02,True,0.6993
65,1,1587.36,562.42,96.04,34.7,96.05,34.67,True,0.8358
65,2,1272.05,701.83,73.25,46.41,73.3,46.48,True,0.8609
65,3,1651.61,727.44,98.13,48.45,98.22,48.48,True,0.8573
65,4,1517.99,459.49,92.52,25.38,92.57,25.4,True,0.8204
65,5,1269.92,489.95,74.51,28.21,74.54,28.2,True,0.8276
65,6,1756.74,421.06,110.37,21.74,110.38,21.71,False,0.8173
65,7,1494.28,344.61,92.31,14.21,92.33,14.21,True,0.8015
65,8,1798.12,454.06,112.72,24.87,112.72,24.9,False,0.827
65,9,1688.84,567.91,103.0,35.18,102.98,35.23,True,0.8536
65,10,634.47,603.44,30.19,38.25,30.21,38.23,True,0.8232
65,11,642.9,470.4,29.84,26.4,29.87,26.41,True,0.8112
65,12,622.02,774.84,30.51,52.15,30.55,52.13,True,0.821
65,13,1209.19,284.4,71.45,8.01,71.44,8.03,True,0.7995
65,14,1076.49,645.7,60.38,41.82,60.38,41.79,True,0.8373
65,15,868.64,357.38,45.72,15.5,45.76,15.52,True,0.7686
65,17,434.85,409.54,14.21,20.63,14.22,20.63,True,0.7581
65,18,534.17,246.49,19.68,3.96,19.69,3.99,True,0.6699
65,19,1309.49,402.24,78.04,19.92,78.05,19.9,True,0.7916
65,20,1362.7,394.5,82.01,19.17,82.04,19.2,True,0.8045
65,23,688.08,756.76,34.72,50.75,34.71,50.76,True,0.6305
66,1,1588.99,559.38,96.2,34.44,96.24,34.42,True,0.8376
66,2,1276.36,698.1,73.56,46.11,73.55,46.17,True,0.8563
66,3,1658.22,724.31,98.61,48.2,98.63,48.25,True,0.8579
66,4,1521.88,458.94,92.81,25.33,92.85,25.29,True,0.8294
66,5,1273.04,488.62,74.74,28.08,74.75,28.09,True,0.831
66,6,1758.91,420.58,110.54,21.69,110.55,21.67,False,0.8155
66,7,1497.91,344.07,92.59,14.16,92.58,14.15,True,0.8144
66,8,1800.86,452.84,112.94,24.76,112.92,24.81,False,0.8242
66,9,1689.85,566.33,103.09,35.05,103.08,35.09,True,0.858
66,10,641.27,601.12,30.65,38.05,30.66,38.07,True,0.7873
66,11,651.69,469.25,30.46,26.29,30.48,26.28,True,0.7956
66,12,628.79,772.08,30.94,51.94,30.94,51.88,True,0.8201
66,13,1213.65,283.79,71.8,7.94,71.81,7.95,True,0.8043
66,14,1081.08,642.98,60.7,41.59,60.7,41.61,True,0.8414
66,15,874.98,356.87,46.19,15.45,46.23,15.41,True,0.7757
66,17,442.66,408.38,14.76,20.52,14.77,20.51,True,0.7682
66,18,540.34,246.51,20.16,3.97,20.21,3.91,True,0.5714
66,19,1313.24,400.7,78.33,19.77,78.33,19.78,True,0.8038
66,20,1365.91,393.67,82.25,19.09,82.23,19.1,True,0.8069
66,23,697.38,753.97,35.31,50.53,35.29,50.51,True,0.4855
66,24,756.64,1072.34,40.34,73.2,39.87,73.27,False,0.4429
67,1,1591.62,556.15,96.42,34.15,96.44,34.19,True,0.8397
67,2,1280.01,694.99,73.82,45.86,73.8,45.94,True,0.864
67,3,1664.64,722.33,99.06,48.04,99.07,48.04,True,0.8626
67,4,1526.14,457.24,93.14,25.17,93.16,25.2,True,0.8428
67,5,1276.31,487.49,74.98,27.98,74.97,27.98,True,0.8283
67,6,1760.77,419.77,110.69,21.62,110.73,21.62,False,0.8145
67,7,1501.26,343.37,92.85,14.09,92.84,14.09,True,0.8099
67,8,1803.07,452.76,113.11,24.75,113.11,24.73,False,0.8127
67,9,1690.4,565.25,103.15,34.95,103.19,34.97,True,0.86
67,10,647.9,598.97,31.09,37.87,31.11,37.9,True,0.7841
67,11,660.83,467.39,31.1,26.12,31.09,26.14,True,0.8077
67,12,635.63,768.21,31.36,51.64,31.33,51.63,True,0.8146
67,13,1218.46,283.13,72.17,7.87,72.17,7.89,True,0.7974
67,14,1085.79,640.36,61.02,41.37,61.02,41.42,True,0.8482
67,15,882.1,355.72,46.72,15.33,46.71,15.33,True,0.7576
67,17,450.9,406.99,15.35,20.38,15.32,20.41,True,0.7651
67,18,547.68,245.57,20.71,3.86,20.72,3.82,True,0.6414
67,19,1317.01,399.85,78.61,19.69,78.61,19.65,True,0.7792
67,20,1368.38,392.76,82.44,19.0,82.43,18.98,True,0.8192
67,23,705.96,750.18,35.85,50.24,35.87,50.27,True,0.6571
67,24,763.9,1068.01,40.76,72.92,40.54,73.11,False,0.5442
68,1,1594.38,553.24,96.66,33.9,96.65,33.97,True,0.8541
68,2,1283.41,693.27,74.06,45.72,74.06,45.74,True,0.8591
68,3,1671.52,719.65,99.55,47.83,99.5,47.86,True,0.8458
68,4,1530.64,456.11,93.48,25.07,93.51,25.11,True,0.8163
68,5,1279.06,486.53,75.19,27.89,75.22,27.88,True,0.8231
68,6,1763.82,419.02,110.93,21.55,110.9,21.55,False,0.833
68,7,1504.49,342.63,93.1,14.01,93.09,14.05,True,0.8118
68,8,1805.76,451.89,113.32,24.67,113.29,24.68,False,0.8134
68,9,1691.98,564.74,103.27,34.91,103.31,34.85,True,0.8701
68,10,655.39,597.81,31.59,37.77,31.56,37.73,True,0.7918
68,11,669.96,466.72,31.74,26.06,31.73,26.01,True,0.7824
68,12,641.6,764.5,31.72,51.35,31.74,51.34,True,0.8212
68,13,1223.46,282.79,72.55,7.84,72.52,7.84,True,0.7767
68,14,1090.75,639.0,61.36,41.26,61.33,41.21,True,0.8552
68,15,889.0,354.32,47.23,15.19,47.23,15.25,True,0.7469
68,17,458.12,405.82,15.86,20.27,15.88,20.3,True,0.7626
68,18,555.21,243.91,21.27,3.68,21.25,3.76,True,0.5866
68,19,1320.44,397.77,78.88,19.49,78.9,19.53,True,0.7938
68,20,1370.7,391.68,82.62,18.89,82.63,18.88,True,0.808
68,23,715.18,747.47,36.44,50.03,36.44,50.06,True,0.7184
68,24,772.62,1069.38,41.29,73.01,41.18,72.87,False,0.4425
69,1,1597.22,551.44,96.88,33.74,96.87,33.78,True,0.8382
69,2,1287.04,691.84,74.31,45.6,74.3,45.58,True,0.8675
69,3,1677.84,717.67,100.0,47.67,99.88,47.7,True,0.841
69,4,1536.05,455.83,93.87,25.04,93.87,25.01,True,0.8097
69,5,1282.66,484.97,75.45,27.75,75.46,27.77,True,0.8518
69,6,1766.01,418.35,111.1,21.48,111.08,21.48,False,0.8356
69,7,1507.56,342.51,93.33,14.0,93.34,14.0,True,0.7744
69,8,1807.76,451.34,113.47,24.62,113.46,24.62,False,0.7989
69,9,1694.08,562.92,103.44,34.75,103.46,34.73,True,0.8549
69,10,661.86,595.52,32.02,37.57,32.03,37.58,True,0.8167
69,11,678.08,464.42,32.31,25.84,32.39,25.85,True,0.7445
69,12,648.36,760.65,32.14,51.05,32.14,51.04,True,0.8385
69,13,1227.42,282.36,72.86,7.79,72.88,7.81,True,0.7845
69,14,1094.58,636.51,61.63,41.05,61.65,40.97,True,0.8599
69,15,895.56,354.01,47.71,15.16,47.74,15.15,True,0.7344
69,17,466.1,405.5,16.44,20.24,16.43,20.21,True,0.7629
69,18,561.93,243.58,21.79,3.65,21.77,3.7,True,0.6444
69,19,1324.8,396.68,79.21,19.38,79.18,19.41,True,0.8056
69,20,1373.23,390.41,82.82,18.77,82.84,18.77,True,0.8067
69,23,724.03,744.77,37.01,49.82,37.01,49.84,True,0.7528
69,24,778.12,1065.65,41.6,72.77,41.68,72.6,False,0.6834
70,1,1599.73,549.94,97.08,33.61,97.09,33.6,True,0.8145
70,2,1290.18,689.68,74.53,45.43,74.53,45.44,True,0.8675
70,3,1681.58,716.09,100.27,47.55,100.21,47.55,True,0.8532
70,4,1541.32,454.85,94.26,24.95,94.23,24.94,True,0.8051
70,5,1286.47,484.19,75.73,27.68,75.72,27.66,True,0.8406
70,6,1768.04,417.64,111.26,21.41,111.27,21.42,False,0.8156
70,7,1511.0,342.29,93.59,13.98,93.6,13.97,True,0.7843
70,8,1809.66,450.89,113.62,24.58,113.65,24.55,False,0.7967
70,9,1695.94,561.28,103.6,34.6,103.63,34.58,True,0.848
70,10,668.56,593.64,32.47,37.41,32.51,37.42,True,0.8085
70,11,688.6,463.12,33.06,25.72,33.06,25.7,True,0.7651
70,12,654.51,756.52,32.52,50.73,32.54,50.75,True,0.8334
70,13,1232.01,282.02,73.21,7.76,73.25,7.79,True,0.7803
70,14,1099.08,633.25,61.94,40.78,61.98,40.71,True,0.8446
70,15,903.16,353.82,48.28,15.14,48.26,15.06,True,0.7591
70,17,473.72,404.13,16.98,20.11,16.98,20.11,True,0.7827
70,18,569.11,243.49,22.34,3.64,22.3,3.63,True,0.6273
70,19,1328.22,396.21,79.47,19.34,79.49,19.29,True,0.8021
70,20,1375.78,389.21,83.02,18.65,83.06,18.66,True,0.8033
70,23,732.84,743.24,37.58,49.7,37.58,49.62,True,0.6028
70,24,783.47,1060.98,41.91,72.46,42.16,72.34,False,0.4576
71,1,1602.58,548.46,97.29,33.48,97.32,33.43,True,0.816
71,2,1293.56,688.15,74.77,45.3,74.78,45.27,True,0.8607
71,3,1685.0,714.44,100.52,47.42,100.51,47.42,True,0.8561
71,4,1546.07,453.7,94.62,24.84,94.59,24.87,True,0.8124
71,5,1289.73,482.79,75.97,27.55,75.97,27.56,True,0.8314
71,6,1770.24,416.73,111.44,21.32,111.43,21.38,False,0.809
71,7,1514.44,341.85,93.85,13.93,93.86,13.95,True,0.7711
71,8,1811.96,449.82,113.8,24.48,113.83,24.5,False,0.8114
71,9,1698.68,559.36,103.82,34.44,103.81,34.4,True,0.8299
71,10,676.2,591.87,32.98,37.26,32.99,37.24,True,0.8037
71,11,698.19,460.58,33.73,25.49,33.74,25.55,True,0.7952
71,12,661.39,752.35,32.94,50.41,32.97,50.48,True,0.818
71,13,1237.64,282.39,73.63,7.79,73.63,7.76,True,0.7724
71,14,1104.34,628.91,62.31,40.41,62.32,40.43,True,0.8438
71,15,910.0,351.95,48.78,14.95,48.78,15.0,True,0.7137
71,17,481.12,403.4,17.51,20.04,17.54,20.01,True,0.7743
71,18,574.2,243.93,22.74,3.69,22.82,3.6,True,0.5069
71,19,1331.9,394.46,79.75,19.17,79.8,19.2,True,0.8131
71,20,1379.19,388.01,83.28,18.53,83.31,18.56,True,0.8139
71,23,741.66,739.37,38.15,49.39,38.16,49.39,True,0.6049
72,1,1605.93,546.06,97.56,33.26,97.56,33.28,True,0.815
72,2,1296.61,686.09,74.99,45.13,75.04,45.07,True,0.8654
72,3,1687.7,712.68,100.72,47.28,100.78,47.28,True,0.861
72,4,1550.46,453.18,94.94,24.79,94.91,24.78,True,0.8223
72,5,1293.35,481.76,76.24,27.45,76.24,27.46,True,0.8328
72,6,1772.71,416.89,111.61,21.34,111.6,21.35,False,0.818
72,7,1518.0,341.73,94.12,13.92,94.13,13.93,True,0.7829
72,8,1815.23,448.99,114.06,24.4,114.01,24.45,False,0.7814
72,9,1700.93,556.93,104.01,34.22,104.0,34.22,True,0.8274
72,10,683.79,589.84,33.49,37.09,33.5,37.08,True,0.8175
72,11,708.64,459.55,34.47,25.39,34.44,25.42,True,0.8244
72,12,668.48,749.61,33.39,50.19,33.41,50.23,True,0.83
72,13,1242.29,281.94,73.99,7.75,74.03,7.72,True,0.7597
72,14,1109.36,624.82,62.67,40.07,62.67,40.12,True,0.854
72,15,917.0,351.13,49.3,14.87,49.32,14.93,True,0.7757
72,17,489.42,402.13,18.1,19.91,18.1,19.9,True,0.7427
72,18,582.38,242.18,23.35,3.5,23.36,3.58,True,0.5993
72,19,1336.84,393.71,80.12,19.09,80.1,19.12,True,0.8137
72,20,1382.79,387.2,83.56,18.45,83.56,18.47,True,0.8023
72,23,750.84,736.15,38.74,49.14,38.72,49.15,True,0.7024
73,1,1609.02,543.71,97.81,33.06,97.81,33.13,True,0.8106
73,2,1301.25,683.38,75.32,44.91,75.31,44.85,True,0.8634
73,3,1692.16,711.29,101.04,47.17,101.05,47.13,True,0.8598
73,4,1554.69,452.49,95.25,24.73,95.22,24.7,True,0.8074
73,5,1296.53,480.71,76.47,27.36,76.52,27.36,True,0.8368
73,6,1774.48,417.02,111.74,21.35,111.77,21.34,False,0.8113
73,7,1521.71,341.7,94.4,13.92,94.4,13.93,True,0.7753
73,8,1817.61,449.33,114.22,24.43,114.2,24.41,False,0.7722
73,9,1702.88,554.47,104.19,34.01,104.19,34.04,True,0.8368
73,10,691.48,587.58,34.01,36.89,34.01,36.93,True,0.8206
73,11,718.23,458.63,35.15,25.3,35.1,25.3,True,0.7889
73,12,675.48,747.12,33.84,50.0,33.87,50.0,True,0.8325
73,13,1248.53,281.46,74.47,7.7,74.42,7.69,True,0.6598
73,14,1114.62,621.84,63.03,39.82,63.03,39.82,True,0.857
73,15,924.07,351.01,49.83,14.86,49.83,14.85,True,0.7895
73,17,497.64,400.49,18.69,19.75,18.66,19.8,True,0.78
73,18,589.05,242.4,23.87,3.52,23.9,3.55,True,0.5931
73,19,1341.12,393.14,80.44,19.04,80.43,19.02,True,0.8031
73,20,1386.65,386.74,83.85,18.41,83.83,18.39,True,0.8116
73,23,759.96,733.19,39.32,48.9,39.28,48.9,True,0.5939
73,24,799.56,1051.42,42.85,71.84,42.57,71.98,False,0.7642
74,1,1612.68,542.9,98.08,32.98,98.05,33.01,True,0.8223
74,2,1304.64,679.45,75.57,44.59,75.58,44.61,True,0.8636
74,3,1696.18,708.8,101.34,46.97,101.35,46.93,True,0.8655
74,4,1557.95,451.3,95.5,24.61,95.53,24.61,True,0.8157
74,5,1300.92,479.86,76.79,27.28,76.8,27.27,True,0.8256
74,6,1777.43,417.04,111.95,21.35,111.93,21.33,False,0.8055
74,7,1525.48,341.54,94.68,13.9,94.68,13.91,True,0.7838
74,8,1819.51,448.82,114.37,24.38,114.38,24.37,False,0.7442
74,9,1705.02,552.45,104.37,33.83,104.37,33.88,True,0.8299
74,10,699.3,586.01,34.54,36.76,34.53,36.79,True,0.8099
74,11,726.96,457.55,35.77,25.2,35.73,25.18,True,0.7937
74,12,683.68,744.67,34.36,49.81,34.36,49.82,True,0.8272
74,13,1253.49,280.59,74.85,7.6,74.8,7.64,True,0.7601
74,14,1119.48,618.46,63.38,39.53,63.4,39.56,True,0.8505
74,15,931.8,350.69,50.4,14.83,50.33,14.79,True,0.7932
74,17,505.26,399.9,19.24,19.7,19.22,19.67,True,0.7838
74,18,597.36,242.64,24.51,3.55,24.47,3.53,True,0.6504
74,19,1345.1,392.17,80.74,18.94,80.75,18.94,True,0.8011
74,20,1390.08,385.77,84.11,18.31,84.08,18.32,True,0.8191
74,23,767.18,729.9,39.79,48.64,39.85,48.65,True,0.5047
74,24,804.52,1047.96,43.14,71.61,43.04,71.59,False,0.7217
75,1,1615.62,541.9,98.3,32.89,98.26,32.93,True,0.8098
75,2,1308.94,676.34,75.88,44.34,75.85,44.35,True,0.8618
75,3,1699.85,706.66,101.62,46.79,101.67,46.69,True,0.8591
75,4,1561.91,450.23,95.8,24.51,95.81,24.51,True,0.8172
75,5,1305.35,478.63,77.12,27.16,77.08,27.18,True,0.8355
75,6,1779.3,416.87,112.09,21.34,112.08,21.32,False,0.7956
75,7,1529.52,342.16,94.97,13.97,94.94,13.89,True,0.7824
75,8,1822.01,448.72,114.55,24.37,114.54,24.33,False,0.7952
75,9,1707.24,550.92,104.55,33.69,104.52,33.75,True,0.8347
75,10,706.62,584.83,35.04,36.65,35.03,36.66,True,0.8364
75,11,735.39,456.62,36.37,25.11,36.32,25.07,True,0.8281
75,12,691.06,742.11,34.83,49.61,34.85,49.63,True,0.8267
75,13,1257.53,280.78,75.16,7.62,75.18,7.6,True,0.782
75,14,1125.14,615.58,63.77,39.29,63.78,39.33,True,0.8435
75,15,937.84,349.61,50.85,14.72,50.82,14.74,True,0.7981
75,17,512.72,398.77,19.77,19.59,19.75,19.57,True,0.7876
75,18,604.22,241.99,25.04,3.48,25.02,3.55,True,0.6247
75,19,1349.62,391.28,81.08,18.85,81.07,18.86,True,0.8055
75,20,1393.17,385.25,84.34,18.26,84.33,18.24,True,0.8133
75,23,776.89,726.89,40.42,48.41,40.41,48.42,True,0.6199
75,24,808.64,1042.44,43.37,71.24,43.54,71.14,False,0.5557
76,1,1618.14,541.41,98.48,32.85,98.46,32.87,True,0.8158
76,2,1312.45,673.03,76.14,44.07,76.11,44.07,True,0.8761
76,3,1704.82,702.13,102.02,46.43,101.99,46.42,True,0.8731
76,4,1566.36,449.01,96.14,24.4,96.09,24.4,True,0.825
76,5,1309.27,477.76,77.4,27.08,77.35,27.11,True,0.843
76,6,1781.43,416.37,112.26,21.29,112.23,21.3,False,0.7868
76,7,1532.62,340.92,95.22,13.84,95.2,13.84,True,0.7761
76,8,1824.09,447.41,114.72,24.25,114.69,24.28,False,0.7954
76,9,1709.34,550.24,104.71,33.63,104.65,33.64,True,0.8434
76,10,714.2,583.47,35.55,36.54,35.51,36.54,True,0.8211
76,11,742.46,454.6,36.87,24.92,36.88,24.94,True,0.8076
76,12,699.18,740.39,35.36,49.47,35.34,49.45,True,0.8211
76,13,1262.18,279.84,75.52,7.53,75.53,7.56,True,0.7846
76,14,1130.71,613.5,64.16,39.11,64.15,39.13,True,0.8419
76,15,943.79,349.1,51.29,14.67,51.27,14.69,True,0.7897
76,17,520.0,397.06,20.28,19.42,20.26,19.5,True,0.779
76,18,610.83,243.36,25.56,3.62,25.55,3.57,True,0.6383
76,19,1353.72,390.44,81.39,18.77,81.37,18.78,True,0.802
76,20,1395.91,384.33,84.55,18.17,84.55,18.14,True,0.8142
76,23,785.78,724.05,40.99,48.18,40.94,48.2,True,0.6824
77,1,1620.15,541.36,98.62,32.85,98.64,32.76,True,0.8159
77,2,1315.46,669.99,76.36,43.82,76.36,43.82,True,0.8664
77,3,1708.82,697.94,102.34,46.09,102.31,46.15,True,0.8785
77,4,1569.42,447.79,96.38,24.28,96.36,24.3,True,0.825
77,5,1312.4,477.17,77.63,27.03,77.61,27.04,True,0.8309
77,6,1782.88,416.26,112.37,21.28,112.35,21.28,False,0.7879
77,7,1535.52,340.47,95.44,13.8,95.45,13.79,True,0.731
77,8,1825.54,447.11,114.84,24.22,114.84,24.23,False,0.7871
77,9,1710.22,549.74,104.78,33.59,104.77,33.54,True,0.852
77,10,720.96,582.38,36.01,36.44,35.97,36.43,True,0.8148
77,11,750.4,453.57,37.44,24.83,37.43,24.81,True,0.7871
77,12,706.76,737.88,35.84,49.27,35.84,49.27,True,0.8317
77,13,1266.9,280.02,75.88,7.54,75.86,7.52,True,0.789
77,14,1136.21,611.13,64.55,38.91,64.52,38.94,True,0.8537
77,15,949.47,348.59,51.72,14.62,51.69,14.64,True,0.8105
77,17,526.67,396.91,20.77,19.4,20.75,19.39,True,0.7753
77,18,617.89,243.04,26.1,3.59,26.04,3.55,True,0.629
77,19,1357.53,389.9,81.68,18.72,81.67,18.71,True,0.8025
77,20,1398.96,382.88,84.79,18.03,84.76,18.05,True,0.8135
77,23,794.1,721.4,41.53,47.97,41.49,48.02,True,0.6466
77,24,817.74,1035.9,43.91,70.81,44.03,70.64,False,0.6062
78,1,1622.6,540.52,98.81,32.77,98.83,32.61,True,0.8032
78,2,1318.66,666.43,76.6,43.53,76.6,43.59,True,0.862
78,3,1712.51,694.63,102.64,45.83,102.63,45.88,True,0.8648
78,4,1572.43,446.95,96.61,24.2,96.64,24.19,True,0.8269
78,5,1315.03,477.02,77.82,27.01,77.85,26.98,True,0.8205
78,6,1784.19,415.61,112.47,21.22,112.48,21.25,False,0.791
78,7,1538.48,339.62,95.68,13.71,95.69,13.7,True,0.7765
78,8,1827.07,446.89,114.95,24.2,114.98,24.18,False,0.7895
78,9,1711.12,548.37,104.86,33.47,104.87,33.44,True,0.8532
78,10,726.81,581.1,36.41,36.33,36.41,36.31,True,0.8
78,11,757.88,451.62,37.96,24.64,37.97,24.66,True,0.7803
78,12,714.12,735.43,36.32,49.08,36.34,49.08,True,0.802
78,13,1271.34,279.49,76.22,7.49,76.2,7.48,True,0.6815
78,14,1140.98,610.1,64.88,38.82,64.89,38.74,True,0.8514
78,15,954.66,348.73,52.1,14.63,52.1,14.59,True,0.7834
78,17,533.03,396.56,21.23,19.37,21.21,19.29,True,0.7696
78,18,623.71,243.01,26.55,3.59,26.52,3.51,True,0.5095
78,19,1361.16,389.13,81.95,18.64,81.96,18.63,True,0.8062
78,20,1401.14,381.92,84.96,17.94,84.98,17.99,True,0.8259
78,23,800.76,719.13,41.97,47.79,42.28,47.75,True,0.4647
79,1,1624.82,537.01,99.01,32.46,99.02,32.42,True,0.8037
79,2,1321.65,664.32,76.82,43.36,76.85,43.37,True,0.8634
79,3,1715.98,691.72,102.92,45.59,102.93,45.66,True,0.8676
79,4,1575.93,445.71,96.88,24.09,96.89,24.09,True,0.8275
79,5,1318.4,475.95,78.07,26.92,78.08,26.9,True,0.8169
79,6,1785.6,416.01,112.57,21.26,112.61,21.23,False,0.7942
79,7,1541.75,338.77,95.93,13.62,95.92,13.66,True,0.7823
79,8,1829.2,446.18,115.12,24.13,115.1,24.14,False,0.7925
79,9,1712.22,546.73,104.97,33.32,104.96,33.34,True,0.8557
79,10,733.14,579.32,36.84,36.18,36.84,36.18,True,0.8265
79,11,765.3,450.74,38.49,24.56,38.53,24.52,True,0.7587
79,12,722.27,733.24,36.84,48.91,36.83,48.87,True,0.7915
79,13,1274.9,278.81,76.5,7.42,76.54,7.44,True,0.7677
79,14,1146.08,607.0,65.24,38.56,65.24,38.52,True,0.8277
79,15,959.7,348.13,52.48,14.57,52.52,14.53,True,0.7634
79,17,539.42,394.5,21.68,19.17,21.67,19.2,True,0.781
79,18,629.14,241.71,26.96,3.45,26.99,3.43,True,0.6717
79,19,1364.88,388.18,82.23,18.55,82.24,18.55,True,0.7996
79,20,1403.74,381.22,85.16,17.87,85.2,17.92,True,0.8147
79,23,809.44,718.87,42.54,47.77,43.05,47.51,True,0.3643
79,24,826.66,1026.49,44.43,70.18,44.5,70.17,False,0.5095
80,1,1627.16,533.34,99.23,32.13,99.23,32.19,True,0.8103
80,2,1325.44,661.88,77.09,43.15,77.1,43.18,True,0.8559
80,3,1720.18,690.07,103.22,45.46,103.23,45.47,True,0.8673
80,4,1579.63,444.31,97.17,23.96,97.16,24.01,True,0.8035
80,5,1321.86,475.38,78.32,26.86,78.31,26.83,True,0.8294
80,6,1787.8,415.67,112.74,21.22,112.74,21.2,False,0.8133
80,7,1544.78,337.86,96.17,13.53,96.15,13.61,True,0.7702
80,8,1830.96,445.74,115.25,24.09,115.23,24.11,False,0.8079
80,9,1713.0,545.24,105.05,33.19,105.04,33.22,False,0.8577
80,10,739.26,578.05,37.25,36.07,37.24,36.04,True,0.806
80,11,773.5,448.74,39.08,24.37,39.1,24.4,True,0.7339
80,12,729.9,730.08,37.33,48.66,37.33,48.68,True,0.7907
80,13,1279.86,278.74,76.88,7.41,76.88,7.41,True,0.7856
80,14,1151.2,603.81,65.6,38.28,65.58,38.3,True,0.8172
80,15,965.74,347.07,52.93,14.46,52.95,14.46,True,0.7914
80,17,545.38,393.44,22.11,19.07,22.09,19.11,True,0.7754
80,18,635.35,240.4,27.43,3.3,27.44,3.35,True,0.5339
80,19,1368.89,387.49,82.53,18.48,82.52,18.46,True,0.7845
80,20,1407.34,381.78,85.42,17.92,85.42,17.87,True,0.8093
81,1,1629.66,530.56,99.45,31.88,99.43,31.97,True,0.8252
81,2,1329.24,660.12,77.36,43.01,77.35,43.02,True,0.8574
81,3,1724.54,688.54,103.54,45.33,103.52,45.32,True,0.8746
81,4,1583.2,443.9,97.43,23.92,97.42,23.94,True,0.8096
81,5,1324.94,473.6,78.56,26.7,78.54,26.75,True,0.8237
81,6,1789.64,415.06,112.88,21.16,112.87,21.19,False,0.8117
81,7,1547.66,338.81,96.38,13.63,96.38,13.57,True,0.7563
81,8,1832.2,445.26,115.35,24.05,115.34,24.09,False,0.7994
81,9,1713.85,544.29,105.12,33.11,105.11,33.11,False,0.858
81,10,745.48,576.16,37.68,35.9,37.64,35.91,True,0.8134
81,11,782.02,447.05,39.68,24.21,39.67,24.3,True,0.7423
81,12,737.53,727.32,37.82,48.44,37.85,48.5,True,0.7911
81,13,1284.5,278.26,77.23,7.36,77.2,7.39,True,0.7839
81,14,1155.9,600.86,65.93,38.03,65.9,38.07,True,0.8202
81,15,971.96,346.12,53.39,14.37,53.37,14.39,True,0.7986
81,17,551.55,392.74,22.55,19.0,22.51,19.01,True,0.7726
81,18,641.93,239.45,27.93,3.2,27.87,3.26,True,0.5561
81,19,1372.5,386.1,82.81,18.35,82.79,18.37,True,0.792
81,20,1410.65,380.92,85.67,17.84,85.65,17.84,True,0.7963
82,1,1632.0,528.81,99.64,31.73,99.64,31.81,True,0.831
82,2,1332.66,658.36,77.61,42.86,77.62,42.87,True,0.8607
82,3,1728.44,686.27,103.83,45.15,103.8,45.18,True,0.8794
82,4,1586.76,443.65,97.69,23.89,97.69,23.88,True,0.801
82,5,1327.86,472.97,78.77,26.64,78.77,26.7,True,0.8329
82,6,1791.41,414.81,113.02,21.14,113.02,21.17,False,0.8148
82,7,1550.47,338.35,96.59,13.58,96.59,13.56,True,0.7726
82,8,1833.73,445.49,115.46,24.07,115.46,24.07,False,0.8005
82,9,1714.52,543.35,105.18,33.02,105.2,33.0,False,0.8592
82,10,750.82,574.32,38.04,35.74,38.03,35.79,True,0.7929
82,11,790.18,446.89,40.27,24.2,40.25,24.22,True,0.7489
82,12,745.48,725.6,38.34,48.3,38.37,48.33,True,0.7902
82,13,1288.68,278.36,77.55,7.37,77.54,7.38,True,0.7869
82,14,1160.16,598.44,66.24,37.83,66.21,37.87,True,0.8297
82,15,977.87,345.32,53.83,14.29,53.82,14.32,True,0.765
82,17,556.43,392.1,22.9,18.93,22.9,18.94,True,0.7827
82,18,647.34,239.5,28.34,3.21,28.31,3.22,True,0.646
82,19,1375.86,385.36,83.07,18.27,83.07,18.3,True,0.8019
82,20,1413.56,380.58,85.89,17.8,85.88,17.81,True,0.785
83,1,1634.78,528.12,99.84,31.67,99.85,31.7,True,0.8333
83,2,1336.3,656.89,77.86,42.74,77.88,42.74,True,0.8612
83,3,1731.72,685.22,104.07,45.06,104.08,45.04,True,0.8751
83,4,1590.12,443.0,97.94,23.83,97.96,23.83,True,0.8105
83,5,1330.55,472.85,78.96,26.63,78.99,26.67,True,0.831
83,6,1793.34,414.97,113.15,21.16,113.15,21.16,False,0.7901
83,7,1553.55,337.56,96.83,13.5,96.8,13.58,True,0.7818
83,8,1834.98,445.7,115.54,24.09,115.58,24.07,False,0.7926
83,9,1715.1,542.09,105.24,32.91,105.28,32.89,False,0.8488
83,10,756.12,573.27,38.4,35.65,38.41,35.7,True,0.7953
83,11,798.0,446.6,40.83,24.17,40.83,24.16,True,0.7742
83,12,754.35,724.18,38.92,48.19,38.87,48.2,True,0.8106
83,13,1292.54,278.65,77.84,7.4,77.87,7.38,True,0.7813
83,14,1163.74,596.6,66.49,37.67,66.52,37.7,True,0.8411
83,15,983.2,345.31,54.23,14.28,54.27,14.27,True,0.6939
83,17,561.94,391.62,23.3,18.89,23.28,18.89,True,0.7796
83,18,652.18,238.74,28.71,3.12,28.73,3.16,True,0.6686
83,19,1379.32,384.86,83.33,18.22,83.36,18.24,True,0.802
83,20,1416.38,380.02,86.1,17.75,86.11,17.77,True,0.7679
83,23,837.75,710.02,44.39,47.06,44.23,47.21,True,0.4567
83,24,841.86,1014.32,45.32,69.37,44.98,69.75,False,0.6608
84,1,1637.86,527.84,100.06,31.64,100.06,31.64,True,0.8349
84,2,1340.58,654.91,78.17,42.58,78.14,42.6,True,0.8633
84,3,1735.0,682.97,104.32,44.88,104.35,44.94,True,0.8603
84,4,1593.85,442.71,98.22,23.8,98.24,23.79,True,0.8125
84,5,1334.2,473.04,79.22,26.65,79.22,26.69,True,0.8122
84,6,1795.26,415.3,113.29,21.19,113.28,21.17,False,0.7867
84,7,1555.98,338.28,97.0,13.57,97.01,13.59,True,0.7584
84,8,1836.84,445.49,115.68,24.07,115.71,24.07,False,0.7883
84,9,1716.76,540.37,105.39,32.76,105.37,32.79,False,0.8436
84,10,761.44,572.83,38.76,35.61,38.78,35.64,True,0.7804
84,11,805.68,446.17,41.38,24.13,41.38,24.13,True,0.7783
84,12,762.34,722.83,39.44,48.08,39.37,48.08,True,0.8197
84,13,1297.28,278.34,78.21,7.37,78.18,7.36,True,0.7339
84,14,1168.08,595.12,66.79,37.54,66.84,37.54,True,0.8281
84,15,989.47,344.58,54.7,14.21,54.71,14.24,True,0.7138
84,17,566.58,390.98,23.64,18.83,23.64,18.84,True,0.7933
84,18,657.71,239.93,29.15,3.25,29.13,3.15,True,0.6459
84,19,1383.13,384.59,83.61,18.2,83.64,18.2,True,0.8058
84,20,1419.4,380.0,86.33,17.75,86.34,17.73,True,0.7964
84,23,844.16,708.51,44.81,46.94,45.41,46.92,True,0.3587
84,24,844.64,1012.5,45.49,69.25,45.4,69.4,False,0.7337
85,1,1640.73,527.41,100.27,31.6,100.28,31.6,True,0.8454
85,2,1344.1,653.85,78.41,42.49,78.41,42.49,True,0.8682
85,3,1739.38,682.01,104.63,44.8,104.61,44.85,True,0.851
85,4,1597.88,441.8,98.52,23.72,98.52,23.74,True,0.8003
85,5,1337.46,473.73,79.45,26.71,79.48,26.73,True,0.813
85,6,1797.18,414.99,113.43,21.16,113.42,21.19,False,0.7966
85,7,1558.59,338.9,97.19,13.64,97.22,13.62,True,0.732
85,8,1839.2,445.39,115.85,24.06,115.86,24.08,False,0.7782
85,9,1717.38,539.04,105.46,32.64,105.48,32.65,False,0.8478
85,10,767.29,572.77,39.17,35.61,39.15,35.59,True,0.7945
85,11,813.98,445.95,41.98,24.11,41.93,24.08,True,0.7734
85,12,768.68,721.5,39.85,47.98,39.84,47.96,True,0.8095
85,13,1301.44,278.57,78.52,7.39,78.5,7.34,True,0.7598
85,14,1173.25,593.57,67.16,37.41,67.19,37.41,True,0.8397
85,15,996.2,344.53,55.2,14.21,55.15,14.23,True,0.7659
85,17,571.57,390.63,24.0,18.79,24.0,18.78,True,0.7982
85,18,663.06,237.72,29.54,3.01,29.62,3.17,True,0.6354
85,19,1387.84,384.26,83.96,18.17,83.94,18.18,True,0.8132
85,20,1422.67,379.4,86.57,17.69,86.57,17.69,True,0.8343
85,24,848.88,1010.77,45.74,69.13,45.77,69.15,False,0.7928
86,1,1643.81,527.1,100.49,31.57,100.51,31.57,True,0.869
86,2,1347.71,651.99,78.67,42.34,78.67,42.39,True,0.8567
86,3,1743.14,682.02,104.88,44.8,104.88,44.75,True,0.8589
86,4,1602.04,441.54,98.82,23.69,98.81,23.72,True,0.8023
86,5,1341.45,474.93,79.72,26.82,79.73,26.77,True,0.8179
86,6,1798.58,415.58,113.52,21.21,113.56,21.21,False,0.7859
86,7,1561.95,339.33,97.43,13.68,97.44,13.66,True,0.7239
86,8,1841.54,445.58,116.02,24.08,116.02,24.08,False,0.7811
86,9,1719.05,538.58,105.58,32.6,105.64,32.51,False,0.839
86,10,772.56,572.41,39.53,35.58,39.52,35.56,True,0.7846
86,11,820.18,444.97,42.42,24.02,42.46,24.05,True,0.793
86,12,775.29,719.79,40.29,47.84,40.27,47.85,True,0.8112
86,13,1304.92,277.5,78.8,7.28,78.82,7.33,True,0.7451
86,14,1178.49,591.94,67.52,37.27,67.56,37.29,True,0.8306
86,15,1001.71,344.81,55.61,14.23,55.59,14.23,True,0.7631
86,17,576.7,390.06,24.37,18.74,24.35,18.72,True,0.8071
86,18,667.92,239.23,29.93,3.18,30.11,3.22,True,0.6214
86,19,1391.69,384.17,84.24,18.16,84.23,18.17,True,0.7936
86,20,1425.61,379.03,86.8,17.65,86.8,17.66,True,0.8181
86,24,853.46,1010.06,46.02,69.08,46.03,69.04,False,0.8019
87,1,1647.15,526.7,100.73,31.54,100.73,31.53,True,0.8498
87,2,1351.49,651.52,78.93,42.3,78.91,42.31,True,0.8493
87,3,1747.06,680.89,105.16,44.71,105.15,44.68,False,0.8722
87,4,1605.97,441.27,99.11,23.67,99.09,23.71,True,0.8028
87,5,1345.77,475.04,80.03,26.83,80.0,26.82,True,0.8261
87,6,1800.95,415.75,113.69,21.23,113.71,21.22,False,0.7844
87,7,1565.05,339.39,97.66,13.69,97.69,13.71,True,0.7636
87,8,1843.99,445.92,116.19,24.11,116.18,24.1,False,0.7797
87,9,1720.86,535.76,105.75,32.35,105.79,32.38,False,0.8385
87,10,777.68,571.42,39.88,35.49,39.9,35.52,True,0.7998
87,11,828.68,444.32,43.03,23.96,42.97,24.03,True,0.8234
87,12,781.5,718.3,40.69,47.72,40.68,47.73,True,0.8108
87,13,1309.1,277.1,79.12,7.24,79.13,7.35,True,0.7545
87,14,1184.84,590.71,67.97,37.16,67.93,37.2,True,0.8537
87,15,1007.28,344.85,56.02,14.24,56.02,14.25,True,0.7568
87,17,581.02,388.99,24.68,18.63,24.71,18.66,True,0.7979
87,19,1395.72,383.99,84.54,18.14,84.52,18.18,True,0.8018
87,20,1428.93,378.74,87.04,17.62,87.04,17.63,True,0.8053
87,24,858.2,1007.94,46.3,68.94,46.29,68.91,False,0.8058
88,1,1650.56,526.04,100.98,31.48,100.95,31.49,True,0.8185
88,2,1355.0,651.04,79.17,42.26,79.14,42.22,True,0.8466
88,3,1750.59,679.24,105.42,44.58,105.4,44.59,False,0.8785
88,4,1609.5,441.78,99.36,23.72,99.36,23.72,True,0.8
88,5,1348.76,475.29,80.24,26.85,80.27,26.86,True,0.8192
88,6,1803.26,415.89,113.86,21.24,113.85,21.26,False,0.7671
88,7,1568.72,339.97,97.93,13.74,97.94,13.75,True,0.7587
88,8,1846.2,445.73,116.35,24.09,116.34,24.12,False,0.7991
88,9,1723.93,533.91,106.0,32.18,105.96,32.27,False,0.8281
88,10,783.2,571.48,40.26,35.5,40.29,35.49,True,0.7978
88,11,834.74,444.84,43.47,24.01,43.47,24.01,True,0.7979
88,12,787.42,717.03,41.08,47.62,41.08,47.62,True,0.8143
88,13,1313.46,278.5,79.44,7.38,79.44,7.39,True,0.7705
88,14,1190.2,589.82,68.34,37.08,68.3,37.14,True,0.8445
88,15,1012.72,345.26,56.43,14.28,56.43,14.26,True,0.7642
88,17,585.96,388.58,25.04,18.59,25.07,18.62,True,0.8045
88,18,678.35,240.22,30.75,3.28,30.6,3.25,True,0.6611
88,19,1399.04,384.36,84.78,18.18,84.81,18.18,True,0.8002
88,20,1432.05,378.5,87.28,17.6,87.27,17.61,True,0.8082
88,24,862.95,1005.82,46.59,68.8,46.63,68.72,False,0.648
89,1,1653.48,525.78,101.19,31.46,101.16,31.45,True,0.838
89,2,1357.96,649.89,79.38,42.16,79.36,42.15,True,0.851
89,3,1754.04,678.25,105.67,44.5,105.63,44.48,False,0.8788
89,4,1613.26,441.9,99.63,23.73,99.59,23.75,True,0.7973
89,5,1353.12,475.91,80.55,26.91,80.54,26.88,True,0.8201
89,6,1805.72,416.29,114.03,21.28,113.99,21.3,False,0.7504
89,7,1572.7,340.54,98.22,13.8,98.19,13.8,True,0.7501
89,8,1848.6,446.23,116.51,24.14,116.49,24.17,False,0.7919
89,9,1726.25,533.38,106.17,32.14,106.12,32.15,False,0.8228
89,10,789.29,570.68,40.68,35.43,40.67,35.45,True,0.7881
89,11,841.62,445.07,43.97,24.03,43.95,24.03,True,0.7983
89,12,793.62,715.63,41.48,47.51,41.46,47.51,True,0.8221
89,13,1317.74,279.36,79.76,7.47,79.75,7.48,True,0.7429
89,14,1195.07,589.96,68.67,37.1,68.64,37.09,True,0.8252
89,15,1018.4,345.35,56.85,14.29,56.81,14.28,True,0.7948
89,17,591.5,388.24,25.44,18.56,25.42,18.58,True,0.8205
89,18,683.72,241.22,31.17,3.39,31.1,3.35,True,0.6131
89,19,1403.42,384.98,85.1,18.24,85.08,18.19,True,0.7706
89,20,1435.17,378.49,87.51,17.6,87.48,17.61,True,0.7919
89,24,866.32,1002.62,46.79,68.58,46.94,68.52,False,0.5437
90,1,1655.84,525.08,101.37,31.39,101.35,31.4,True,0.833
90,2,1360.57,648.55,79.57,42.05,79.55,42.07,True,0.8583
90,3,1756.74,676.59,105.88,44.36,105.83,44.38,False,0.8657
90,4,1616.67,442.42,99.87,23.78,99.81,23.78,True,0.7961
90,5,1356.96,475.53,80.83,26.88,80.78,26.9,True,0.817
90,6,1807.81,416.92,114.17,21.34,114.11,21.35,False,0.7789
90,7,1576.16,340.87,98.47,13.84,98.42,13.84,True,0.774
90,8,1850.59,446.84,116.65,24.19,116.62,24.21,False,0.7901
90,9,1727.98,532.54,106.31,32.06,106.24,32.07,False,0.8226
90,10,795.03,570.89,41.08,35.44,41.04,35.41,True,0.7895
90,11,848.18,445.17,44.44,24.04,44.39,24.05,True,0.7997
90,12,799.43,714.15,41.86,47.39,41.83,47.39,True,0.8233
90,13,1322.17,280.54,80.08,7.6,80.04,7.6,True,0.7437
90,14,1199.56,589.95,68.98,37.1,68.96,37.05,True,0.8367
90,15,1023.54,345.1,57.23,14.26,57.16,14.31,True,0.8073
90,17,596.54,388.38,25.81,18.57,25.76,18.56,True,0.7972
90,18,689.66,241.2,31.63,3.39,31.57,3.42,True,0.5849
90,19,1407.22,384.45,85.38,18.18,85.34,18.22,True,0.7779
90,20,1438.04,378.43,87.72,17.59,87.68,17.62,True,0.7828
90,23,884.17,702.97,47.46,46.5,46.53,46.62,True,0.5386
91,1,1657.98,524.79,101.52,31.37,101.51,31.34,True,0.8266
91,2,1362.98,647.46,79.74,41.96,79.73,41.98,True,0.865
91,3,1758.51,675.11,106.02,44.24,106.03,44.3,False,0.8703
91,4,1618.75,443.09,100.0,23.84,100.02,23.81,True,0.8069
91,5,1360.07,476.14,81.04,26.93,81.02,26.93,True,0.8022
91,6,1808.64,417.64,114.21,21.41,114.2,21.4,False,0.7895
91,7,1578.74,341.6,98.65,13.91,98.63,13.9,True,0.7768
91,8,1852.03,447.94,116.73,24.3,116.73,24.26,False,0.8028
91,9,1728.56,532.01,106.36,32.01,106.29,32.01,False,0.8275
91,10,800.17,569.98,41.43,35.37,41.4,35.36,True,0.7699
91,11,853.51,445.9,44.83,24.11,44.84,24.07,True,0.8349
91,12,804.66,713.29,42.21,47.32,42.2,47.27,True,0.8322
91,13,1325.54,281.48,80.33,7.7,80.31,7.7,True,0.7744
91,14,1203.49,589.06,69.26,37.02,69.25,37.01,True,0.8287
91,15,1027.72,345.81,57.54,14.34,57.49,14.33,True,0.7982
91,17,600.78,388.31,26.12,18.56,26.09,18.54,True,0.8083
91,18,694.42,242.29,32.0,3.51,31.94,3.47,True,0.6661
91,19,1410.47,384.82,85.62,18.22,85.59,18.22,True,0.7896
91,20,1440.24,378.9,87.87,17.64,87.84,17.64,True,0.7832
91,23,890.08,700.83,47.85,46.33,47.35,46.45,True,0.4027
92,1,1659.92,523.9,101.67,31.29,101.67,31.26,True,0.8286
92,2,1365.13,646.82,79.89,41.91,79.9,41.91,True,0.8642
92,3,1760.42,674.79,106.15,44.21,106.22,44.24,False,0.8729
92,4,1621.47,443.15,100.2,23.85,100.23,23.84,True,0.8191
92,5,1363.13,476.03,81.26,26.92,81.25,26.95,True,0.8017
92,6,1809.66,418.28,114.27,21.47,114.3,21.45,False,0.7933
92,7,1581.5,341.82,98.85,13.93,98.83,13.96,True,0.8039
92,8,1853.89,448.23,116.85,24.33,116.83,24.3,False,0.8113
92,9,1728.16,531.16,106.34,31.94,106.32,31.97,False,0.8293
92,10,804.52,569.28,41.73,35.3,41.74,35.32,True,0.7929
92,11,859.3,445.38,45.24,24.06,45.3,24.05,True,0.793
92,12,809.6,710.88,42.53,47.13,42.58,47.15,True,0.823
92,13,1329.14,282.77,80.59,7.83,80.58,7.78,True,0.7742
92,14,1207.86,588.27,69.56,36.95,69.52,36.95,True,0.8461
92,15,1030.8,346.12,57.77,14.37,57.8,14.35,True,0.7906
92,17,604.43,387.65,26.38,18.5,26.4,18.52,True,0.8007
92,18,698.0,242.34,32.28,3.51,32.28,3.52,True,0.5964
92,19,1413.38,385.18,85.83,18.26,85.82,18.21,True,0.7927
92,20,1442.06,379.38,88.0,17.68,88.0,17.66,True,0.8275
92,23,894.38,700.14,48.13,46.27,48.16,46.29,True,0.3677
92,24,876.94,997.33,47.43,68.22,47.25,68.34,False,0.4195
93,1,1661.26,522.84,101.78,31.19,101.84,31.2,True,0.8264
93,2,1367.28,645.58,80.05,41.81,80.08,41.86,True,0.8571
93,3,1764.08,674.22,106.41,44.17,106.4,44.21,False,0.874
93,4,1624.17,443.3,100.39,23.86,100.45,23.85,True,0.8126
93,5,1365.68,476.78,81.44,26.99,81.48,26.99,True,0.8141
93,6,1810.59,418.43,114.34,21.49,114.41,21.48,False,0.8005
93,7,1583.4,342.77,98.98,14.03,99.01,14.02,True,0.7472
93,8,1854.68,448.44,116.91,24.35,116.93,24.34,False,0.8153
93,9,1727.27,530.94,106.28,31.92,106.33,31.94,False,0.8323
93,10,809.39,568.85,42.07,35.27,42.08,35.28,True,0.7742
93,11,866.03,445.76,45.73,24.09,45.77,24.02,True,0.8009
93,12,815.8,709.21,42.93,47.0,42.99,47.04,True,0.8198
93,13,1331.92,283.44,80.8,7.91,80.82,7.85,True,0.7713
93,14,1211.01,587.47,69.78,36.88,69.78,36.85,True,0.8602
93,15,1034.79,346.22,58.07,14.38,58.12,14.39,True,0.7692
93,17,608.76,387.62,26.7,18.5,26.71,18.52,True,0.8003
93,18,702.18,242.82,32.6,3.57,32.6,3.53,True,0.6737
93,19,1415.88,384.79,86.01,18.22,86.03,18.2,True,0.7767
93,20,1443.66,379.68,88.12,17.71,88.14,17.69,True,0.8177
93,23,899.92,699.38,48.5,46.21,48.5,46.2,True,0.5673
93,24,879.98,995.21,47.61,68.08,47.55,68.17,False,0.6308
94,1,1664.0,521.41,102.0,31.06,102.03,31.13,True,0.8299
94,2,1370.43,645.5,80.26,41.8,80.25,41.83,True,0.8617
94,3,1767.52,674.65,106.63,44.2,106.59,44.21,False,0.8774
94,4,1628.21,443.32,100.68,23.86,100.69,23.87,True,0.8065
94,5,1369.32,477.33,81.69,27.04,81.72,27.04,True,0.8302
94,6,1813.31,418.85,114.53,21.53,114.52,21.54,False,0.8236
94,7,1586.5,343.51,99.2,14.1,99.2,14.09,True,0.8252
94,8,1856.36,448.35,117.03,24.34,117.02,24.38,False,0.8192
94,9,1727.63,531.19,106.31,31.94,106.36,31.93,False,0.8342
94,10,814.11,568.28,42.39,35.22,42.43,35.24,True,0.7759
94,11,873.32,444.21,46.25,23.95,46.27,24.01,True,0.7726
94,12,822.46,707.83,43.37,46.89,43.42,46.94,True,0.8043
94,13,1335.54,282.81,81.08,7.84,81.07,7.92,True,0.7878
94,14,1214.14,586.25,70.01,36.78,70.04,36.76,True,0.8648
94,15,1039.36,346.27,58.41,14.38,58.45,14.42,True,0.8018
94,17,612.65,387.6,26.99,18.49,27.02,18.53,True,0.8074
94,18,705.98,243.29,32.9,3.62,32.92,3.55,True,0.6208
94,19,1419.02,384.32,86.25,18.17,86.24,18.22,True,0.7705
94,20,1445.7,379.1,88.27,17.66,88.3,17.72,True,0.8095
94,23,905.26,698.59,48.86,46.15,48.85,46.15,True,0.72
94,24,883.84,994.14,47.85,68.01,47.85,68.04,False,0.3683
95,1,1667.05,521.52,102.21,31.07,102.23,31.07,True,0.8429
95,2,1373.27,645.75,80.45,41.82,80.42,41.82,True,0.8597
95,3,1770.16,674.86,106.81,44.22,106.78,44.2,False,0.8803
95,4,1632.21,443.35,100.97,23.86,100.93,23.88,True,0.8202
95,5,1373.28,477.69,81.97,27.08,81.96,27.09,True,0.8227
95,6,1815.43,418.79,114.68,21.52,114.64,21.61,False,0.8166
95,7,1589.02,343.99,99.38,14.15,99.4,14.17,True,0.8065
95,8,1857.68,448.98,117.11,24.4,117.12,24.39,False,0.8258
95,9,1728.59,530.89,106.38,31.91,106.4,31.93,False,0.8362
95,10,819.7,568.65,42.78,35.25,42.79,35.2,True,0.774
95,11,881.04,443.67,46.81,23.9,46.78,24.01,True,0.762
95,12,830.26,707.17,43.89,46.84,43.86,46.88,True,0.7911
95,13,1338.72,284.17,81.31,7.98,81.33,7.95,True,0.797
95,14,1218.41,584.66,70.31,36.64,70.28,36.67,True,0.8459
95,15,1044.47,347.18,58.79,14.47,58.8,14.46,True,0.8112
95,17,617.52,387.96,27.35,18.53,27.34,18.55,True,0.8061
95,18,710.48,241.69,33.24,3.44,33.22,3.58,True,0.4106
95,19,1421.72,383.85,86.45,18.13,86.45,18.24,True,0.7975
95,20,1448.35,379.94,88.46,17.74,88.46,17.75,True,0.821
95,23,910.06,697.38,49.18,46.05,49.2,46.1,True,0.6194
95,24,887.84,993.61,48.09,67.97,48.05,67.95,True,0.6588
96,1,1670.73,521.21,102.48,31.05,102.43,31.01,True,0.8279
96,2,1375.73,645.72,80.62,41.82,80.58,41.81,True,0.849
96,3,1772.59,675.26,106.96,44.25,106.93,44.19,False,0.8721
96,4,1635.46,443.87,101.2,23.91,101.17,23.9,True,0.7899
96,5,1377.02,478.61,82.23,27.16,82.21,27.13,True,0.8216
96,6,1817.45,420.6,114.79,21.7,114.75,21.67,False,0.8116
96,7,1592.35,344.92,99.61,14.25,99.59,14.24,True,0.8174
96,8,1859.46,449.78,117.22,24.47,117.22,24.4,False,0.8169
96,9,1730.08,531.44,106.47,31.96,106.45,31.92,False,0.8297
96,10,825.32,567.57,43.17,35.16,43.14,35.15,True,0.8061
96,11,888.08,445.15,47.32,24.03,47.28,23.99,True,0.7772
96,12,837.53,707.46,44.37,46.86,44.3,46.82,True,0.7863
96,13,1342.53,284.57,81.59,8.02,81.57,7.96,True,0.7453
96,14,1221.86,583.9,70.55,36.57,70.5,36.56,True,0.849
96,15,1049.91,347.58,59.19,14.51,59.15,14.51,True,0.7992
96,17,621.94,388.78,27.68,18.61,27.62,18.56,True,0.8051
96,18,714.94,243.43,33.59,3.63,33.57,3.59,True,0.6748
96,19,1424.79,385.85,86.66,18.32,86.66,18.26,True,0.7917
96,20,1451.02,380.85,88.65,17.83,88.6,17.77,True,0.7973
96,23,916.1,697.75,49.58,46.08,49.54,46.06,True,0.7109
96,24,890.84,992.66,48.27,67.91,48.24,67.88,True,0.8109
97,1,1673.2,520.58,102.66,30.99,102.6,30.97,True,0.8209
97,2,1377.34,646.15,80.72,41.85,80.7,41.78,True,0.8495
97,3,1773.97,674.23,107.07,44.17,107.07,44.15,False,0.8643
97,4,1638.74,443.96,101.43,23.92,101.37,23.91,True,0.8172
97,5,1380.66,478.69,82.49,27.17,82.43,27.16,True,0.8296
97,6,1818.52,421.53,114.85,21.79,114.84,21.73,False,0.7927
97,7,1595.14,345.86,99.81,14.34,99.75,14.29,True,0.8294
97,8,1860.82,448.99,117.34,24.4,117.29,24.42,False,0.7995
97,9,1730.9,531.08,106.54,31.93,106.49,31.89,False,0.8235
97,10,830.72,566.72,43.54,35.08,43.49,35.11,True,0.7964
97,11,894.9,445.47,47.81,24.07,47.74,24.01,True,0.7641
97,12,843.34,706.65,44.76,46.79,44.74,46.77,True,0.8032
97,13,1346.02,284.52,81.86,8.02,81.79,8.01,True,0.7513
97,14,1224.44,582.75,70.74,36.47,70.71,36.46,True,0.8485
97,15,1054.4,348.28,59.53,14.58,59.5,14.56,True,0.6758
97,17,625.68,389.08,27.96,18.64,27.9,18.56,True,0.8091
97,18,717.29,243.67,33.78,3.66,33.9,3.61,True,0.4259
97,19,1428.03,386.24,86.89,18.36,86.86,18.29,True,0.7921
97,20,1452.78,380.79,88.78,17.82,88.74,17.8,True,0.8016
97,23,920.62,696.87,49.88,46.01,49.85,46.03,True,0.6742
97,24,893.06,990.96,48.41,67.79,48.42,67.81,True,0.7947
98,1,1674.77,519.35,102.79,30.88,102.74,30.94,True,0.8083
98,2,1378.79,644.84,80.83,41.74,80.81,41.75,True,0.8501
98,3,1775.68,673.64,107.2,44.12,107.18,44.09,False,0.8694
98,4,1640.82,444.04,101.58,23.93,101.53,23.93,True,0.8305
98,5,1383.23,478.91,82.67,27.19,82.62,27.21,True,0.8219
98,6,1819.36,421.54,114.91,21.79,114.88,21.81,False,0.7856
98,7,1596.88,346.14,99.93,14.37,99.9,14.35,True,0.8251
98,8,1861.59,449.07,117.39,24.4,117.33,24.45,False,0.7948
98,9,1730.84,530.04,106.55,31.84,106.52,31.85,False,0.8215
98,10,834.83,566.22,43.82,35.04,43.82,35.07,True,0.7865
98,11,900.38,445.03,48.2,24.02,48.16,24.03,True,0.8096
98,12,848.7,705.68,45.11,46.72,45.16,46.71,True,0.8138
98,13,1347.96,283.88,82.01,7.95,82.0,8.06,True,0.7743
98,14,1226.81,581.33,70.91,36.35,70.9,36.35,True,0.8487
98,15,1058.8,348.56,59.85,14.61,59.81,14.58,True,0.7798
98,17,628.19,387.75,28.13,18.51,28.15,18.55,True,0.8071
98,19,1430.32,385.7,87.07,18.31,87.05,18.33,True,0.7922
98,20,1453.89,380.5,88.86,17.8,88.85,17.81,True,0.802
98,23,925.36,696.6,50.19,45.99,50.15,46.01,True,0.7102
98,24,895.84,989.84,48.58,67.71,48.58,67.74,True,0.7913
99,1,1675.82,519.08,102.87,30.85,102.84,30.92,True,0.8115
99,2,1379.54,644.09,80.89,41.68,80.89,41.72,True,0.8624
99,3,1777.08,672.14,107.32,44.0,107.29,44.0,False,0.8713
99,4,1641.92,444.11,101.66,23.94,101.66,23.94,True,0.8342
99,5,1384.86,479.19,82.78,27.22,82.79,27.24,True,0.8216
99,6,1819.94,421.97,114.95,21.83,114.9,21.87,False,0.7866
99,7,1598.22,346.1,100.03,14.36,100.01,14.39,True,0.8179
99,8,1861.39,449.48,117.37,24.44,117.36,24.48,False,0.7929
99,9,1730.4,529.63,106.53,31.8,106.54,31.78,False,0.8256
99,10,839.62,566.21,44.16,35.04,44.12,35.03,True,0.8
99,11,905.24,444.84,48.55,24.01,48.53,24.05,True,0.791
99,12,855.86,704.64,45.58,46.63,45.54,46.63,True,0.8173
99,13,1350.4,285.01,82.19,8.07,82.16,8.11,True,0.7729
99,14,1228.84,580.47,71.05,36.28,71.08,36.24,True,0.8503
99,15,1062.62,348.85,60.14,14.64,60.1,14.59,True,0.767
99,17,631.56,387.57,28.38,18.49,28.37,18.55,True,0.8079
99,18,724.86,243.3,34.36,3.62,34.22,3.68,True,0.5766
99,19,1432.42,385.88,87.22,18.32,87.22,18.35,True,0.7872
99,20,1454.98,380.44,88.94,17.79,88.94,17.82,True,0.7938
99,23,929.12,696.75,50.44,46.0,50.44,45.98,True,0.7226
99,24,898.51,989.5,48.74,67.69,48.93,67.54,True,0.6573
100,1,1676.78,519.99,102.92,30.94,102.92,30.92,True,0.8032
100,2,1380.71,643.77,80.97,41.65,80.96,41.67,True,0.8648
100,3,1777.62,671.2,107.37,43.92,107.4,43.87,False,0.8789
100,4,1643.69,444.15,101.79,23.94,101.76,23.96,True,0.8332
100,5,1387.24,480.1,82.94,27.3,82.92,27.3,True,0.8212
100,6,1819.89,423.25,114.92,21.95,114.91,21.91,False,0.794
100,7,1599.43,346.58,100.12,14.41,100.09,14.42,True,0.8205
100,8,1861.4,450.41,117.35,24.53,117.35,24.54,False,0.8047
100,9,1730.24,528.65,106.53,31.71,106.54,31.71,False,0.8344
100,10,843.54,565.95,44.43,35.01,44.38,35.02,True,0.8054
100,11,910.06,444.96,48.9,24.02,48.85,24.08,True,0.8059
100,12,861.64,703.75,45.96,46.56,45.91,46.56,True,0.8272
100,13,1352.48,286.41,82.33,8.22,82.3,8.18,True,0.7566
100,14,1231.65,578.42,71.26,36.1,71.26,36.12,True,0.8574
100,15,1065.57,348.15,60.36,14.57,60.36,14.6,True,0.783
100,17,634.33,387.89,28.58,18.52,28.59,18.55,True,0.8116
100,18,727.0,244.2,34.53,3.72,34.53,3.71,True,0.6899
100,19,1434.84,386.12,87.39,18.35,87.36,18.37,True,0.7807
100,20,1456.06,380.76,89.02,17.82,89.01,17.82,True,0.789
100,23,932.74,696.26,50.68,45.96,50.71,45.97,True,0.6688
100,24,901.44,987.89,48.92,67.58,49.26,67.37,True,0.4843
101,1,1677.72,520.22,102.98,30.96,102.98,30.94,True,0.7995
101,2,1381.64,643.85,81.03,41.66,81.04,41.64,True,0.8629
101,3,1778.99,669.33,107.49,43.77,107.49,43.75,False,0.8802
101,4,1644.74,444.69,101.85,23.99,101.85,23.96,True,0.8332
101,5,1389.05,480.54,83.07,27.34,83.04,27.36,True,0.8309
101,6,1819.57,423.47,114.89,21.97,114.9,21.95,False,0.796
101,7,1600.1,347.14,100.16,14.47,100.17,14.46,True,0.818
101,8,1861.37,451.27,117.33,24.61,117.34,24.61,False,0.807
101,9,1730.04,527.68,106.54,31.63,106.54,31.64,False,0.8331
101,10,846.83,565.8,44.65,35.0,44.62,35.0,True,0.8014
101,11,913.72,445.92,49.17,24.11,49.15,24.13,True,0.8147
101,12,866.62,702.27,46.29,46.44,46.25,46.5,True,0.8185
101,13,1353.83,286.94,82.43,8.27,82.45,8.29,True,0.7706
101,14,1234.32,577.01,71.45,35.98,71.46,36.02,True,0.8767
101,15,1068.97,348.02,60.61,14.56,60.61,14.62,True,0.7947
101,17,637.35,388.42,28.81,18.57,28.81,18.58,True,0.8094
101,18,730.9,244.54,34.83,3.75,34.83,3.75,True,0.6841
101,19,1436.62,386.7,87.52,18.41,87.5,18.39,True,0.7673
101,20,1457.08,381.1,89.09,17.85,89.09,17.83,True,0.77
101,23,937.73,696.11,51.02,45.95,50.95,45.96,True,0.5895
102,1,1678.52,520.43,103.04,30.98,103.05,30.95,True,0.8039
102,2,1382.59,643.24,81.1,41.61,81.12,41.63,True,0.8607
102,3,1780.0,666.81,107.6,43.56,107.59,43.62,False,0.8858
102,4,1645.67,444.57,101.92,23.98,101.94,23.96,True,0.8316
102,5,1390.36,481.47,83.15,27.43,83.16,27.42,True,0.8323
102,6,1819.32,423.61,114.87,21.99,114.9,21.98,False,0.7973
102,7,1601.03,347.51,100.22,14.51,100.26,14.49,True,0.8228
102,8,1861.49,452.29,117.31,24.71,117.35,24.69,False,0.813
102,9,1730.06,526.99,106.55,31.56,106.56,31.58,False,0.829
102,10,849.36,565.63,44.83,34.99,44.84,34.98,True,0.8152
102,11,917.34,447.55,49.43,24.26,49.45,24.17,True,0.8037
102,12,871.22,702.28,46.6,46.44,46.56,46.46,True,0.824
102,13,1355.41,287.97,82.54,8.38,82.59,8.38,True,0.7671
102,14,1237.05,576.04,71.65,35.89,71.67,35.91,True,0.8811
102,15,1072.28,348.8,60.85,14.64,60.86,14.63,True,0.8028
102,17,640.38,389.26,29.04,18.66,29.03,18.62,True,0.8101
102,18,734.74,245.11,35.13,3.81,35.04,3.8,True,0.5801
102,19,1437.86,387.07,87.6,18.44,87.63,18.41,True,0.7628
102,20,1457.65,381.2,89.13,17.86,89.18,17.85,True,0.7603
102,23,940.54,696.07,51.2,45.94,51.19,45.94,True,0.7025
103,1,1679.54,520.31,103.11,30.97,103.11,30.92,True,0.8067
103,2,1384.11,643.03,81.21,41.59,81.21,41.62,True,0.8547
103,3,1781.1,665.83,107.69,43.48,107.7,43.51,False,0.8846
103,4,1646.91,444.03,102.02,23.93,102.02,23.96,True,0.8358
103,5,1391.92,482.42,83.25,27.51,83.27,27.48,True,0.8308
103,6,1819.36,423.8,114.87,22.0,114.91,21.99,False,0.7911
103,7,1602.38,348.09,100.31,14.56,100.35,14.53,True,0.8066
103,8,1862.0,453.07,117.34,24.78,117.36,24.74,False,0.8075
103,9,1730.22,526.48,106.57,31.52,106.58,31.54,False,0.8277
103,10,852.56,565.41,45.05,34.97,45.06,34.94,True,0.8338
103,11,921.42,447.56,49.72,24.26,49.72,24.22,True,0.8151
103,12,874.48,702.43,46.82,46.45,46.82,46.43,True,0.835
103,13,1358.22,289.16,82.74,8.51,82.73,8.45,True,0.7624
103,14,1240.41,575.4,71.88,35.84,71.88,35.84,True,0.8585
103,15,1075.62,349.41,61.1,14.7,61.09,14.66,True,0.817
103,17,643.35,389.43,29.26,18.67,29.24,18.64,True,0.8049
103,18,736.81,245.21,35.29,3.83,35.24,3.85,True,0.6543
103,19,1439.82,386.72,87.75,18.41,87.76,18.44,True,0.7315
103,20,1459.4,381.1,89.26,17.85,89.28,17.85,True,0.7517
103,23,943.57,696.08,51.41,45.94,51.43,45.94,True,0.7169
104,1,1680.45,519.33,103.19,30.88,103.19,30.88,True,0.7992
104,2,1385.73,643.34,81.31,41.62,81.31,41.61,True,0.843
104,3,1782.48,664.62,107.8,43.38,107.81,43.43,False,0.8803
104,4,1648.16,444.4,102.1,23.96,102.1,23.96,True,0.8315
104,5,1393.78,482.57,83.38,27.53,83.38,27.55,True,0.8295
104,6,1820.46,423.56,114.95,21.98,114.94,22.0,False,0.7883
104,7,1604.48,347.69,100.47,14.52,100.47,14.56,True,0.8018
104,8,1862.94,453.35,117.4,24.81,117.38,24.8,False,0.8055
104,9,1730.92,526.15,106.62,31.49,106.61,31.53,False,0.8281
104,10,855.6,564.75,45.26,34.91,45.27,34.92,True,0.8148
104,11,925.69,447.09,50.03,24.22,50.01,24.26,True,0.8086
104,12,878.86,702.14,47.11,46.43,47.08,46.42,True,0.8264
104,13,1360.3,289.17,82.9,8.51,82.88,8.52,True,0.7467
104,14,1243.73,574.53,72.12,35.76,72.09,35.79,True,0.8422
104,15,1079.08,349.32,61.36,14.69,61.32,14.7,True,0.8075
104,17,645.98,389.26,29.45,18.66,29.44,18.65,True,0.787
104,18,738.3,245.68,35.41,3.88,35.43,3.91,True,0.7162
104,19,1442.0,386.96,87.91,18.43,87.89,18.46,True,0.6996
104,20,1461.16,381.18,89.39,17.86,89.39,17.87,True,0.65
104,23,947.14,695.91,51.64,45.93,51.66,45.93,True,0.7012
105,1,1681.17,518.67,103.25,30.82,103.28,30.82,True,0.8042
105,2,1387.09,643.29,81.41,41.61,81.41,41.62,True,0.83
105,3,1783.86,664.32,107.9,43.36,107.94,43.38,False,0.8818
105,4,1649.38,444.36,102.19,23.96,102.2,23.96,True,0.8266
105,5,1395.4,483.0,83.49,27.57,83.51,27.63,True,0.8265
105,6,1820.72,423.61,114.97,21.99,114.99,22.03,False,0.7924
105,7,1606.44,348.14,100.61,14.57,100.6,14.61,True,0.796
105,8,1862.96,453.39,117.4,24.81,117.42,24.84,False,0.8145
105,9,1730.8,526.33,106.61,31.51,106.63,31.53,False,0.817
105,10,858.93,564.13,45.49,34.85,45.51,34.9,True,0.8084
105,11,929.04,447.53,50.27,24.26,50.29,24.27,True,0.8057
105,12,881.62,701.81,47.29,46.4,47.32,46.4,True,0.8328
105,13,1362.13,289.7,83.03,8.56,83.05,8.59,True,0.746
105,14,1246.4,574.11,72.3,35.73,72.31,35.75,True,0.8292
105,15,1081.34,349.41,61.53,14.7,61.55,14.74,True,0.7824
105,17,648.62,388.91,29.64,18.62,29.65,18.66,True,0.8033
105,18,739.82,246.62,35.53,3.98,35.61,3.98,True,0.676
105,19,1443.5,387.63,88.01,18.5,88.04,18.49,True,0.7265
105,20,1463.28,380.99,89.55,17.84,89.51,17.87,True,0.7301
105,23,950.71,695.75,51.88,45.92,51.88,45.93,True,0.6783
106,1,1682.7,518.12,103.37,30.77,103.37,30.76,True,0.7772
106,2,1388.82,643.25,81.52,41.61,81.52,41.64,True,0.824
106,3,1786.52,664.26,108.08,43.35,108.09,43.35,False,0.8683
106,4,1650.77,444.69,102.29,23.99,102.33,23.97,True,0.8094
106,5,1397.8,484.48,83.65,27.7,83.64,27.71,True,0.8315
106,6,1821.94,424.24,115.04,22.05,115.05,22.07,False,0.7912
106,7,1608.62,348.97,100.76,14.65,100.75,14.64,True,0.7864
106,8,1864.08,453.97,117.47,24.87,117.47,24.89,False,0.8179
106,9,1731.88,526.93,106.68,31.56,106.67,31.54,False,0.8091
106,10,862.52,564.2,45.74,34.86,45.77,34.87,True,0.8034
106,11,933.44,448.17,50.59,24.32,50.57,24.3,True,0.7847
106,12,885.68,701.41,47.56,46.37,47.59,46.38,True,0.8346
106,13,1364.45,290.31,83.2,8.63,83.21,8.65,True,0.725
106,14,1249.44,573.95,72.52,35.71,72.52,35.72,True,0.8267
106,15,1084.44,350.07,61.76,14.76,61.78,14.77,True,0.789
106,17,651.08,389.14,29.82,18.64,29.85,18.66,True,0.808
106,18,742.96,247.13,35.78,4.03,35.81,4.06,True,0.693
106,19,1445.85,388.12,88.18,18.54,88.19,18.52,True,0.7346
106,20,1464.54,381.79,89.63,17.92,89.61,17.87,True,0.7261
106,23,954.74,695.97,52.15,45.93,52.13,45.93,True,0.6743
107,1,1683.82,517.2,103.46,30.68,103.48,30.72,True,0.7855
107,2,1390.18,643.81,81.61,41.66,81.64,41.67,True,0.8249
107,3,1788.92,664.02,108.25,43.33,108.28,43.34,False,0.859
107,4,1652.52,444.52,102.42,23.98,102.5,23.97,True,0.7947
107,5,1399.62,485.77,83.77,27.82,83.77,27.83,True,0.8405
107,6,1822.91,425.14,115.1,22.13,115.14,22.11,False,0.7932
107,7,1610.15,349.73,100.86,14.73,100.9,14.7,True,0.8165
107,8,1864.61,454.57,117.49,24.92,117.54,24.92,False,0.8153
107,9,1732.07,527.1,106.69,31.57,106.73,31.55,False,0.8034
107,10,866.72,564.89,46.03,34.92,46.04,34.82,True,0.8023
107,11,936.94,448.06,50.84,24.31,50.87,24.34,True,0.7913
107,12,889.82,701.19,47.83,46.36,47.85,46.35,True,0.8217
107,13,1366.72,291.62,83.36,8.76,83.38,8.67,True,0.6991
107,14,1252.51,573.81,72.73,35.7,72.74,35.68,True,0.8232
107,15,1087.87,350.75,62.01,14.83,62.01,14.81,True,0.8221
107,17,654.3,389.83,30.06,18.71,30.05,18.67,True,0.7919
107,18,746.14,248.5,36.03,4.18,36.01,4.14,True,0.684
107,19,1448.12,388.38,88.34,18.57,88.35,18.53,True,0.7393
107,20,1465.52,381.39,89.71,17.88,89.73,17.85,True,0.7343
107,23,957.48,696.02,52.33,45.94,52.38,45.93,True,0.5914
108,1,1685.49,516.88,103.58,30.66,103.62,30.69,True,0.8108
108,2,1392.4,644.57,81.75,41.72,81.77,41.71,True,0.8311
108,3,1791.84,663.97,108.44,43.33,108.49,43.35,False,0.8611
108,4,1655.55,444.2,102.64,23.95,102.69,23.98,True,0.802
108,5,1401.73,487.2,83.9,27.95,83.92,27.94,True,0.8486
108,6,1824.29,425.72,115.18,22.19,115.26,22.15,False,0.7873
108,7,1612.53,349.91,101.04,14.75,101.05,14.73,True,0.8127
108,8,1866.38,455.58,117.6,25.02,117.64,24.95,False,0.7957
108,9,1733.14,527.0,106.76,31.57,106.81,31.57,False,0.8025
108,10,870.94,563.65,46.32,34.81,46.32,34.76,True,0.7943
108,11,941.04,448.72,51.14,24.37,51.18,24.4,True,0.8073
108,12,894.58,700.78,48.15,46.32,48.13,46.32,True,0.8165
108,13,1369.19,291.93,83.54,8.8,83.57,8.68,True,0.6956
108,14,1255.34,573.6,72.93,35.68,72.96,35.64,True,0.8242
108,15,1091.16,351.25,62.25,14.88,62.26,14.82,True,0.8146
108,17,657.11,389.5,30.27,18.68,30.25,18.68,True,0.7994
108,18,749.88,249.14,36.32,4.25,36.22,4.18,True,0.6998
108,19,1450.04,388.09,88.49,18.54,88.54,18.52,True,0.7445
108,20,1466.34,381.26,89.77,17.87,89.86,17.83,True,0.7375
108,23,962.17,696.03,52.64,45.94,52.62,45.94,True,0.5661
108,24,918.88,978.46,49.98,66.94,49.6,67.22,True,0.3764
109,1,1687.8,516.89,103.75,30.66,103.77,30.67,True,0.8123
109,2,1395.0,645.08,81.93,41.76,81.91,41.74,True,0.8374
109,3,1796.34,664.26,108.74,43.35,108.71,43.34,False,0.8703
109,4,1659.94,444.49,102.95,23.97,102.91,23.96,True,0.799
109,5,1404.04,489.05,84.05,28.12,84.07,28.03,True,0.8408
109,6,1827.17,425.57,115.4,22.17,115.4,22.18,False,0.7825
109,7,1614.92,350.22,101.21,14.78,101.2,14.76,True,0.8229
109,8,1868.47,455.4,117.75,25.0,117.74,24.98,False,0.7964
109,9,1735.2,526.92,106.91,31.56,106.9,31.57,False,0.7957
109,10,875.18,561.83,46.61,34.65,46.61,34.68,True,0.8112
109,11,946.26,449.39,51.51,24.43,51.49,24.47,True,0.834
109,12,898.84,700.45,48.43,46.3,48.45,46.31,True,0.8408
109,13,1372.03,289.98,83.78,8.59,83.75,8.68,True,0.7554
109,14,1259.22,572.71,73.2,35.6,73.19,35.59,True,0.8497
109,15,1094.34,351.02,62.49,14.86,62.52,14.81,True,0.7973
109,17,659.68,389.61,30.46,18.69,30.45,18.69,True,0.7906
109,18,750.7,249.32,36.39,4.27,36.44,4.22,True,0.6987
109,19,1453.35,387.55,88.74,18.49,88.73,18.51,True,0.748
109,20,1469.18,379.74,90.0,17.72,89.99,17.8,True,0.7153
109,23,965.83,696.0,52.89,45.94,52.86,45.94,True,0.6461
109,24,920.97,978.54,50.1,66.94,49.92,67.06,True,0.4597
110,1,1690.24,517.1,103.92,30.68,103.94,30.67,True,0.8007
110,2,1397.03,645.26,82.06,41.78,82.07,41.78,True,0.8329
110,3,1799.58,664.52,108.96,43.37,108.93,43.33,False,0.8678
110,4,1662.94,444.69,103.17,23.99,103.14,23.94,True,0.8057
110,5,1406.65,489.05,84.23,28.12,84.22,28.08,True,0.8327
110,6,1829.55,425.79,115.56,22.19,115.57,22.2,False,0.7823
110,7,1617.25,350.01,101.39,14.76,101.37,14.77,True,0.8181
110,8,1870.16,454.89,117.88,24.95,117.87,25.0,False,0.7962
110,9,1736.48,527.41,106.99,31.6,107.02,31.56,False,0.803
110,10,879.38,560.53,46.9,34.54,46.91,34.61,True,0.7919
110,11,950.53,450.82,51.82,24.57,51.81,24.56,True,0.8363
110,12,902.76,700.16,48.69,46.27,48.79,46.29,True,0.8057
110,13,1374.6,290.36,83.97,8.63,83.93,8.65,True,0.7738
110,14,1262.62,571.83,73.44,35.53,73.43,35.52,True,0.8392
110,15,1098.07,349.98,62.77,14.76,62.79,14.77,True,0.8037
110,17,662.18,389.37,30.64,18.67,30.64,18.68,True,0.813
110,18,753.54,248.59,36.6,4.19,36.65,4.24,True,0.7004
110,19,1455.94,387.25,88.93,18.46,88.92,18.49,True,0.752
110,20,1471.55,379.9,90.17,17.74,90.14,17.78,True,0.7113
110,23,968.56,695.97,53.07,45.93,53.11,45.94,True,0.6384
110,24,923.28,978.86,50.25,66.96,50.23,66.9,True,0.7513
111,1,1693.34,517.09,104.13,30.68,104.12,30.66,True,0.8496
111,2,1399.44,645.22,82.22,41.78,82.22,41.84,True,0.8389
111,3,1802.11,663.97,109.14,43.33,109.16,43.32,False,0.8655
111,4,1665.62,443.92,103.37,23.92,103.37,23.93,True,0.8143
111,5,1408.84,489.06,84.39,28.12,84.37,28.11,True,0.8344
111,6,1832.36,426.03,115.76,22.22,115.76,22.22,False,0.7796
111,7,1619.08,350.23,101.52,14.78,101.55,14.78,True,0.8187
111,8,1871.73,455.49,117.98,25.01,117.99,24.99,False,0.8039
111,9,1738.39,526.79,107.14,31.55,107.16,31.54,False,0.8031
111,10,883.73,560.05,47.2,34.5,47.2,34.53,True,0.7563
111,11,954.98,452.0,52.14,24.68,52.13,24.64,True,0.8296
111,12,909.92,700.24,49.17,46.28,49.14,46.27,True,0.8127
111,13,1376.36,290.3,84.11,8.63,84.12,8.62,True,0.7751
111,14,1265.81,570.63,73.67,35.42,73.69,35.44,True,0.8334
111,15,1102.06,349.51,63.07,14.71,63.08,14.73,True,0.7766
111,17,664.5,389.72,30.81,18.7,30.81,18.66,True,0.8072
111,18,756.74,248.91,36.85,4.22,36.85,4.25,True,0.7497
111,19,1458.68,387.59,89.13,18.49,89.13,18.46,True,0.7324
111,20,1473.76,380.61,90.32,17.81,90.32,17.77,True,0.7049
111,23,972.75,695.99,53.35,45.94,53.34,45.93,True,0.5401
111,24,925.02,977.95,50.35,66.9,50.34,66.85,True,0.6937
111,29,7.56,426.75,-16.55,22.29,-16.44,22.12,False,0.6727
112,1,1695.79,516.77,104.31,30.65,104.3,30.64,True,0.827
112,2,1401.85,646.47,82.38,41.88,82.38,41.89,True,0.8482
112,3,1805.52,663.19,109.38,43.26,109.36,43.3,False,0.8613
112,4,1668.44,443.61,103.58,23.89,103.58,23.91,True,0.8029
112,5,1410.45,488.58,84.51,28.08,84.52,28.11,True,0.821
112,6,1835.28,426.08,115.97,22.22,115.93,22.25,False,0.7937
112,7,1621.58,350.45,101.7,14.8,101.72,14.78,True,0.8105
112,8,1873.6,455.38,118.12,25.0,118.11,25.0,False,0.8129
112,9,1740.47,526.24,107.29,31.5,107.31,31.53,False,0.7968
112,10,888.1,560.53,47.51,34.54,47.49,34.46,True,0.7731
112,11,959.24,452.59,52.45,24.74,52.43,24.73,True,0.833
112,12,915.42,700.29,49.53,46.28,49.51,46.27,True,0.807
112,13,1378.56,290.24,84.27,8.62,84.28,8.62,True,0.7755
112,14,1269.42,569.78,73.93,35.35,73.97,35.37,True,0.8352
112,15,1106.32,348.97,63.39,14.65,63.38,14.67,True,0.7795
112,17,667.15,389.34,31.0,18.66,30.99,18.63,True,0.8066
112,18,759.8,249.56,37.09,4.29,37.08,4.21,True,0.7573
112,19,1461.38,387.15,89.33,18.45,89.33,18.45,True,0.7225
112,20,1475.64,380.33,90.46,17.78,90.46,17.78,True,0.7249
112,23,976.36,695.94,53.59,45.93,53.45,45.93,True,0.5175
112,24,926.82,976.11,50.46,66.78,50.46,66.78,True,0.7402
112,29,9.61,424.94,-16.45,22.11,-16.37,22.05,False,0.7155
112,30,975.78,691.86,53.55,45.6,53.74,45.56,True,0.4157
113,1,1698.32,516.62,104.49,30.63,104.48,30.6,True,0.8129
113,2,1404.29,647.8,82.53,41.99,82.52,41.94,True,0.8536
113,3,1808.24,663.5,109.56,43.29,109.56,43.28,False,0.87
113,4,1671.51,443.41,103.8,23.87,103.76,23.89,True,0.8039
113,5,1412.62,489.09,84.66,28.13,84.65,28.11,True,0.8198
113,6,1837.4,426.8,116.11,22.29,116.1,22.29,False,0.794
113,7,1624.48,350.36,101.92,14.79,101.88,14.78,True,0.8129
113,8,1875.2,455.36,118.23,25.0,118.22,25.02,False,0.803
113,9,1743.24,526.29,107.49,31.5,107.48,31.48,False,0.8081
113,10,892.06,559.24,47.78,34.43,47.79,34.39,True,0.7645
113,11,963.37,453.06,52.74,24.78,52.71,24.8,True,0.8362
113,12,920.99,699.82,49.9,46.24,49.89,46.25,True,0.8208
113,13,1381.06,290.5,84.46,8.65,84.43,8.62,True,0.7709
113,14,1273.77,569.02,74.23,35.28,74.26,35.31,True,0.8296
113,15,1110.57,349.04,63.7,14.66,63.65,14.65,True,0.785
113,17,669.36,388.63,31.16,18.59,31.16,18.59,True,0.786
113,18,763.09,249.31,37.34,4.27,37.27,4.18,True,0.6186
113,19,1463.76,386.84,89.51,18.42,89.53,18.44,True,0.6711
113,20,1477.86,380.44,90.63,17.79,90.56,17.81,True,0.7238
113,23,979.58,695.95,53.8,45.93,53.58,45.93,True,0.5306
113,24,928.4,974.7,50.56,66.68,50.58,66.69,True,0.5031
113,29,11.78,423.31,-16.33,21.96,-16.28,22.01,False,0.7418
113,30,979.06,691.41,53.77,45.57,53.88,45.56,True,0.4705
114,1,1700.41,515.9,104.65,30.57,104.64,30.55,True,0.8052
114,2,1406.68,647.99,82.69,42.01,82.66,42.01,True,0.8509
114,3,1811.14,663.29,109.75,43.27,109.76,43.27,False,0.8661
114,4,1673.74,443.6,103.96,23.89,103.94,23.89,True,0.805
114,5,1414.6,488.82,84.8,28.1,84.78,28.1,True,0.8424
114,6,1839.6,427.29,116.26,22.34,116.25,22.33,False,0.794
114,7,1626.2,350.2,102.05,14.78,102.05,14.78,True,0.817
114,8,1876.7,455.79,118.33,25.04,118.32,25.02,False,0.8085
114,9,1745.39,526.06,107.64,31.48,107.64,31.42,False,0.8135
114,10,896.36,557.82,48.08,34.3,48.09,34.32,True,0.7944
114,11,966.82,454.04,52.99,24.87,52.97,24.84,True,0.8261
114,12,926.06,700.07,50.24,46.26,50.23,46.22,True,0.8215
114,13,1382.71,289.88,84.59,8.58,84.57,8.61,True,0.7624
114,14,1278.86,568.87,74.59,35.27,74.56,35.27,True,0.8342
114,15,1113.82,348.33,63.95,14.59,63.92,14.63,True,0.7902
114,17,671.8,388.1,31.34,18.54,31.32,18.54,True,0.8057
114,19,1466.93,387.13,89.74,18.45,89.73,18.42,True,0.6715
114,20,1479.05,380.59,90.71,17.8,90.62,17.86,True,0.6775
114,24,930.15,973.24,50.67,66.58,50.7,66.6,True,0.5615
114,29,14.38,422.19,-16.16,21.85,-16.09,21.91,False,0.7016
114,30,980.9,690.59,53.89,45.5,53.99,45.56,True,0.4731
115,1,1702.46,515.08,104.81,30.49,104.78,30.49,True,0.7913
115,2,1408.42,648.65,82.8,42.06,82.79,42.05,True,0.8389
115,3,1814.24,663.29,109.96,43.27,109.94,43.27,False,0.8622
115,4,1675.88,443.75,104.11,23.9,104.08,23.88,True,0.777
115,5,1416.16,488.82,84.91,28.1,84.89,28.11,True,0.8356
115,6,1841.56,427.79,116.39,22.39,116.36,22.36,False,0.7762
115,7,1628.28,350.03,102.21,14.76,102.19,14.77,True,0.818
115,8,1877.96,455.75,118.42,25.03,118.41,25.03,False,0.7994
115,9,1747.81,524.86,107.83,31.37,107.8,31.34,False,0.8012
115,10,900.76,556.61,48.38,34.19,48.36,34.23,True,0.814
115,11,970.14,454.68,53.23,24.93,53.2,24.85,True,0.8264
115,12,931.29,699.15,50.59,46.19,50.56,46.16,True,0.7964
115,13,1384.36,290.29,84.71,8.62,84.7,8.6,True,0.7604
115,14,1283.24,568.46,74.89,35.23,74.84,35.24,True,0.8502
115,15,1116.65,348.92,64.16,14.65,64.16,14.61,True,0.7992
115,17,674.26,387.41,31.51,18.48,31.46,18.48,True,0.8058
115,18,765.26,247.37,37.5,4.06,37.47,4.14,True,0.4051
115,19,1469.28,386.76,89.92,18.41,89.92,18.41,True,0.6831
115,20,1478.96,381.09,90.7,17.85,90.73,17.85,True,0.4591
115,29,17.81,421.9,-15.92,21.82,-15.83,21.85,False,0.7329
116,1,1703.92,514.13,104.93,30.41,104.9,30.43,True,0.7896
116,2,1410.32,649.09,82.92,42.1,82.91,42.06,True,0.8273
116,3,1817.28,663.37,110.17,43.28,110.11,43.27,False,0.8642
116,4,1677.54,443.51,104.24,23.88,104.2,23.86,True,0.7637
116,5,1417.58,488.64,85.01,28.09,85.0,28.12,True,0.8437
116,6,1843.14,427.97,116.5,22.4,116.45,22.38,False,0.7941
116,7,1630.26,350.22,102.35,14.78,102.31,14.77,True,0.809
116,8,1879.08,455.65,118.51,25.02,118.48,25.04,False,0.8066
116,9,1749.26,523.51,107.96,31.25,107.94,31.25,False,0.8011
116,10,905.22,555.71,48.69,34.12,48.63,34.16,True,0.8015
116,11,972.77,454.12,53.42,24.88,53.4,24.85,True,0.8376
116,12,935.96,698.18,50.9,46.11,50.87,46.11,True,0.8149
116,13,1385.5,290.02,84.8,8.6,84.81,8.58,True,0.7543
116,14,1286.78,568.33,75.14,35.22,75.09,35.23,True,0.8427
116,15,1119.73,348.31,64.39,14.59,64.36,14.59,True,0.7947
116,17,675.18,386.8,31.58,18.42,31.59,18.43,True,0.8075
116,18,765.91,247.43,37.55,4.07,37.66,4.09,True,0.4761
116,19,1472.27,386.33,90.14,18.37,90.12,18.4,True,0.709
116,20,1477.74,383.22,90.58,18.06,90.84,17.86,True,0.3591
116,24,933.3,972.03,50.86,66.5,50.81,66.52,True,0.5637
116,29,22.55,421.78,-15.58,21.81,-15.52,21.82,False,0.7915
116,30,987.02,691.7,54.3,45.59,54.19,45.53,True,0.5158
117,1,1705.4,513.6,105.04,30.36,105.01,30.38,False,0.7956
117,2,1411.72,649.17,83.02,42.1,83.02,42.06,True,0.8231
117,3,1818.8,663.15,110.27,43.26,110.27,43.26,False,0.8672
117,4,1678.43,443.15,104.31,23.85,104.32,23.84,True,0.7632
117,5,1418.78,489.06,85.09,28.12,85.08,28.15,True,0.8349
117,6,1843.77,427.95,116.55,22.4,116.53,22.38,False,0.7954
117,7,1631.32,349.91,102.43,14.75,102.43,14.77,True,0.7936
117,8,1879.72,455.95,118.55,25.05,118.54,25.04,False,0.8014
117,9,1750.82,522.07,108.09,31.12,108.07,31.13,False,0.8023
117,10,908.14,555.4,48.89,34.09,48.89,34.1,True,0.8027
117,11,975.26,453.32,53.6,24.8,53.57,24.86,True,0.8292
117,12,940.32,697.02,51.19,46.02,51.16,46.06,True,0.8353
117,13,1387.12,289.55,84.93,8.55,84.91,8.57,True,0.753
117,14,1289.75,568.17,75.34,35.21,75.31,35.21,True,0.8306
117,15,1122.48,348.05,64.59,14.56,64.54,14.6,True,0.7959
117,17,676.8,386.19,31.69,18.36,31.71,18.39,True,0.8054
117,18,770.0,247.12,37.86,4.03,37.84,4.05,True,0.6041
117,19,1474.41,386.41,90.3,18.38,90.3,18.38,True,0.7236
117,20,1483.5,380.16,91.05,17.76,90.94,17.88,True,0.406
117,24,934.6,971.28,50.94,66.44,50.91,66.46,True,0.4559
117,29,27.99,421.75,-15.18,21.81,-15.18,21.8,False,0.7955
117,30,988.95,690.97,54.43,45.53,54.38,45.5,True,0.6212
118,1,1705.94,513.28,105.09,30.33,105.11,30.3,False,0.7953
118,2,1413.23,648.36,83.13,42.04,83.13,42.05,True,0.823
118,3,1820.38,663.28,110.38,43.27,110.44,43.26,False,0.8648
118,4,1679.5,442.61,104.39,23.79,104.45,23.78,True,0.7721
118,5,1419.95,489.59,85.17,28.17,85.17,28.19,True,0.8367
118,6,1844.0,427.7,116.57,22.38,116.59,22.38,False,0.8019
118,7,1632.57,350.06,102.52,14.76,102.52,14.78,True,0.7454
118,8,1880.01,455.91,118.57,25.05,118.59,25.05,False,0.8015
118,9,1751.94,520.87,108.19,31.02,108.18,31.03,False,0.8054
118,10,911.36,555.39,49.12,34.09,49.12,34.06,True,0.8043
118,11,977.27,453.05,53.74,24.78,53.7,24.86,True,0.8199
118,12,943.93,696.42,51.43,45.97,51.41,46.03,True,0.8394
118,13,1388.04,289.69,85.0,8.56,84.99,8.56,True,0.756
118,14,1291.97,568.2,75.5,35.21,75.5,35.19,True,0.8284
118,15,1124.24,348.14,64.72,14.57,64.71,14.59,True,0.7984
118,17,678.56,385.98,31.82,18.33,31.82,18.37,True,0.8107
118,18,772.72,247.07,38.07,4.03,38.01,4.05,True,0.6677
118,19,1476.82,386.31,90.48,18.37,90.48,18.36,True,0.7384
118,20,1485.27,380.62,91.17,17.81,91.06,17.87,True,0.4019
118,24,935.74,970.6,51.01,66.4,51.0,66.41,True,0.4983
118,29,33.89,421.77,-14.75,21.81,-14.83,21.78,False,0.8099
118,30,990.8,690.2,54.55,45.47,54.57,45.48,True,0.5767
119,1,1707.08,512.94,105.17,30.3,105.2,30.22,False,0.8001
119,2,1414.72,647.88,83.23,42.0,83.24,42.01,True,0.8292
119,3,1823.25,662.97,110.57,43.24,110.6,43.24,False,0.8703
119,4,1681.87,442.37,104.57,23.77,104.59,23.73,True,0.7603
119,5,1421.04,490.81,85.24,28.29,85.26,28.23,True,0.8433
119,6,1845.05,427.39,116.65,22.35,116.64,22.38,False,0.7973
119,7,1633.89,350.35,102.62,14.79,102.61,14.77,True,0.7912
119,8,1880.98,456.14,118.63,25.07,118.65,25.07,False,0.8023
119,9,1752.82,519.72,108.28,30.91,108.28,30.95,False,0.8064
119,10,914.88,554.5,49.36,34.01,49.32,34.02,True,0.8157
119,11,978.98,454.44,53.86,24.91,53.8,24.87,True,0.8113
119,12,947.73,697.05,51.68,46.02,51.63,46.02,True,0.8305
119,13,1389.27,289.43,85.09,8.53,85.07,8.52,True,0.7655
119,14,1294.49,567.94,75.67,35.19,75.68,35.14,True,0.8278
119,15,1126.05,348.68,64.86,14.62,64.86,14.59,True,0.7843
119,17,680.22,386.19,31.94,18.36,31.93,18.35,True,0.7994
119,18,774.88,247.47,38.24,4.07,38.21,4.05,True,0.7045
119,19,1479.57,386.15,90.68,18.35,90.63,18.36,True,0.7633
119,20,1486.02,381.83,91.21,17.93,91.24,17.77,True,0.3725
119,24,936.57,969.98,51.06,66.36,51.07,66.36,True,0.7005
119,29,38.1,421.17,-14.46,21.75,-14.48,21.76,False,0.8118
119,30,993.06,689.61,54.71,45.42,54.73,45.45,True,0.6651
120,1,1708.43,510.85,105.3,30.11,105.29,30.13,False,0.7932
120,2,1416.43,647.91,83.35,42.0,83.34,41.97,True,0.8243
120,3,1826.54,662.85,110.8,43.23,110.76,43.22,False,0.859
120,4,1683.9,440.8,104.74,23.62,104.75,23.68,True,0.7741
120,5,1422.59,490.78,85.35,28.28,85.35,28.29,True,0.8456
120,6,1845.56,427.76,116.68,22.38,116.69,22.37,False,0.7933
120,7,1634.87,350.42,102.69,14.8,102.7,14.77,True,0.8132
120,8,1881.87,456.2,118.7,25.08,118.7,25.08,False,0.7972
120,9,1753.85,519.08,108.36,30.85,108.37,30.9,False,0.8051
120,10,917.48,554.18,49.54,33.98,49.51,33.97,True,0.8071
120,11,979.24,454.54,53.88,24.92,53.89,24.92,True,0.8045
120,12,950.09,697.08,51.84,46.02,51.82,46.01,True,0.8345
120,13,1389.96,289.56,85.15,8.55,85.17,8.5,True,0.719
120,14,1296.97,566.92,75.85,35.1,75.86,35.06,True,0.8216
120,15,1128.02,348.55,65.0,14.61,65.01,14.6,True,0.7559
120,17,681.72,386.36,32.05,18.37,32.06,18.35,True,0.7924
120,18,776.36,247.27,38.35,4.05,38.39,4.04,True,0.7007
120,19,1481.16,385.94,90.8,18.33,90.77,18.34,True,0.7456
120,20,1487.24,380.67,91.31,17.81,91.31,17.78,True,0.5511
120,24,937.32,970.21,51.11,66.37,51.14,66.3,True,0.6823
120,29,42.38,420.84,-14.16,21.72,-14.17,21.73,False,0.7713
120,30,995.64,689.53,54.88,45.41,54.88,45.4,True,0.6616
121,1,1709.64,509.42,105.41,29.98,105.38,30.05,False,0.7664
121,2,1417.88,647.01,83.45,41.92,83.44,41.95,True,0.8324
121,3,1828.8,662.46,110.96,43.2,110.93,43.19,False,0.8614
121,4,1686.74,440.7,104.95,23.61,104.92,23.66,True,0.7853
121,5,1424.24,490.84,85.46,28.29,85.44,28.37,True,0.8596
121,6,1846.64,427.63,116.76,22.37,116.74,22.36,False,0.7981
121,7,1636.04,350.11,102.78,14.77,102.79,14.77,True,0.8093
121,8,1883.12,456.67,118.78,25.12,118.75,25.09,False,0.79
121,9,1755.5,519.06,108.48,30.85,108.45,30.87,False,0.8127
121,10,919.58,553.33,49.69,33.91,49.69,33.91,True,0.8187
121,11,979.84,454.89,53.93,24.95,53.97,24.99,True,0.8042
121,12,952.33,697.36,51.99,46.05,52.01,45.99,True,0.8201
121,13,1390.56,288.47,85.2,8.43,85.26,8.49,True,0.5844
121,14,1299.59,565.49,76.05,34.97,76.04,34.97,True,0.821
121,15,1129.79,348.51,65.14,14.61,65.17,14.61,True,0.7758
121,17,683.3,386.06,32.17,18.34,32.19,18.35,True,0.8074
121,18,778.93,247.44,38.55,4.07,38.55,4.04,True,0.7111
121,19,1482.39,386.14,90.89,18.35,90.9,18.29,True,0.731
121,20,1488.97,378.11,91.47,17.56,91.39,17.78,True,0.622
121,24,938.96,967.9,51.21,66.21,51.22,66.27,True,0.5368
121,29,46.34,420.75,-13.87,21.71,-13.89,21.68,False,0.7967
121,30,998.3,689.39,55.06,45.4,55.04,45.38,True,0.6534
122,1,1710.36,508.78,105.47,29.92,105.48,29.98,False,0.7644
122,2,1419.25,646.7,83.55,41.9,83.55,41.93,True,0.8304
122,3,1830.91,661.85,111.11,43.15,111.1,43.18,False,0.8588
122,4,1689.0,440.82,105.11,23.63,105.08,23.64,False,0.788
122,5,1425.69,492.37,85.55,28.43,85.55,28.42,True,0.8519
122,6,1847.12,427.66,116.8,22.37,116.79,22.35,False,0.79
122,7,1637.5,349.89,102.89,14.75,102.88,14.76,True,0.7975
122,8,1883.74,456.45,118.82,25.1,118.81,25.09,False,0.7906
122,9,1756.56,519.2,108.55,30.87,108.55,30.86,False,0.8112
122,10,921.61,552.73,49.83,33.85,49.86,33.86,True,0.8191
122,11,981.5,455.86,54.04,25.04,54.07,25.05,True,0.7797
122,12,954.88,696.62,52.16,45.99,52.2,45.93,True,0.8281
122,13,1393.09,288.28,85.4,8.41,85.36,8.47,True,0.6437
122,14,1302.16,563.94,76.24,34.84,76.22,34.87,True,0.8341
122,15,1132.4,348.35,65.33,14.59,65.35,14.6,True,0.7734
122,17,685.3,386.34,32.32,18.37,32.32,18.33,True,0.811
122,18,781.4,246.86,38.74,4.0,38.72,4.02,True,0.6881
122,19,1484.04,385.38,91.02,18.28,91.02,18.25,True,0.7193
122,20,1488.28,380.46,91.39,17.79,91.44,17.74,True,0.6036
122,24,940.71,967.46,51.31,66.18,51.31,66.26,True,0.6881
122,29,49.86,419.99,-13.63,21.64,-13.62,21.65,False,0.8134
122,30,1000.56,688.32,55.21,45.32,55.19,45.35,True,0.6623
123,1,1711.49,509.11,105.55,29.95,105.57,29.93,False,0.7958
123,2,1420.63,647.22,83.64,41.94,83.65,41.9,True,0.8326
123,3,1832.29,661.77,111.2,43.15,111.26,43.16,False,0.8567
123,4,1690.64,441.44,105.22,23.68,105.22,23.65,False,0.7859
123,5,1426.9,493.69,85.62,28.55,85.65,28.48,True,0.8468
123,6,1847.17,427.33,116.81,22.34,116.84,22.34,False,0.7851
123,7,1638.54,349.69,102.97,14.73,102.96,14.76,True,0.7886
123,8,1883.89,456.46,118.84,25.1,118.87,25.09,False,0.7924
123,9,1757.24,519.22,108.59,30.87,108.65,30.84,False,0.8083
123,10,924.27,552.02,50.01,33.79,50.03,33.8,True,0.8462
123,11,983.08,456.61,54.16,25.11,54.18,25.13,True,0.7944
123,12,957.92,695.17,52.36,45.87,52.41,45.83,True,0.8237
123,13,1394.26,289.32,85.48,8.52,85.45,8.46,True,0.7184
123,14,1304.22,563.03,76.39,34.76,76.38,34.77,True,0.8484
123,15,1135.06,348.49,65.53,14.61,65.54,14.58,True,0.7796
123,17,687.47,385.59,32.47,18.3,32.45,18.3,True,0.8098
123,18,783.28,246.88,38.88,4.01,38.89,4.02,True,0.7001
123,19,1485.12,384.17,91.11,18.16,91.13,18.21,True,0.7036
123,24,941.98,968.27,51.39,66.24,51.41,66.24,True,0.7304
123,29,54.11,419.5,-13.34,21.59,-13.35,21.6,False,0.8201
123,30,1002.68,688.47,55.35,45.33,55.32,45.32,True,0.7081
124,1,1713.02,508.8,105.66,29.93,105.65,29.91,False,0.7895
124,2,1422.36,646.46,83.76,41.88,83.74,41.9,True,0.8313
124,3,1835.36,661.96,111.41,43.16,111.41,43.13,False,0.8608
124,4,1692.7,441.41,105.37,23.68,105.35,23.65,False,0.7814
124,5,1428.82,493.82,85.76,28.56,85.74,28.54,True,0.846
124,6,1848.32,427.03,116.9,22.31,116.88,22.32,False,0.7565
124,7,1639.7,350.1,103.05,14.77,103.04,14.76,True,0.7917
124,8,1884.96,455.89,118.92,25.05,118.9,25.07,False,0.791
124,9,1759.48,518.88,108.76,30.84,108.74,30.82,False,0.8099
124,10,927.48,551.96,50.24,33.78,50.23,33.74,True,0.8306
124,11,985.58,458.1,54.34,25.25,54.3,25.2,True,0.79
124,12,961.98,693.32,52.63,45.72,52.65,45.72,True,0.8118
124,13,1395.18,288.69,85.55,8.46,85.53,8.47,True,0.7687
124,14,1306.56,562.14,76.55,34.68,76.53,34.7,True,0.8767
124,15,1137.74,348.07,65.73,14.56,65.73,14.56,True,0.7876
124,17,689.36,385.34,32.61,18.27,32.58,18.28,True,0.8174
124,18,786.16,246.67,39.1,3.98,39.05,4.02,True,0.6759
124,19,1487.3,384.02,91.27,18.14,91.24,18.15,True,0.7361
124,24,944.18,969.2,51.53,66.3,51.5,66.24,True,0.7876
124,29,57.6,419.28,-13.09,21.57,-13.1,21.54,False,0.7992
124,30,1004.36,688.18,55.46,45.3,55.43,45.3,True,0.7048
125,1,1714.16,508.28,105.75,29.88,105.74,29.89,False,0.787
125,2,1423.67,646.44,83.85,41.88,83.83,41.9,True,0.8371
125,3,1838.2,661.4,111.61,43.12,111.56,43.12,False,0.8587
125,4,1693.86,441.09,105.46,23.65,105.45,23.63,False,0.7768
125,5,1430.32,494.05,85.86,28.58,85.83,28.57,True,0.8406
125,6,1848.87,426.99,116.94,22.31,116.91,22.29,False,0.7874
125,7,1640.76,350.15,103.13,14.77,103.11,14.76,True,0.7864
125,8,1885.62,455.99,118.97,25.06,118.94,25.05,False,0.7891
125,9,1761.1,518.31,108.88,30.78,108.84,30.78,False,0.825
125,10,929.69,550.65,50.39,33.67,50.44,33.68,True,0.8099
125,11,987.17,458.5,54.45,25.29,54.42,25.27,True,0.8065
125,12,966.3,690.88,52.92,45.52,52.91,45.61,True,0.8026
125,13,1395.9,289.0,85.6,8.49,85.58,8.49,True,0.7733
125,14,1308.25,561.29,76.68,34.61,76.67,34.64,True,0.8784
125,15,1140.72,347.78,65.95,14.53,65.91,14.54,True,0.7858
125,17,690.45,385.05,32.69,18.24,32.69,18.25,True,0.8234
125,18,787.23,247.14,39.19,4.03,39.19,4.03,True,0.6646
125,19,1488.06,383.67,91.34,18.11,91.34,18.1,True,0.631
125,20,1490.8,380.52,91.58,17.8,91.48,17.72,True,0.6219
125,24,945.53,968.66,51.61,66.26,51.58,66.25,True,0.3708
125,29,61.52,418.65,-12.82,21.51,-12.86,21.49,False,0.7929
125,30,1005.5,687.77,55.54,45.27,55.55,45.29,True,0.5929
126,1,1715.36,507.92,105.84,29.85,105.84,29.86,False,0.7924
126,2,1424.59,646.51,83.91,41.88,83.92,41.9,True,0.8365
126,3,1839.92,661.03,111.73,43.08,111.73,43.11,False,0.8503
126,4,1695.39,440.48,105.58,23.59,105.55,23.61,False,0.7913
126,5,1431.14,493.97,85.92,28.57,85.91,28.58,True,0.831
126,6,1848.88,426.49,116.95,22.26,116.95,22.26,False,0.7927
126,7,1641.18,350.09,103.16,14.77,103.18,14.76,True,0.7823
126,8,1885.56,455.81,118.97,25.04,118.97,25.03,False,0.7894
126,9,1761.75,517.91,108.94,30.75,108.94,30.75,False,0.8344
126,10,933.58,549.72,50.66,33.59,50.69,33.64,True,0.7988
126,11,988.21,458.48,54.52,25.29,54.54,25.35,True,0.809
126,12,970.14,690.49,53.18,45.49,53.16,45.55,True,0.771
126,13,1396.2,288.94,85.63,8.48,85.62,8.46,True,0.7846
126,14,1309.84,561.1,76.79,34.59,76.81,34.59,True,0.8563
126,15,1142.7,347.31,66.1,14.49,66.08,14.52,True,0.7733
126,17,692.06,385.03,32.8,18.24,32.77,18.23,True,0.8035
126,18,789.26,247.48,39.35,4.07,39.33,4.03,True,0.6694
126,19,1489.5,383.25,91.45,18.07,91.43,18.09,True,0.7114
126,24,946.27,967.81,51.65,66.21,51.65,66.24,True,0.4755
126,29,64.46,417.66,-12.62,21.41,-12.63,21.43,False,0.7751
126,30,1006.07,688.13,55.58,45.3,55.66,45.26,True,0.4253
127,1,1716.32,507.99,105.91,29.85,105.95,29.82,False,0.7957
127,2,1426.02,646.78,84.01,41.91,84.01,41.94,True,0.8539
127,3,1841.85,661.22,111.86,43.1,111.89,43.1,False,0.8477
127,4,1696.06,440.26,105.63,23.57,105.64,23.58,False,0.7886
127,5,1432.12,494.14,85.99,28.59,85.99,28.58,True,0.829
127,6,1848.9,426.1,116.96,22.22,116.98,22.24,False,0.7955
127,7,1641.96,349.86,103.23,14.74,103.25,14.75,True,0.7783
127,8,1885.68,455.39,118.99,25.0,119.01,25.03,False,0.7922
127,9,1762.72,517.15,109.02,30.68,109.05,30.7,False,0.8377
127,10,937.05,549.59,50.9,33.58,50.95,33.58,True,0.8
127,11,989.53,460.03,54.62,25.43,54.64,25.41,True,0.8048
127,12,974.1,690.11,53.44,45.46,53.4,45.52,True,0.7766
127,13,1396.28,288.92,85.63,8.48,85.66,8.46,True,0.7826
127,14,1311.76,560.97,76.92,34.58,76.96,34.54,True,0.8491
127,15,1144.44,347.62,66.23,14.52,66.25,14.52,True,0.7667
127,17,692.87,384.62,32.86,18.2,32.84,18.21,True,0.8072
127,18,790.64,247.37,39.45,4.06,39.44,4.04,True,0.6712
127,19,1490.33,383.0,91.51,18.04,91.51,18.09,True,0.7058
127,24,947.1,968.09,51.71,66.22,51.7,66.22,True,0.5098
127,29,67.58,417.04,-12.41,21.35,-12.42,21.38,False,0.7748
127,30,1009.5,687.26,55.81,45.23,55.77,45.24,True,0.5779
128,1,1718.0,507.42,106.04,29.8,106.06,29.78,False,0.8183
128,2,1427.23,647.41,84.08,41.96,84.09,42.01,True,0.8483
128,3,1844.44,661.12,112.03,43.09,112.04,43.1,False,0.8442
128,4,1697.14,440.1,105.71,23.56,105.73,23.54,False,0.7937
128,5,1432.88,494.02,86.04,28.58,86.05,28.59,True,0.8217
128,6,1849.34,425.9,117.0,22.2,117.02,22.22,False,0.7943
128,7,1643.05,349.74,103.31,14.73,103.32,14.74,True,0.7791
128,8,1886.2,455.62,119.02,25.02,119.04,25.01,False,0.7914
128,9,1764.16,517.11,109.12,30.68,109.17,30.66,False,0.8371
128,10,941.87,549.78,51.24,33.59,51.22,33.54,True,0.802
128,11,991.36,460.37,54.75,25.47,54.74,25.49,True,0.8078
128,12,977.3,691.14,53.65,45.54,53.63,45.54,True,0.7813
128,13,1396.78,288.25,85.68,8.41,85.7,8.45,True,0.7854
128,14,1314.28,559.9,77.11,34.48,77.12,34.5,True,0.8331
128,15,1146.88,347.65,66.41,14.52,66.4,14.53,True,0.7775
128,17,693.52,384.63,32.91,18.2,32.9,18.2,True,0.8005
128,18,792.0,246.92,39.55,4.01,39.54,4.03,True,0.6796
128,19,1491.48,383.7,91.59,18.11,91.6,18.09,True,0.7656
128,24,947.82,967.72,51.75,66.2,51.75,66.21,True,0.5813
128,29,70.22,416.77,-12.22,21.33,-12.23,21.34,False,0.7619
128,30,1011.16,686.95,55.92,45.2,55.87,45.23,True,0.6344
129,1,1719.9,506.43,106.19,29.71,106.16,29.72,False,0.8171
129,2,1429.08,648.9,84.19,42.08,84.17,42.1,True,0.8536
129,3,1847.1,661.34,112.21,43.11,112.21,43.11,False,0.8492
129,4,1698.74,439.59,105.83,23.51,105.81,23.5,False,0.8017
129,5,1434.31,494.13,86.14,28.59,86.11,28.61,True,0.8299
129,6,1850.17,426.16,117.05,22.23,117.07,22.2,False,0.8001
129,7,1644.36,349.8,103.41,14.74,103.4,14.72,True,0.7901
129,8,1887.26,455.56,119.1,25.02,119.09,25.0,False,0.7979
129,9,1766.58,516.45,109.3,30.62,109.31,30.62,False,0.821
129,10,946.39,548.6,51.55,33.49,51.47,33.51,True,0.8321
129,11,992.91,461.28,54.86,25.55,54.85,25.57,True,0.8022
129,12,979.8,691.88,53.82,45.6,53.86,45.56,True,0.7947
129,13,1397.9,288.48,85.76,8.43,85.75,8.43,True,0.7694
129,14,1317.2,559.2,77.32,34.42,77.3,34.44,True,0.8315
129,15,1149.04,348.08,66.57,14.56,66.55,14.54,True,0.7791
129,17,694.24,384.41,32.96,18.18,32.96,18.18,True,0.7851
129,18,793.3,247.14,39.66,4.03,39.64,4.0,True,0.6823
129,19,1492.58,383.82,91.67,18.12,91.68,18.1,True,0.7336
129,24,948.56,967.74,51.8,66.2,51.79,66.2,True,0.5401
129,29,72.8,416.42,-12.04,21.29,-12.03,21.33,False,0.7651
129,30,1012.26,687.1,55.99,45.22,55.97,45.23,True,0.6837
130,1,1721.4,505.98,106.3,29.67,106.28,29.66,False,0.7996
130,2,1430.4,650.54,84.27,42.22,84.26,42.19,True,0.8341
130,3,1849.31,661.4,112.36,43.12,112.4,43.11,False,0.8597
130,4,1699.62,439.27,105.9,23.48,105.89,23.46,False,0.7984
130,5,1434.9,494.27,86.18,28.6,86.17,28.66,True,0.8257
130,6,1851.32,425.91,117.14,22.21,117.13,22.2,False,0.7934
130,7,1645.35,349.66,103.48,14.72,103.49,14.72,True,0.7809
130,8,1887.86,455.33,119.14,24.99,119.14,25.0,False,0.7955
130,9,1768.98,515.99,109.48,30.58,109.48,30.59,False,0.807
130,10,948.9,548.35,51.73,33.47,51.71,33.49,True,0.8462
130,11,994.02,462.99,54.94,25.71,54.97,25.6,True,0.8021
130,12,983.52,692.14,54.07,45.63,54.08,45.55,True,0.7952
130,13,1398.55,288.75,85.81,8.46,85.81,8.4,True,0.7747
130,14,1319.5,559.01,77.48,34.41,77.49,34.37,True,0.827
130,15,1150.64,348.15,66.69,14.57,66.69,14.53,True,0.7743
130,17,694.72,384.29,32.99,18.17,33.02,18.17,True,0.7909
130,18,793.93,246.65,39.7,3.98,39.74,3.97,True,0.6577
130,19,1493.82,383.75,91.76,18.12,91.78,18.1,True,0.7579
130,24,949.09,967.88,51.83,66.21,51.84,66.18,True,0.6826
130,29,75.23,416.83,-11.86,21.33,-11.83,21.33,False,0.7422
130,30,1013.2,687.16,56.05,45.22,56.04,45.23,True,0.6834
131,1,1722.14,505.14,106.37,29.59,106.41,29.59,False,0.7967
131,2,1431.38,651.92,84.32,42.33,84.35,42.27,True,0.8317
131,3,1852.64,661.33,112.58,43.11,112.61,43.12,False,0.8571
131,4,1700.45,438.34,105.98,23.39,106.0,23.42,False,0.7962
131,5,1435.52,495.33,86.22,28.7,86.24,28.73,True,0.8332
131,6,1852.24,425.33,117.22,22.15,117.22,22.2,False,0.7915
131,7,1646.78,349.33,103.59,14.69,103.59,14.72,True,0.7874
131,8,1888.58,455.13,119.2,24.97,119.21,25.0,False,0.7986
131,9,1771.34,515.58,109.65,30.54,109.66,30.57,False,0.8216
131,10,951.77,547.99,51.93,33.43,51.92,33.46,True,0.8333
131,11,995.72,462.55,55.06,25.67,55.09,25.65,True,0.8126
131,12,987.06,691.3,54.3,45.56,54.29,45.52,True,0.8112
131,13,1399.13,288.09,85.86,8.39,85.87,8.39,True,0.7717
131,14,1322.24,557.68,77.68,34.29,77.69,34.33,True,0.8278
131,15,1152.46,347.6,66.83,14.52,66.83,14.51,True,0.7282
131,17,695.83,384.1,33.07,18.15,33.09,18.15,True,0.7902
131,18,795.9,246.2,39.85,3.93,39.83,3.94,True,0.5792
131,19,1495.41,383.48,91.88,18.09,91.9,18.07,True,0.747
131,24,949.86,967.09,51.88,66.16,51.86,66.17,True,0.6418
131,29,78.32,416.99,-11.63,21.35,-11.61,21.33,False,0.7718
131,30,1013.54,687.61,56.07,45.26,56.12,45.23,True,0.6824
132,1,1724.06,504.29,106.52,29.52,106.54,29.52,False,0.7974
132,2,1433.12,652.1,84.43,42.35,84.43,42.34,True,0.8358
132,3,1855.88,661.58,112.8,43.13,112.84,43.13,False,0.8527
132,4,1701.43,438.17,106.05,23.37,106.1,23.38,False,0.7921
132,5,1436.5,496.94,86.27,28.85,86.3,28.8,True,0.8351
132,6,1852.95,425.73,117.26,22.19,117.31,22.18,False,0.7792
132,7,1648.06,349.86,103.68,14.74,103.69,14.72,True,0.7841
132,8,1889.4,455.58,119.25,25.02,119.27,25.01,False,0.7875
132,9,1773.86,515.73,109.83,30.55,109.84,30.57,False,0.8182
132,10,954.06,548.13,52.09,33.45,52.11,33.44,True,0.8334
132,11,997.94,462.04,55.22,25.62,55.21,25.67,True,0.8334
132,12,990.53,689.76,54.54,45.43,54.49,45.46,True,0.7961
132,13,1399.78,287.34,85.92,8.32,85.93,8.36,True,0.774
132,14,1324.89,557.21,77.87,34.25,77.87,34.3,True,0.8142
132,15,1154.42,347.15,66.97,14.47,66.96,14.49,True,0.7678
132,17,696.83,384.16,33.15,18.16,33.16,18.13,True,0.7888
132,18,796.88,246.02,39.93,3.91,39.91,3.91,True,0.6525
132,19,1496.92,383.34,91.99,18.08,92.02,18.03,True,0.692
132,24,950.54,966.38,51.92,66.11,51.88,66.16,True,0.6876
132,29,81.56,417.07,-11.39,21.36,-11.4,21.32,False,0.7675
132,30,1014.78,687.53,56.16,45.25,56.22,45.22,True,0.6474
133,1,1726.19,503.51,106.68,29.45,106.69,29.45,False,0.8119
133,2,1434.7,652.51,84.54,42.38,84.53,42.39,True,0.8291
133,3,1860.18,661.86,113.08,43.15,113.11,43.14,False,0.8577
133,4,1703.74,437.79,106.23,23.34,106.22,23.33,False,0.76
133,5,1438.32,497.6,86.39,28.91,86.36,28.89,True,0.8368
133,6,1855.12,425.82,117.42,22.2,117.42,22.17,False,0.7864
133,7,1649.55,349.4,103.8,14.7,103.81,14.72,True,0.7834
133,8,1890.88,455.58,119.36,25.02,119.34,25.02,False,0.7841
133,9,1776.76,516.08,110.03,30.58,110.01,30.58,False,0.8264
133,10,956.99,548.19,52.29,33.45,52.29,33.42,True,0.8272
133,11,1000.02,462.67,55.37,25.68,55.33,25.68,True,0.8294
133,12,993.2,689.19,54.72,45.39,54.68,45.4,True,0.8015
133,13,1400.95,287.54,86.0,8.34,86.01,8.33,True,0.7697
133,14,1328.05,557.57,78.08,34.28,78.05,34.27,True,0.8232
133,15,1156.03,346.92,67.1,14.45,67.1,14.46,True,0.7721
133,17,698.43,383.68,33.26,18.11,33.23,18.1,True,0.7901
133,18,797.92,245.43,40.0,3.85,39.99,3.88,True,0.6575
133,19,1499.24,382.07,92.18,17.95,92.18,17.98,True,0.7155
133,29,85.15,416.89,-11.13,21.34,-11.2,21.29,False,0.7125
133,30,1016.98,687.0,56.31,45.21,56.36,45.21,True,0.5869
134,1,1728.07,502.43,106.83,29.35,106.85,29.38,False,0.7979
134,2,1435.91,653.14,84.61,42.43,84.64,42.43,True,0.8265
134,3,1864.55,661.98,113.37,43.16,113.38,43.16,False,0.8426
134,4,1705.5,437.43,106.36,23.3,106.35,23.28,False,0.7871
134,5,1439.07,497.99,86.44,28.94,86.44,28.97,True,0.8371
134,6,1856.56,425.35,117.53,22.15,117.52,22.17,False,0.7822
134,7,1651.3,349.86,103.92,14.74,103.92,14.72,True,0.7774
134,8,1891.74,455.9,119.41,25.05,119.42,25.01,False,0.7768
134,9,1779.06,516.22,110.19,30.6,110.18,30.59,False,0.8234
134,10,959.8,547.69,52.49,33.41,52.46,33.4,True,0.8314
134,11,1001.5,462.8,55.47,25.69,55.42,25.71,True,0.8191
134,12,995.08,688.0,54.84,45.29,54.85,45.35,True,0.7989
134,13,1401.84,286.96,86.08,8.28,86.08,8.32,True,0.7715
134,14,1330.28,557.52,78.24,34.27,78.21,34.26,True,0.8516
134,15,1157.79,346.9,67.23,14.45,67.22,14.43,True,0.7736
134,17,699.21,383.05,33.32,18.05,33.3,18.08,True,0.7915
134,18,798.92,245.81,40.08,3.89,40.05,3.86,True,0.7111
134,19,1500.92,381.61,92.31,17.9,92.35,17.94,True,0.6834
134,29,87.25,415.79,-11.0,21.23,-11.03,21.25,False,0.7365
134,30,1020.21,686.45,56.52,45.16,56.53,45.19,True,0.6097
134,35,741.42,992.01,39.14,67.86,39.64,67.8,True,0.4827
135,1,1730.9,502.17,107.04,29.32,107.0,29.33,False,0.8061
135,2,1437.92,653.44,84.75,42.46,84.74,42.48,True,0.8273
135,3,1869.56,662.06,113.71,43.17,113.65,43.17,False,0.8162
135,4,1707.16,436.61,106.5,23.23,106.48,23.25,False,0.8032
135,5,1440.05,499.01,86.5,29.04,86.52,29.01,True,0.835
135,6,1858.43,425.31,117.67,22.15,117.63,22.16,False,0.788
135,7,1652.84,349.71,104.04,14.73,104.03,14.71,True,0.7461
135,8,1892.7,455.58,119.49,25.02,119.5,24.97,False,0.7782
135,9,1781.68,516.35,110.37,30.61,110.33,30.61,False,0.8143
135,10,961.97,547.38,52.64,33.38,52.62,33.36,True,0.8296
135,11,1002.25,463.13,55.53,25.72,55.48,25.77,True,0.8243
135,12,997.72,688.43,55.02,45.32,54.98,45.33,True,0.8305
135,13,1403.11,287.41,86.17,8.32,86.16,8.31,True,0.7508
135,14,1332.13,557.39,78.37,34.26,78.37,34.25,True,0.8667
135,15,1159.46,346.49,67.35,14.4,67.34,14.41,True,0.7841
135,17,699.4,383.06,33.33,18.05,33.36,18.05,True,0.8014
135,18,799.0,245.33,40.09,3.84,40.12,3.84,True,0.7038
135,19,1504.02,381.42,92.54,17.89,92.5,17.89,True,0.6603
135,29,89.26,415.09,-10.87,21.17,-10.87,21.21,False,0.7516
135,30,1023.64,686.55,56.75,45.17,56.76,45.1,True,0.577
135,35,745.75,991.36,39.4,67.82,39.9,67.78,True,0.3549
136,1,1732.44,501.63,107.16,29.27,107.15,29.27,False,0.7901
136,2,1439.78,654.3,84.86,42.53,84.84,42.52,True,0.8251
136,3,1873.25,662.33,113.95,43.19,113.9,43.15,False,0.8126
136,4,1708.7,436.11,106.62,23.18,106.59,23.21,False,0.8077
136,5,1441.35,499.59,86.58,29.09,86.58,29.03,True,0.8415
136,6,1859.4,425.32,117.74,22.15,117.72,22.14,False,0.7955
136,7,1654.42,349.48,104.16,14.7,104.13,14.7,True,0.7171
136,8,1893.48,454.53,119.57,24.92,119.57,24.91,False,0.7806
136,9,1783.04,516.51,110.46,30.62,110.47,30.61,False,0.8067
136,10,963.95,546.59,52.78,33.31,52.77,33.31,True,0.8265
136,11,1002.27,464.57,55.53,25.86,55.51,25.83,True,0.8271
136,12,999.1,688.2,55.11,45.31,55.09,45.3,True,0.8249
136,13,1404.12,287.39,86.25,8.32,86.23,8.29,True,0.7521
136,14,1334.11,557.04,78.51,34.23,78.49,34.22,True,0.8487
136,15,1160.65,346.17,67.44,14.37,67.45,14.38,True,0.7881
136,17,700.72,382.9,33.43,18.03,33.41,18.02,True,0.8068
136,18,800.06,245.12,40.17,3.82,40.19,3.83,True,0.6805
136,19,1506.28,381.21,92.71,17.87,92.64,17.87,True,0.6646
136,29,91.04,414.86,-10.75,21.14,-10.73,21.17,False,0.7575
136,30,1026.27,686.22,56.93,45.15,56.99,44.99,True,0.5819
136,36,1497.66,376.72,92.13,17.42,92.15,17.37,True,0.6736
137,1,1734.46,501.58,107.3,29.27,107.29,29.22,False,0.8
137,2,1441.3,654.98,84.96,42.59,84.95,42.55,True,0.8278
137,3,1876.08,661.89,114.15,43.16,114.11,43.13,False,0.8058
137,4,1710.08,436.31,106.71,23.2,106.68,23.18,False,0.8093
137,5,1442.54,499.12,86.67,29.05,86.64,29.06,True,0.8473
137,6,1860.38,425.09,117.81,22.13,117.8,22.12,False,0.7949
137,7,1655.46,349.21,104.24,14.68,104.22,14.67,True,0.7185
137,8,1894.46,453.59,119.66,24.83,119.64,24.85,False,0.7915
137,9,1785.11,516.79,110.6,30.65,110.61,30.59,False,0.8354
137,10,965.56,546.0,52.89,33.26,52.91,33.24,True,0.8206
137,11,1002.19,465.14,55.52,25.91,55.52,25.9,True,0.8366
137,12,1000.6,688.41,55.21,45.32,55.2,45.29,True,0.825
137,13,1404.84,287.02,86.31,8.28,86.3,8.26,True,0.7635
137,14,1335.79,556.69,78.63,34.2,78.6,34.17,True,0.8345
137,15,1162.31,346.06,67.57,14.36,67.56,14.34,True,0.7777
137,17,701.46,382.8,33.48,18.02,33.46,18.0,True,0.8054
137,18,801.33,245.16,40.27,3.82,40.25,3.81,True,0.7039
137,19,1507.16,380.9,92.78,17.83,92.76,17.87,True,0.6899
137,29,93.34,414.91,-10.58,21.15,-10.6,21.15,False,0.77
137,30,1031.62,682.27,57.29,44.82,57.21,44.86,True,0.4455
137,36,1497.94,375.13,92.18,17.27,92.16,17.37,True,0.6802
137,37,1502.43,378.27,92.46,17.58,92.46,17.58,True,0.3667
138,1,1735.6,500.25,107.4,29.15,107.42,29.16,False,0.7915
138,2,1442.57,655.06,85.04,42.59,85.04,42.58,True,0.8299
138,3,1878.02,661.02,114.3,43.08,114.29,43.11,False,0.8063
138,4,1710.52,435.95,106.75,23.16,106.76,23.14,False,0.8006
138,5,1443.01,499.08,86.71,29.04,86.69,29.07,True,0.8464
138,6,1860.88,424.84,117.86,22.1,117.86,22.12,False,0.791
138,7,1656.0,348.69,104.29,14.63,104.31,14.63,True,0.7132
138,8,1894.84,452.44,119.71,24.72,119.69,24.8,False,0.7838
138,9,1787.08,516.2,110.75,30.59,110.74,30.54,False,0.8444
138,10,967.83,545.22,53.05,33.19,53.06,33.17,True,0.8277
138,11,1002.0,465.59,55.51,25.95,55.52,25.96,True,0.8387
138,12,1001.66,687.65,55.28,45.26,55.3,45.27,True,0.82
138,13,1405.46,286.55,86.36,8.23,86.37,8.2,True,0.7644
138,14,1336.75,556.0,78.7,34.14,78.74,34.11,True,0.8294
138,15,1163.84,345.6,67.68,14.31,67.69,14.29,True,0.7803
138,17,701.88,382.19,33.51,17.96,33.52,17.97,True,0.8037
138,18,802.21,244.9,40.33,3.79,40.33,3.81,True,0.6978
138,19,1508.05,381.2,92.84,17.86,92.86,17.88,True,0.6559
138,29,94.85,414.95,-10.47,21.15,-10.48,21.14,False,0.7683
138,30,1034.44,680.16,57.48,44.65,57.39,44.7,True,0.6256
138,36,1497.87,376.67,92.15,17.42,92.18,17.37,True,0.6877
139,1,1737.39,499.7,107.54,29.1,107.55,29.09,False,0.7965
139,2,1443.84,654.9,85.13,42.58,85.13,42.61,True,0.8305
139,3,1880.38,660.71,114.46,43.06,114.45,43.07,False,0.8224
139,4,1711.6,435.4,106.84,23.11,106.83,23.11,False,0.7986
139,5,1443.25,499.52,86.72,29.08,86.73,29.08,True,0.841
139,6,1861.72,424.7,117.92,22.09,117.91,22.12,False,0.7947
139,7,1656.87,348.34,104.36,14.59,104.38,14.6,True,0.7128
139,8,1895.44,452.7,119.75,24.75,119.75,24.75,False,0.7878
139,9,1788.66,514.96,110.89,30.48,110.87,30.48,False,0.8529
139,10,970.14,543.85,53.21,33.07,53.22,33.08,True,0.8353
139,11,1002.14,466.67,55.52,26.05,55.53,26.02,True,0.8381
139,12,1003.42,687.35,55.4,45.24,55.42,45.25,True,0.8201
139,13,1406.18,285.96,86.42,8.17,86.44,8.12,True,0.7686
139,14,1338.22,554.89,78.81,34.04,78.89,34.05,True,0.829
139,15,1165.12,344.98,67.78,14.25,67.82,14.23,True,0.7826
139,17,702.58,381.75,33.56,17.92,33.55,17.95,True,0.8047
139,18,803.21,245.01,40.41,3.8,40.38,3.8,True,0.6856
139,19,1509.31,381.6,92.93,17.9,92.94,17.89,True,0.6631
139,29,96.52,414.92,-10.35,21.15,-10.38,21.12,False,0.7605
139,30,1036.07,678.32,57.59,44.5,57.56,44.56,True,0.6514
139,35,761.99,990.04,40.39,67.73,40.07,67.76,True,0.6019
139,36,1498.12,376.15,92.17,17.37,92.2,17.39,True,0.6846
140,1,1739.28,498.53,107.7,28.99,107.68,29.02,False,0.8105
140,2,1445.32,655.28,85.23,42.61,85.21,42.63,True,0.8417
140,3,1882.26,660.56,114.59,43.05,114.58,43.04,False,0.8482
140,4,1712.32,434.76,106.9,23.05,106.9,23.08,False,0.8018
140,5,1443.82,499.75,86.76,29.1,86.77,29.1,True,0.8442
140,6,1862.52,424.93,117.97,22.11,117.95,22.12,False,0.7975
140,7,1658.39,348.11,104.48,14.57,104.45,14.56,True,0.7611
140,8,1895.91,452.81,119.78,24.76,119.79,24.73,False,0.7947
140,9,1790.25,513.72,111.02,30.37,110.98,30.4,False,0.8385
140,10,972.71,543.07,53.39,33.0,53.39,32.99,True,0.8107
140,11,1002.54,466.68,55.54,26.05,55.55,26.07,True,0.8338
140,12,1005.29,686.97,55.52,45.21,55.54,45.23,True,0.8051
140,13,1407.21,284.33,86.52,8.0,86.5,8.04,True,0.774
140,14,1341.18,553.73,79.03,33.94,79.09,33.99,True,0.83
140,15,1167.42,344.01,67.96,14.15,67.96,14.17,True,0.7645
140,17,703.13,381.89,33.6,17.93,33.58,17.93,True,0.8025
140,18,803.72,245.08,40.45,3.81,40.41,3.79,True,0.6974
140,19,1510.62,381.9,93.02,17.93,93.02,17.91,True,0.7039
140,29,97.72,414.38,-10.27,21.1,-10.28,21.1,False,0.7608
140,30,1037.2,677.08,57.67,44.4,57.66,44.49,True,0.7045
140,35,766.48,989.73,40.66,67.71,40.4,67.72,True,0.6763
140,36,1499.32,376.13,92.26,17.36,92.22,17.44,True,0.7073
141,1,1741.06,498.17,107.83,28.96,107.8,28.97,False,0.8084
141,2,1446.65,655.88,85.31,42.66,85.29,42.67,True,0.8431
141,3,1884.24,660.24,114.73,43.02,114.71,43.03,False,0.8729
141,4,1713.3,434.71,106.97,23.05,106.96,23.04,False,0.8065
141,5,1444.7,500.06,86.81,29.13,86.82,29.12,True,0.8362
141,6,1863.02,425.35,118.0,22.15,117.99,22.13,False,0.8037
141,7,1659.16,347.65,104.54,14.52,104.52,14.55,True,0.8008
141,8,1896.55,452.27,119.84,24.71,119.82,24.72,False,0.8031
141,9,1791.08,513.17,111.09,30.32,111.09,30.32,False,0.8305
141,10,974.88,541.93,53.54,32.9,53.56,32.9,True,0.7829
141,11,1002.89,467.61,55.57,26.14,55.57,26.12,True,0.826
141,12,1007.49,687.15,55.67,45.22,55.7,45.24,True,0.7981
141,13,1408.0,283.4,86.59,7.9,86.57,7.96,True,0.7706
141,14,1344.99,553.47,79.3,33.92,79.32,33.95,True,0.8242
141,15,1169.47,343.42,68.11,14.09,68.1,14.13,True,0.7532
141,17,703.28,381.85,33.61,17.93,33.6,17.92,True,0.8015
141,18,803.3,244.8,40.42,3.78,40.43,3.77,True,0.6918
141,19,1512.17,382.07,93.13,17.95,93.11,17.91,True,0.7306
141,29,98.66,413.95,-10.21,21.06,-10.17,21.07,False,0.7555
141,30,1038.4,677.54,57.75,44.44,57.74,44.45,True,0.6802
141,35,768.3,989.42,40.77,67.69,40.67,67.66,True,0.7269
141,36,1499.58,377.87,92.26,17.54,92.24,17.43,True,0.7132
142,1,1742.3,497.57,107.93,28.9,107.9,28.92,False,0.805
142,2,1447.27,656.64,85.34,42.72,85.35,42.71,True,0.8497
142,3,1885.72,660.13,114.83,43.01,114.84,43.0,False,0.8645
142,4,1713.95,434.54,107.02,23.03,107.02,23.01,False,0.811
142,5,1445.56,500.31,86.87,29.15,86.87,29.14,True,0.8334
142,6,1863.26,425.39,118.02,22.16,118.02,22.14,False,0.801
142,7,1659.52,347.55,104.57,14.51,104.58,14.54,True,0.8088
142,8,1896.88,452.07,119.86,24.69,119.85,24.71,False,0.7971
142,9,1791.96,512.17,111.17,30.23,111.19,30.25,False,0.8243
142,10,977.7,540.54,53.74,32.77,53.72,32.83,True,0.7537
142,11,1003.18,467.92,55.59,26.17,55.58,26.15,True,0.82
142,12,1010.24,687.4,55.85,45.24,55.87,45.24,True,0.7856
142,13,1408.54,283.6,86.63,7.92,86.62,7.89,True,0.7697
142,14,1349.14,553.21,79.59,33.9,79.57,33.93,True,0.8181
142,15,1171.3,343.17,68.25,14.07,68.24,14.1,True,0.7639
142,17,703.36,381.81,33.61,17.92,33.61,17.91,True,0.8044
142,18,803.42,244.47,40.42,3.75,40.45,3.73,True,0.6864
142,19,1512.85,381.75,93.18,17.92,93.2,17.89,True,0.7158
142,29,100.3,413.62,-10.1,21.03,-10.06,21.03,False,0.7679
142,30,1039.32,677.86,57.81,44.47,57.83,44.44,True,0.6658
142,35,768.12,988.82,40.76,67.64,40.78,67.63,True,0.7485
142,36,1499.48,377.4,92.26,17.49,92.27,17.41,True,0.7186
143,1,1743.26,497.44,108.0,28.89,107.99,28.89,False,0.807
143,2,1448.5,657.04,85.42,42.76,85.42,42.75,True,0.8666
143,3,1887.23,659.82,114.94,42.99,114.98,42.97,False,0.8553
143,4,1714.49,434.0,107.07,22.98,107.06,22.97,False,0.8078
143,5,1446.36,500.32,86.93,29.15,86.92,29.16,True,0.8409
143,6,1863.5,425.39,118.03,22.16,118.04,22.12,False,0.7963
143,7,1660.42,347.94,104.63,14.55,104.62,14.53,True,0.8096
143,8,1897.15,452.16,119.88,24.7,119.87,24.7,False,0.7966
143,9,1793.3,511.85,111.27,30.2,111.28,30.21,False,0.8224
143,10,980.24,540.39,53.91,32.76,53.89,32.78,True,0.7517
143,11,1003.42,468.05,55.61,26.18,55.59,26.19,True,0.8142
143,12,1013.2,687.95,56.05,45.29,56.06,45.25,True,0.7797
143,13,1408.91,282.61,86.67,7.82,86.67,7.83,True,0.762
143,14,1353.16,553.8,79.86,33.95,79.8,33.93,True,0.8383
143,15,1173.14,343.61,68.39,14.11,68.36,14.09,True,0.7815
143,17,703.29,381.69,33.61,17.91,33.61,17.89,True,0.8027
143,18,803.6,244.14,40.44,3.71,40.47,3.68,True,0.6873
143,19,1514.0,381.12,93.28,17.86,93.29,17.86,True,0.7224
143,29,102.5,413.39,-9.94,21.0,-9.92,20.99,False,0.7692
143,30,1040.68,677.76,57.9,44.46,57.94,44.44,True,0.637
143,35,768.42,987.01,40.77,67.52,40.88,67.56,True,0.7199
143,36,1499.42,376.35,92.27,17.39,92.29,17.36,True,0.7282
144,1,1743.89,497.19,108.05,28.87,108.08,28.85,False,0.8145
144,2,1449.24,657.52,85.47,42.8,85.47,42.79,True,0.8737
144,3,1889.34,659.31,115.09,42.94,115.14,42.93,False,0.8413
144,4,1714.95,433.42,107.12,22.92,107.09,22.93,False,0.809
144,5,1447.01,500.22,86.98,29.15,86.96,29.24,True,0.8424
144,6,1863.78,424.76,118.07,22.1,118.06,22.1,False,0.8075
144,7,1660.96,347.74,104.68,14.53,104.66,14.54,True,0.8174
144,8,1897.29,452.22,119.89,24.7,119.88,24.7,False,0.7986
144,9,1794.84,511.03,111.39,30.13,111.37,30.17,False,0.8145
144,10,982.06,540.17,54.04,32.74,54.07,32.73,True,0.7695
144,11,1003.41,468.53,55.6,26.23,55.58,26.2,True,0.8123
144,12,1016.48,687.68,56.27,45.26,56.25,45.26,True,0.7829
144,13,1409.39,282.35,86.71,7.79,86.7,7.79,True,0.7623
144,14,1355.84,553.73,80.05,33.94,80.02,33.93,True,0.8346
144,15,1174.4,343.43,68.48,14.09,68.45,14.08,True,0.7643
144,17,703.42,381.21,33.61,17.87,33.61,17.87,True,0.8081
144,18,804.56,243.15,40.51,3.6,40.5,3.62,True,0.6859
144,19,1515.3,380.42,93.38,17.79,93.37,17.82,True,0.7326
144,29,105.04,412.77,-9.77,20.94,-9.76,20.97,False,0.7911
144,30,1042.56,677.41,58.03,44.43,58.05,44.44,True,0.5431
144,35,770.89,987.93,40.93,67.58,41.01,67.42,True,0.7606
144,36,1499.58,375.31,92.29,17.28,92.32,17.25,True,0.742
145,1,1744.98,496.82,108.13,28.84,108.17,28.81,False,0.817
145,2,1450.31,657.66,85.54,42.81,85.54,42.84,True,0.8735
145,3,1892.28,658.37,115.31,42.87,115.3,42.9,False,0.843
145,4,1714.94,432.85,107.12,22.87,107.13,22.88,False,0.8085
145,5,1447.53,501.09,87.0,29.22,86.99,29.34,True,0.8419
145,6,1863.82,424.31,118.08,22.05,118.07,22.06,False,0.8124
145,7,1661.21,348.08,104.69,14.56,104.71,14.54,True,0.818
145,8,1897.12,452.13,119.88,24.69,119.89,24.7,False,0.803
145,9,1795.78,511.24,111.46,30.15,111.46,30.15,False,0.8149
145,10,984.66,540.02,54.22,32.73,54.25,32.69,True,0.798
145,11,1003.05,468.48,55.58,26.22,55.56,26.2,True,0.8182
145,12,1019.36,687.48,56.46,45.25,56.42,45.26,True,0.8078
145,13,1409.76,281.59,86.74,7.71,86.73,7.74,True,0.7698
145,14,1358.11,553.8,80.21,33.95,80.2,33.91,True,0.835
145,15,1175.29,343.49,68.55,14.1,68.52,14.08,True,0.7259
145,17,703.34,380.8,33.61,17.83,33.61,17.84,True,0.794
145,18,805.04,242.6,40.54,3.54,40.53,3.58,True,0.7031
145,19,1516.46,380.09,93.47,17.76,93.46,17.8,True,0.7307
145,29,107.88,412.72,-9.57,20.94,-9.61,20.94,False,0.7981
145,30,1045.24,677.27,58.21,44.42,58.17,44.44,True,0.4995
145,35,774.83,984.81,41.16,67.37,41.19,67.27,True,0.752
145,36,1500.28,373.54,92.37,17.11,92.36,17.13,True,0.7458
146,1,1746.76,495.71,108.28,28.73,108.29,28.77,False,0.8199
146,2,1451.24,658.6,85.59,42.88,85.59,42.92,True,0.8733
146,3,1895.18,657.79,115.51,42.82,115.48,42.88,False,0.8411
146,4,1715.09,432.4,107.14,22.83,107.16,22.83,False,0.8062
146,5,1448.14,504.17,87.01,29.51,87.02,29.43,True,0.8361
146,6,1863.85,424.01,118.09,22.02,118.09,22.02,False,0.8085
146,7,1662.01,347.98,104.75,14.55,104.76,14.53,True,0.8086
146,8,1897.38,452.26,119.9,24.71,119.89,24.7,False,0.8011
146,9,1797.3,511.29,111.56,30.15,111.54,30.11,False,0.8108
146,10,987.84,539.14,54.45,32.65,54.43,32.64,True,0.8165
146,11,1002.25,468.14,55.52,26.19,55.52,26.2,True,0.8224
146,12,1021.34,687.42,56.6,45.24,56.57,45.24,True,0.8153
146,13,1410.14,281.4,86.77,7.69,86.77,7.71,True,0.7632
146,14,1360.38,553.12,80.37,33.89,80.37,33.88,True,0.814
146,15,1175.6,342.94,68.57,14.05,68.58,14.07,True,0.7304
146,17,703.47,380.54,33.61,17.8,33.62,17.82,True,0.8008
146,18,805.38,242.4,40.57,3.52,40.56,3.54,True,0.7078
146,19,1517.4,380.34,93.54,17.78,93.54,17.78,True,0.7398
146,29,109.76,412.59,-9.43,20.93,-9.47,20.92,False,0.7943
146,30,1046.96,677.51,58.32,44.44,58.28,44.44,True,0.5165
146,35,779.19,979.17,41.41,66.99,41.41,67.1,True,0.7463
146,36,1500.7,372.02,92.42,16.96,92.41,17.03,True,0.7483
147,1,1748.5,495.67,108.4,28.73,108.43,28.7,False,0.8125
147,2,1452.31,659.5,85.66,42.96,85.64,43.0,True,0.868
147,3,1897.37,658.28,115.65,42.86,115.65,42.87,False,0.8379
147,4,1715.46,432.0,107.18,22.79,107.19,22.78,False,0.8033
147,5,1448.64,505.71,87.03,29.65,87.04,29.55,True,0.8328
147,6,1863.74,423.61,118.09,21.99,118.1,21.99,False,0.813
147,7,1662.74,347.72,104.81,14.53,104.8,14.52,True,0.8161
147,8,1897.43,452.28,119.9,24.71,119.89,24.69,False,0.8016
147,9,1798.04,510.9,111.62,30.12,111.61,30.08,False,0.8043
147,10,990.77,538.23,54.65,32.57,54.6,32.58,True,0.8089
147,11,1001.72,467.95,55.48,26.17,55.48,26.19,True,0.8132
147,12,1022.99,687.39,56.71,45.24,56.7,45.22,True,0.8101
147,13,1410.24,281.37,86.78,7.69,86.79,7.68,True,0.7712
147,14,1362.68,552.56,80.53,33.84,80.51,33.85,True,0.8251
147,15,1175.96,342.94,68.6,14.05,68.63,14.07,True,0.7134
147,17,703.7,380.67,33.63,17.81,33.63,17.79,True,0.8003
147,18,805.62,242.62,40.59,3.54,40.58,3.52,True,0.706
147,19,1518.74,380.59,93.63,17.8,93.61,17.79,True,0.7403
147,29,111.36,412.19,-9.32,20.89,-9.36,20.91,False,0.8012
147,30,1047.68,677.51,58.37,44.44,58.37,44.47,True,0.4903
147,35,783.34,977.5,41.66,66.87,41.63,66.92,True,0.7285
147,36,1501.26,371.53,92.47,16.91,92.47,16.95,True,0.7527
148,1,1750.81,494.89,108.58,28.66,108.6,28.64,False,0.7994
148,2,1453.29,661.6,85.7,43.13,85.68,43.09,True,0.8601
148,3,1900.1,658.81,115.83,42.9,115.79,42.87,False,0.8224
148,4,1716.13,431.31,107.24,22.72,107.23,22.76,False,0.7987
148,5,1449.2,505.6,87.07,29.64,87.07,29.69,True,0.8298
148,6,1863.83,423.39,118.1,21.96,118.11,21.97,False,0.8104
148,7,1663.26,347.35,104.85,14.49,104.84,14.51,True,0.8212
148,8,1897.33,452.04,119.9,24.68,119.9,24.69,False,0.8038
148,9,1798.71,509.78,111.69,30.01,111.68,30.03,False,0.8035
148,10,992.82,537.43,54.8,32.5,54.75,32.52,True,0.8219
148,11,1000.96,468.04,55.43,26.18,55.43,26.1,True,0.8161
148,12,1024.83,686.86,56.83,45.2,56.81,45.19,True,0.8121
148,13,1410.78,281.17,86.83,7.67,86.82,7.66,True,0.772
148,14,1364.5,552.14,80.67,33.8,80.64,33.8,True,0.8329
148,15,1177.03,343.23,68.68,14.07,68.67,14.05,True,0.7267
148,17,703.92,380.4,33.65,17.79,33.64,17.77,True,0.8022
148,18,805.74,242.33,40.59,3.51,40.59,3.51,True,0.7026
148,19,1519.46,380.44,93.69,17.79,93.67,17.81,True,0.7368
148,29,111.98,412.24,-9.28,20.89,-9.28,20.9,False,0.7987
148,30,1048.88,678.07,58.45,44.48,58.53,44.39,True,0.5413
148,35,787.0,974.65,41.87,66.68,41.85,66.78,True,0.7483
148,36,1501.86,371.16,92.52,16.87,92.52,16.89,True,0.7508
149,1,1753.22,493.86,108.77,28.56,108.76,28.61,False,0.7931
149,2,1453.76,662.52,85.72,43.21,85.71,43.16,True,0.8641
149,3,1902.09,658.6,115.96,42.88,115.89,42.88,False,0.8155
149,4,1716.5,431.15,107.27,22.71,107.27,22.74,False,0.8074
149,5,1449.93,506.63,87.11,29.73,87.1,29.77,True,0.8342
149,6,1863.98,423.12,118.12,21.94,118.12,21.95,False,0.813
149,7,1663.7,347.23,104.89,14.48,104.88,14.49,True,0.8284
149,8,1897.25,452.0,119.89,24.68,119.9,24.69,False,0.8047
149,9,1799.2,509.22,111.74,29.96,111.73,29.99,False,0.8073
149,10,994.33,536.81,54.9,32.44,54.87,32.47,True,0.8367
149,11,1000.34,467.91,55.39,26.17,55.38,25.98,True,0.8083
149,12,1026.04,686.44,56.91,45.16,56.9,45.15,True,0.8149
149,13,1411.08,280.93,86.85,7.64,86.83,7.64,True,0.7718
149,14,1366.0,551.57,80.77,33.75,80.76,33.75,True,0.8347
149,15,1177.68,343.23,68.73,14.07,68.74,14.03,True,0.7394
149,17,703.96,379.9,33.65,17.74,33.65,17.74,True,0.8033
149,18,805.9,242.16,40.61,3.49,40.6,3.5,True,0.6987
149,19,1519.87,380.8,93.71,17.83,93.72,17.8,True,0.7504
149,29,112.89,412.42,-9.21,20.91,-9.22,20.89,False,0.7918
149,30,1049.35,678.86,58.48,44.55,58.7,44.27,True,0.3513
149,35,790.1,975.17,42.06,66.71,42.04,66.69,True,0.7534
149,36,1502.7,371.29,92.58,16.88,92.56,16.87,True,0.7594
150,1,1755.78,493.51,108.96,28.53,108.9,28.58,False,0.7836
150,2,1453.91,663.02,85.73,43.25,85.74,43.22,True,0.8666
150,3,1902.6,658.59,116.0,42.88,115.97,42.88,False,0.8175
150,4,1717.04,431.54,107.3,22.74,107.32,22.72,False,0.8091
150,5,1450.33,508.55,87.12,29.9,87.13,29.83,True,0.834
150,6,1864.1,422.98,118.13,21.93,118.13,21.94,False,0.8101
150,7,1664.07,347.25,104.92,14.48,104.92,14.47,True,0.8317
150,8,1897.36,452.08,119.9,24.69,119.9,24.68,False,0.8031
150,9,1799.78,508.85,111.78,29.93,111.77,29.94,False,0.8121
150,10,995.31,536.71,54.97,32.43,54.96,32.44,True,0.8381
150,11,999.32,463.85,55.32,25.79,55.33,25.84,True,0.7892
150,12,1027.23,685.81,56.99,45.11,56.99,45.11,True,0.8121
150,13,1411.14,280.64,86.86,7.61,86.84,7.6,True,0.7701
150,14,1367.52,551.12,80.88,33.71,80.86,33.71,True,0.8438
150,15,1178.51,342.45,68.79,14.0,68.81,13.99,True,0.7492
150,17,703.9,379.5,33.64,17.7,33.65,17.71,True,0.8056
150,18,805.94,242.21,40.61,3.5,40.6,3.48,True,0.7018
150,19,1520.56,380.91,93.76,17.84,93.78,17.79,True,0.7607
150,29,113.5,412.33,-9.16,20.9,-9.17,20.88,False,0.7924
150,35,793.44,973.98,42.27,66.63,42.19,66.61,True,0.7484
150,36,1502.9,370.87,92.6,16.84,92.61,16.84,True,0.7511
151,1,1757.46,493.91,109.07,28.57,109.03,28.56,False,0.7806
151,2,1454.34,663.04,85.76,43.25,85.76,43.25,True,0.8581
151,3,1903.07,658.34,116.03,42.86,116.02,42.86,False,0.8094
151,4,1717.84,431.39,107.36,22.73,107.36,22.72,False,0.8071
151,5,1450.8,508.88,87.15,29.93,87.17,29.9,True,0.8371
151,6,1864.22,423.05,118.14,21.93,118.14,21.93,False,0.8092
151,7,1664.53,347.11,104.95,14.47,104.95,14.45,True,0.8269
151,8,1897.46,451.98,119.91,24.68,119.9,24.68,False,0.8013
151,9,1800.08,508.67,111.81,29.91,111.81,29.92,False,0.8164
151,10,996.1,536.58,55.03,32.42,55.03,32.41,True,0.8422
151,11,998.7,461.48,55.27,25.57,55.27,25.7,True,0.7892
151,12,1028.4,684.98,57.07,45.04,57.07,45.07,True,0.8178
151,13,1410.84,280.31,86.84,7.58,86.85,7.57,True,0.7718
151,14,1368.48,550.61,80.96,33.67,80.96,33.67,True,0.8388
151,15,1179.99,341.98,68.91,13.95,68.89,13.96,True,0.7663
151,17,704.16,379.1,33.66,17.66,33.66,17.68,True,0.8164
151,18,805.85,241.77,40.6,3.45,40.6,3.46,True,0.6989
151,19,1521.24,379.91,93.83,17.74,93.83,17.77,True,0.7542
151,29,114.18,411.83,-9.13,20.85,-9.13,20.86,False,0.7883
151,35,794.6,972.95,42.33,66.56,42.32,66.54,True,0.7448
151,36,1503.2,370.89,92.62,16.84,92.66,16.8,True,0.7497
152,1,1758.54,493.94,109.14,28.57,109.14,28.55,False,0.7888
152,2,1454.94,663.23,85.79,43.27,85.79,43.25,True,0.8525
152,3,1903.2,658.37,116.04,42.87,116.04,42.84,False,0.8138
152,4,1718.62,431.24,107.42,22.71,107.4,22.72,False,0.8034
152,5,1451.53,508.97,87.2,29.94,87.22,29.97,True,0.831
152,6,1864.33,422.92,118.15,21.92,118.15,21.93,False,0.8038
152,7,1664.64,346.71,104.97,14.43,104.98,14.43,True,0.8206
152,8,1897.4,452.07,119.9,24.69,119.9,24.68,False,0.7991
152,9,1800.36,508.66,111.83,29.91,111.85,29.9,False,0.8112
152,10,996.87,536.45,55.08,32.41,55.12,32.39,True,0.8328
152,11,998.1,460.67,55.23,25.49,55.21,25.55,True,0.7839
152,12,1029.67,684.77,57.16,45.03,57.15,45.02,True,0.8232
152,13,1410.71,279.76,86.84,7.52,86.85,7.55,True,0.7626
152,14,1369.63,550.08,81.04,33.62,81.06,33.63,True,0.8353
152,15,1180.55,341.33,68.95,13.88,68.97,13.94,True,0.7479
152,17,704.35,378.98,33.67,17.65,33.67,17.66,True,0.8225
152,18,805.74,241.71,40.59,3.45,40.59,3.45,True,0.6996
152,19,1522.38,379.83,93.91,17.73,93.89,17.74,True,0.7823
152,29,114.77,411.66,-9.09,20.84,-9.09,20.83,False,0.7916
152,35,795.68,971.77,42.4,66.48,42.44,66.47,True,0.7154
152,36,1504.43,369.99,92.72,16.76,92.71,16.77,True,0.764
153,1,1759.5,493.69,109.22,28.55,109.23,28.56,False,0.8092
153,2,1455.15,663.05,85.81,43.25,85.83,43.25,True,0.8567
153,3,1903.4,657.96,116.06,42.83,116.06,42.82,False,0.8053
153,4,1718.92,431.31,107.44,22.72,107.45,22.68,False,0.8121
153,5,1452.7,509.74,87.27,30.01,87.28,30.0,True,0.8363
153,6,1864.32,423.02,118.15,21.93,118.16,21.92,False,0.805
153,7,1665.26,346.51,105.02,14.41,105.02,14.39,False,0.8281
153,8,1897.34,451.88,119.9,24.67,119.9,24.67,False,0.8
153,9,1801.05,508.51,111.88,29.9,111.89,29.86,False,0.82
153,10,998.38,536.0,55.19,32.37,55.22,32.36,True,0.8138
153,11,997.1,460.29,55.16,25.46,55.16,25.47,True,0.7905
153,12,1030.9,684.32,57.24,44.99,57.23,44.98,True,0.8226
153,13,1410.75,279.67,86.84,7.51,86.85,7.52,True,0.7715
153,14,1371.15,549.76,81.15,33.59,81.17,33.58,True,0.846
153,15,1181.84,341.38,69.05,13.89,69.06,13.93,True,0.7655
153,17,704.61,379.02,33.69,17.65,33.68,17.64,True,0.8259
153,18,805.71,241.44,40.59,3.42,40.59,3.42,True,0.6969
153,19,1523.0,379.57,93.96,17.7,93.94,17.7,True,0.797
153,29,115.44,411.39,-9.04,20.81,-9.04,20.81,False,0.7749
153,30,1057.34,672.78,59.03,44.05,58.88,44.1,True,0.3639
153,35,797.8,969.29,42.52,66.31,42.54,66.41,True,0.6927
153,36,1505.16,369.3,92.79,16.69,92.75,16.73,True,0.7696
154,1,1760.68,493.64,109.3,28.54,109.34,28.54,False,0.8122
154,2,1455.96,662.87,85.87,43.24,85.89,43.24,True,0.8507
154,3,1903.42,657.36,116.08,42.78,116.08,42.79,False,0.8025
154,4,1719.4,430.86,107.48,22.68,107.48,22.63,False,0.807
154,5,1453.7,510.12,87.34,30.05,87.35,30.01,True,0.8336
154,6,1864.52,423.13,118.16,21.94,118.17,21.91,False,0.8005
154,7,1665.67,345.85,105.06,14.34,105.05,14.36,False,0.8312
154,8,1897.2,451.63,119.9,24.65,119.91,24.65,False,0.8004
154,9,1801.62,507.85,111.93,29.84,111.94,29.81,False,0.8314
154,10,1000.32,535.35,55.32,32.31,55.36,32.32,True,0.7884
154,11,996.05,460.17,55.09,25.45,55.12,25.57,True,0.7883
154,12,1031.89,683.81,57.31,44.95,57.31,44.93,True,0.829
154,13,1410.92,279.83,86.85,7.52,86.86,7.48,True,0.7626
154,14,1372.62,549.32,81.26,33.55,81.31,33.52,True,0.8393
154,15,1183.04,342.15,69.13,13.97,69.15,13.91,True,0.7622
154,17,704.64,378.95,33.69,17.64,33.68,17.62,True,0.8264
154,18,805.64,241.42,40.58,3.41,40.59,3.39,True,0.7031
154,19,1523.39,379.41,93.99,17.69,93.99,17.66,True,0.7979
154,29,116.02,410.89,-9.01,20.76,-8.98,20.8,False,0.7463
154,30,1059.28,669.93,59.16,43.82,59.08,43.9,True,0.42
154,35,800.7,969.96,42.7,66.35,42.67,66.38,True,0.6532
154,36,1505.37,369.46,92.8,16.7,92.8,16.7,True,0.7755
155,1,1762.63,493.66,109.44,28.55,109.45,28.52,False,0.8131
155,2,1457.02,662.65,85.94,43.22,85.96,43.22,True,0.848
155,3,1903.62,657.15,116.09,42.76,116.08,42.75,False,0.7937
155,4,1719.82,429.8,107.53,22.58,107.5,22.58,False,0.8028
155,5,1454.84,510.18,87.42,30.05,87.45,30.01,True,0.8257
155,6,1864.88,422.63,118.19,21.89,118.19,21.91,False,0.7985
155,7,1666.06,345.53,105.1,14.31,105.09,14.32,False,0.8323
155,8,1897.38,451.52,119.91,24.64,119.92,24.61,False,0.7945
155,9,1802.18,506.84,111.99,29.75,112.0,29.75,False,0.8259
155,10,1002.66,535.06,55.49,32.29,55.53,32.27,True,0.7801
155,11,995.64,459.51,55.06,25.39,55.07,25.74,True,0.8021
155,12,1032.9,682.86,57.37,44.87,57.37,44.88,True,0.8291
155,13,1410.96,279.36,86.86,7.47,86.86,7.47,True,0.7627
155,14,1375.33,548.48,81.45,33.48,81.48,33.46,True,0.8459
155,15,1184.5,342.1,69.24,13.96,69.25,13.91,True,0.7674
155,17,704.48,378.56,33.68,17.6,33.67,17.59,True,0.8263
155,18,805.76,241.04,40.59,3.37,40.6,3.36,True,0.6903
155,19,1523.66,378.79,94.02,17.63,94.03,17.61,True,0.8006
155,29,116.92,411.22,-8.94,20.79,-8.93,20.78,False,0.755
155,30,1061.1,667.37,59.29,43.61,59.31,43.66,True,0.5847
155,35,801.7,970.25,42.76,66.37,42.81,66.36,True,0.6717
155,36,1505.69,369.24,92.83,16.68,92.83,16.67,True,0.7718
156,1,1764.58,492.83,109.59,28.47,109.57,28.5,False,0.8238
156,2,1458.38,662.43,86.03,43.2,86.07,43.21,True,0.8503
156,3,1903.7,656.65,116.11,42.72,116.09,42.71,False,0.7823
156,4,1719.53,428.49,107.54,22.45,107.53,22.5,False,0.8062
156,5,1456.36,509.61,87.53,30.0,87.54,30.0,True,0.8147
156,6,1865.21,422.43,118.22,21.87,118.21,21.9,False,0.7894
156,7,1666.18,345.4,105.11,14.29,105.12,14.28,False,0.8316
156,8,1897.64,450.9,119.94,24.58,119.95,24.56,False,0.7832
156,9,1803.09,505.74,112.08,29.65,112.06,29.68,False,0.8305
156,10,1005.69,534.25,55.7,32.21,55.73,32.2,True,0.747
156,11,995.59,466.6,55.05,26.05,55.04,25.98,True,0.7934
156,12,1033.94,682.35,57.45,44.83,57.43,44.81,True,0.828
156,13,1411.18,278.62,86.89,7.4,86.88,7.47,True,0.764
156,14,1378.3,547.06,81.67,33.35,81.66,33.39,True,0.8611
156,15,1185.99,340.95,69.36,13.84,69.35,13.91,True,0.7779
156,17,704.17,377.99,33.65,17.55,33.66,17.54,True,0.8291
156,18,805.96,240.59,40.6,3.32,40.61,3.32,True,0.6864
156,19,1523.96,377.81,94.06,17.53,94.07,17.56,True,0.7958
156,29,118.22,411.26,-8.84,20.8,-8.87,20.76,False,0.7772
156,30,1063.42,665.5,59.45,43.45,59.45,43.5,True,0.5918
156,35,804.9,970.41,42.96,66.38,42.95,66.34,True,0.5676
156,36,1506.04,369.04,92.85,16.66,92.86,16.67,True,0.7637
157,1,1766.21,493.0,109.7,28.49,109.7,28.46,False,0.8228
157,2,1460.3,662.31,86.16,43.19,86.22,43.19,True,0.8593
157,3,1903.01,655.99,116.08,42.67,116.1,42.67,False,0.7644
157,4,1719.3,428.42,107.52,22.45,107.55,22.43,False,0.7959
157,5,1458.34,509.11,87.68,29.95,87.65,30.01,True,0.8157
157,6,1865.29,422.82,118.22,21.91,118.23,21.86,False,0.7886
157,7,1666.42,344.81,105.14,14.23,105.15,14.25,False,0.8378
157,8,1897.76,450.27,119.97,24.52,119.98,24.52,False,0.7784
157,9,1803.68,505.33,112.13,29.61,112.12,29.62,False,0.8221
157,10,1009.27,533.52,55.95,32.15,55.93,32.12,True,0.7405
157,11,995.18,469.95,55.01,26.36,55.02,26.25,True,0.7884
157,12,1034.36,681.2,57.47,44.74,57.49,44.75,True,0.8255
157,13,1411.24,279.18,86.88,7.46,86.89,7.45,True,0.7492
157,14,1381.07,546.58,81.87,33.31,81.84,33.32,True,0.8645
157,15,1187.66,341.18,69.48,13.87,69.46,13.89,True,0.7837
157,17,704.0,377.42,33.63,17.49,33.66,17.48,True,0.8273
157,18,806.3,240.1,40.63,3.27,40.63,3.28,True,0.7
157,19,1524.54,377.48,94.1,17.5,94.11,17.52,True,0.7997
157,29,118.82,410.7,-8.81,20.74,-8.8,20.74,False,0.7809
157,30,1066.02,664.34,59.63,43.36,59.6,43.37,True,0.5176
157,35,807.56,970.13,43.12,66.37,43.05,66.32,True,0.5633
157,36,1506.5,368.74,92.89,16.63,92.89,16.67,True,0.7587
158,1,1767.55,492.76,109.8,28.46,109.86,28.4,False,0.8227
158,2,1462.9,662.21,86.34,43.18,86.4,43.19,True,0.8659
158,3,1902.86,655.35,116.08,42.62,116.13,42.62,False,0.7288
158,4,1719.73,427.57,107.57,22.36,107.58,22.36,False,0.797
158,5,1459.36,509.18,87.75,29.96,87.75,30.03,True,0.8152
158,6,1865.55,422.36,118.25,21.87,118.26,21.83,False,0.7884
158,7,1667.14,344.59,105.19,14.21,105.18,14.22,False,0.836
158,8,1898.12,449.24,120.02,24.42,120.01,24.48,False,0.7683
158,9,1804.16,504.91,112.17,29.57,112.18,29.57,False,0.8206
158,10,1012.45,532.12,56.18,32.02,56.14,32.05,True,0.73
158,11,995.08,472.86,55.01,26.63,54.99,26.57,True,0.7812
158,12,1035.18,680.26,57.53,44.66,57.57,44.69,True,0.8205
158,13,1411.52,279.64,86.9,7.5,86.91,7.43,True,0.742
158,14,1383.26,545.94,82.03,33.25,82.01,33.26,True,0.8312
158,15,1188.6,341.62,69.55,13.91,69.56,13.87,True,0.7767
158,17,704.18,376.73,33.64,17.42,33.66,17.43,True,0.8222
158,18,806.62,239.87,40.65,3.25,40.66,3.24,True,0.6942
158,19,1525.28,377.18,94.16,17.47,94.16,17.49,True,0.7836
158,29,119.88,410.11,-8.75,20.69,-8.73,20.73,False,0.7908
158,30,1067.28,662.88,59.72,43.24,59.74,43.28,True,0.5979
158,35,809.18,968.49,43.22,66.25,43.16,66.29,True,0.6552
158,36,1506.86,369.22,92.91,16.68,92.92,16.66,True,0.7507
159,1,1769.79,491.34,109.99,28.33,110.02,28.35,False,0.8004
159,2,1467.39,662.23,86.64,43.18,86.6,43.2,True,0.8646
159,3,1903.57,654.76,116.14,42.57,116.17,42.57,False,0.7272
159,4,1720.06,426.86,107.6,22.3,107.6,22.31,False,0.7998
159,5,1461.18,510.4,87.86,30.07,87.84,30.06,True,0.8312
159,6,1865.82,421.46,118.29,21.78,118.28,21.79,False,0.779
159,7,1667.45,344.5,105.22,14.2,105.22,14.19,False,0.8341
159,8,1898.52,449.18,120.05,24.42,120.04,24.44,False,0.7615
159,9,1804.78,504.49,112.22,29.53,112.25,29.53,False,0.8226
159,10,1014.9,531.19,56.35,31.94,56.35,31.98,True,0.7413
159,11,994.68,474.82,54.98,26.81,54.94,26.79,True,0.7956
159,12,1036.56,679.87,57.62,44.63,57.65,44.59,True,0.8181
159,13,1411.75,278.94,86.93,7.43,86.92,7.4,True,0.7553
159,14,1385.38,545.33,82.18,33.2,82.18,33.22,True,0.8246
159,15,1189.89,341.19,69.65,13.87,69.66,13.87,True,0.7669
159,17,704.8,376.1,33.68,17.36,33.68,17.37,True,0.8256
159,18,807.32,239.42,40.7,3.2,40.68,3.22,True,0.7011
159,19,1526.09,377.26,94.22,17.48,94.22,17.45,True,0.7822
159,29,121.11,409.93,-8.66,20.67,-8.66,20.7,False,0.8041
159,30,1069.8,662.3,59.89,43.19,59.87,43.24,True,0.5939
159,35,808.44,968.02,43.17,66.22,43.25,66.26,True,0.688
159,36,1507.43,369.31,92.95,16.69,92.95,16.65,True,0.7405
160,1,1772.52,490.67,110.2,28.27,110.19,28.28,False,0.8033
160,2,1470.44,662.46,86.84,43.2,86.79,43.23,True,0.8579
160,3,1904.98,654.27,116.24,42.53,116.23,42.53,False,0.706
160,4,1720.64,426.41,107.65,22.25,107.64,22.23,False,0.8073
160,5,1462.04,511.3,87.91,30.15,87.91,30.11,True,0.8407
160,6,1865.9,420.81,118.31,21.72,118.32,21.74,False,0.7752
160,7,1668.0,344.24,105.26,14.18,105.27,14.16,False,0.8297
160,8,1898.66,449.45,120.05,24.44,120.07,24.42,False,0.752
160,9,1805.84,503.99,112.31,29.49,112.35,29.49,False,0.8115
160,10,1017.68,530.87,56.54,31.91,56.53,31.92,True,0.7972
160,11,993.54,476.87,54.89,27.0,54.88,26.97,True,0.8004
160,12,1038.57,679.28,57.76,44.58,57.75,44.49,True,0.8162
160,13,1411.64,278.33,86.93,7.37,86.94,7.35,True,0.7545
160,14,1387.32,545.27,82.32,33.19,82.33,33.19,True,0.8302
160,15,1191.41,341.3,69.76,13.88,69.74,13.86,True,0.763
160,17,705.3,375.63,33.72,17.31,33.71,17.32,True,0.8261
160,18,807.48,239.25,40.72,3.18,40.71,3.19,True,0.706
160,19,1526.88,377.06,94.28,17.46,94.29,17.4,True,0.78
160,29,122.19,410.6,-8.57,20.73,-8.59,20.67,False,0.8056
160,30,1071.9,662.13,60.03,43.18,59.98,43.22,True,0.6307
160,35,811.32,968.34,43.35,66.24,43.32,66.21,True,0.7144
160,36,1508.02,368.82,93.0,16.64,92.99,16.63,True,0.7336
161,1,1775.02,489.81,110.39,28.19,110.39,28.19,False,0.8029
161,2,1473.0,663.19,87.01,43.26,86.96,43.27,True,0.8647
161,3,1905.66,653.55,116.3,42.47,116.31,42.51,False,0.6953
161,4,1720.65,425.51,107.67,22.17,107.67,22.16,False,0.816
161,5,1463.03,511.4,87.98,30.16,87.97,30.18,True,0.8343
161,6,1866.44,420.58,118.35,21.69,118.35,21.69,False,0.7798
161,7,1668.47,343.92,105.3,14.14,105.33,14.11,False,0.83
161,8,1899.18,449.19,120.09,24.42,120.1,24.39,False,0.7416
161,9,1807.64,503.65,112.44,29.46,112.47,29.44,False,0.8173
161,10,1020.2,530.68,56.72,31.9,56.7,31.88,True,0.8321
161,11,992.12,478.33,54.79,27.14,54.8,27.11,True,0.7998
161,12,1040.06,676.63,57.86,44.36,57.88,44.38,True,0.8153
161,13,1411.98,277.36,86.96,7.26,86.97,7.25,True,0.7427
161,14,1389.61,545.01,82.48,33.17,82.47,33.17,True,0.82
161,15,1192.42,340.94,69.84,13.84,69.82,13.83,True,0.7791
161,17,705.7,375.26,33.75,17.28,33.73,17.29,True,0.8248
161,18,807.45,239.34,40.71,3.19,40.74,3.17,True,0.7123
161,19,1527.58,375.95,94.35,17.35,94.37,17.36,True,0.7733
161,29,123.1,409.71,-8.52,20.65,-8.52,20.65,False,0.7942
161,30,1072.74,662.58,60.09,43.21,60.09,43.22,True,0.6262
161,35,812.18,967.86,43.4,66.21,43.39,66.17,True,0.7229
161,36,1508.26,368.6,93.02,16.62,93.03,16.6,True,0.7325
161,38,680.86,963.56,35.3,65.91,35.55,65.86,True,0.6785
162,1,1777.52,489.09,110.58,28.13,110.57,28.13,False,0.7836
162,2,1474.5,663.92,87.1,43.32,87.09,43.31,True,0.8652
162,3,1906.7,653.42,116.37,42.46,116.41,42.48,False,0.6452
162,4,1720.8,424.62,107.7,22.08,107.71,22.08,False,0.8216
162,5,1464.0,512.02,88.04,30.22,88.03,30.22,True,0.8325
162,6,1866.86,420.06,118.39,21.65,118.38,21.65,False,0.7782
162,7,1669.49,342.94,105.4,14.05,105.4,14.04,False,0.8243
162,8,1899.68,448.81,120.14,24.38,120.13,24.36,False,0.7416
162,9,1810.08,502.75,112.63,29.38,112.61,29.4,False,0.8099
162,10,1022.24,530.14,56.86,31.85,56.86,31.84,True,0.833
162,11,991.03,479.74,54.71,27.27,54.73,27.23,True,0.7921
162,12,1042.1,674.78,58.0,44.21,58.02,44.26,True,0.8205
162,13,1412.15,276.43,86.99,7.17,86.99,7.16,True,0.7431
162,14,1391.58,544.93,82.62,33.16,82.61,33.15,True,0.8234
162,15,1193.18,340.47,69.9,13.8,69.89,13.81,True,0.783
162,17,705.63,374.84,33.74,17.24,33.73,17.26,True,0.8246
162,18,808.12,238.99,40.76,3.15,40.77,3.15,True,0.7103
162,19,1528.76,374.99,94.45,17.25,94.45,17.31,True,0.7763
162,29,124.01,409.15,-8.46,20.59,-8.45,20.63,False,0.7885
162,30,1074.03,663.32,60.17,43.27,60.18,43.24,True,0.5785
162,35,813.24,966.47,43.46,66.11,43.46,66.14,True,0.7095
162,36,1508.72,367.87,93.07,16.54,93.07,16.56,True,0.7301
162,38,685.08,962.96,35.56,65.87,35.66,65.84,True,0.5194
163,1,1779.94,488.17,110.77,28.04,110.73,28.09,False,0.7901
163,2,1476.14,664.65,87.21,43.38,87.2,43.36,True,0.8662
163,3,1908.5,653.96,116.49,42.5,116.52,42.48,False,0.6142
163,4,1721.16,423.59,107.74,21.98,107.74,21.99,False,0.8207
163,5,1464.7,512.81,88.08,30.29,88.1,30.26,True,0.8304
163,6,1867.08,419.72,118.42,21.61,118.41,21.61,False,0.7676
163,7,1670.26,342.14,105.47,13.96,105.48,13.98,False,0.8188
163,8,1899.92,448.05,120.17,24.31,120.16,24.32,False,0.7257
163,9,1811.86,502.37,112.76,29.34,112.76,29.36,False,0.8142
163,10,1024.26,529.7,57.01,31.81,57.01,31.79,True,0.8293
163,11,990.13,480.21,54.65,27.31,54.66,27.31,True,0.7895
163,12,1044.7,673.56,58.18,44.11,58.14,44.13,True,0.8235
163,13,1412.4,275.05,87.02,7.02,87.01,7.09,True,0.7249
163,14,1393.58,544.58,82.76,33.13,82.74,33.12,True,0.8179
163,15,1193.88,340.33,69.95,13.78,69.95,13.78,True,0.7783
163,17,705.62,375.07,33.74,17.26,33.74,17.23,True,0.8238
163,18,808.96,238.85,40.83,3.14,40.79,3.1,True,0.7116
163,19,1530.08,374.91,94.55,17.24,94.54,17.26,True,0.7663
163,29,125.04,409.32,-8.38,20.61,-8.4,20.57,False,0.7852
163,30,1075.34,662.77,60.26,43.23,60.29,43.2,True,0.5246
163,35,815.18,965.75,43.58,66.06,43.51,66.11,True,0.6856
163,36,1509.15,367.71,93.1,16.53,93.11,16.52,True,0.7298
163,38,689.02,961.79,35.79,65.79,35.77,65.83,True,0.4467
164,1,1781.72,488.19,110.9,28.04,110.87,28.03,False,0.782
164,2,1477.44,664.86,87.29,43.4,87.28,43.41,True,0.8677
164,3,1910.76,653.17,116.65,42.44,116.58,42.49,False,0.5449
164,4,1721.41,422.82,107.77,21.91,107.78,21.9,False,0.8137
164,5,1465.74,512.78,88.16,30.29,88.17,30.28,True,0.8252
164,6,1867.14,419.55,118.43,21.6,118.44,21.57,False,0.7644
164,7,1671.42,341.23,105.57,13.87,105.56,13.93,False,0.8171
164,8,1899.86,447.51,120.18,24.26,120.19,24.27,False,0.7198
164,9,1814.02,502.22,112.92,29.33,112.91,29.34,False,0.8001
164,10,1026.32,528.84,57.15,31.73,57.15,31.72,True,0.8238
164,11,989.36,481.36,54.59,27.42,54.6,27.36,True,0.7904
164,12,1046.15,672.71,58.28,44.04,58.26,44.03,True,0.8224
164,13,1412.64,274.91,87.04,7.0,87.04,7.04,True,0.6923
164,14,1394.98,544.34,82.86,33.11,82.86,33.08,True,0.8147
164,15,1194.38,340.12,69.99,13.76,70.0,13.75,True,0.7772
164,17,705.42,374.81,33.72,17.23,33.75,17.19,True,0.8203
164,18,809.02,238.3,40.83,3.08,40.82,3.02,True,0.711
164,19,1531.22,374.74,94.64,17.23,94.64,17.24,True,0.7568
164,29,125.77,408.66,-8.34,20.55,-8.35,20.53,False,0.7897
164,30,1076.45,664.06,60.33,43.33,60.43,43.11,True,0.4673
164,35,814.07,965.86,43.51,66.07,43.56,66.07,True,0.6979
164,36,1509.74,367.32,93.15,16.49,93.15,16.46,True,0.7312
164,38,692.2,961.79,35.99,65.79,35.98,65.79,True,0.5671
165,1,1783.08,488.27,110.99,28.05,110.99,27.97,False,0.7909
165,2,1478.74,665.12,87.38,43.42,87.36,43.45,True,0.864
165,3,1913.42,654.56,116.81,42.55,116.65,42.5,False,0.4234
165,4,1721.88,421.88,107.83,21.82,107.81,21.82,False,0.8066
165,5,1467.12,513.2,88.25,30.32,88.24,30.3,True,0.8248
165,6,1867.42,418.76,118.46,21.52,118.46,21.51,False,0.7586
165,7,1672.46,341.51,105.64,13.9,105.64,13.88,False,0.8168
165,8,1900.18,447.08,120.21,24.22,120.21,24.22,False,0.7076
165,9,1816.2,502.08,113.07,29.31,113.03,29.32,False,0.7984
165,10,1028.36,527.84,57.3,31.64,57.29,31.66,True,0.8316
165,11,988.6,481.09,54.54,27.39,54.55,27.41,True,0.7969
165,12,1047.66,671.18,58.38,43.92,58.37,43.94,True,0.8232
165,13,1412.87,274.93,87.06,7.01,87.06,7.01,True,0.6767
165,14,1396.56,543.55,82.98,33.04,82.97,33.03,True,0.8102
165,15,1195.15,339.73,70.05,13.72,70.06,13.73,True,0.7801
165,17,705.78,373.8,33.74,17.13,33.76,17.15,True,0.8157
165,18,808.98,237.05,40.82,2.94,40.84,2.93,True,0.7314
165,19,1532.43,374.9,94.72,17.24,94.74,17.23,True,0.7607
165,29,126.54,407.92,-8.3,20.47,-8.31,20.51,False,0.7906
165,30,1080.6,659.59,60.62,42.97,60.56,42.98,True,0.449
165,35,815.42,965.97,43.6,66.08,43.59,66.06,True,0.6801
165,36,1510.24,366.53,93.2,16.41,93.18,16.4,True,0.7329
165,38,695.76,961.66,36.21,65.78,36.18,65.76,True,0.4484
166,1,1784.23,486.64,111.1,27.9,111.11,27.91,False,0.7902
166,2,1479.76,666.31,87.43,43.52,87.42,43.49,True,0.8547
166,4,1721.94,420.82,107.85,21.72,107.85,21.76,False,0.8091
166,5,1468.1,512.6,88.33,30.27,88.31,30.31,True,0.8252
166,6,1867.58,418.01,118.49,21.45,118.48,21.47,False,0.7543
166,7,1673.55,341.29,105.73,13.88,105.71,13.85,False,0.8099
166,8,1900.43,446.82,120.24,24.19,120.24,24.19,False,0.7054
166,9,1817.52,502.13,113.17,29.32,113.15,29.31,False,0.7877
166,10,1030.22,527.08,57.43,31.57,57.43,31.57,True,0.8363
166,11,988.13,481.54,54.5,27.43,54.52,27.44,True,0.8042
166,12,1048.55,670.52,58.44,43.86,58.46,43.88,True,0.817
166,13,1413.16,275.03,87.08,7.02,87.08,6.98,True,0.669
166,14,1397.96,542.87,83.08,32.98,83.06,32.98,True,0.7993
166,15,1196.04,339.54,70.12,13.7,70.12,13.71,True,0.7862
166,17,706.5,373.27,33.79,17.08,33.77,17.11,True,0.8112
166,18,809.42,235.76,40.85,2.8,40.85,2.82,True,0.7252
166,19,1533.8,375.05,94.82,17.26,94.83,17.21,True,0.7375
166,29,126.96,407.6,-8.28,20.44,-8.28,20.47,False,0.7967
166,30,1082.62,656.98,60.76,42.75,60.69,42.84,True,0.5563
166,35,816.08,965.59,43.64,66.05,43.56,66.07,True,0.6944
166,36,1510.47,365.71,93.23,16.33,93.21,16.32,True,0.738
166,38,698.48,961.1,36.37,65.74,36.45,65.73,True,0.6032
167,1,1785.58,485.85,111.21,27.83,111.21,27.84,False,0.8098
167,2,1480.46,666.71,87.47,43.55,87.48,43.53,True,0.8476
167,4,1722.12,420.53,107.87,21.69,107.88,21.7,False,0.8072
167,5,1468.99,513.2,88.38,30.32,88.37,30.31,True,0.8224
167,6,1867.62,417.33,118.51,21.38,118.5,21.43,False,0.7423
167,7,1674.24,340.49,105.8,13.8,105.77,13.84,False,0.8116
167,8,1900.64,446.26,120.26,24.14,120.26,24.15,False,0.7027
167,9,1818.58,502.05,113.24,29.31,113.25,29.3,False,0.7846
167,10,1032.2,526.57,57.57,31.53,57.58,31.48,True,0.8287
167,11,987.92,482.1,54.49,27.48,54.47,27.44,True,0.7985
167,12,1050.18,669.6,58.55,43.79,58.55,43.82,True,0.8029
167,13,1413.23,274.69,87.09,6.98,87.09,6.97,True,0.6837
167,14,1398.74,542.06,83.15,32.91,83.16,32.92,True,0.8033
167,15,1197.14,339.62,70.2,13.71,70.18,13.68,True,0.7892
167,17,706.56,373.0,33.79,17.05,33.8,17.06,True,0.8065
167,18,809.58,234.72,40.86,2.69,40.86,2.72,True,0.7451
167,19,1535.4,374.16,94.95,17.17,94.91,17.18,True,0.7446
167,29,127.42,407.73,-8.24,20.46,-8.25,20.44,False,0.7943
167,30,1083.82,655.37,60.85,42.62,60.82,42.66,True,0.6809
167,35,815.48,965.52,43.6,66.05,43.54,66.06,True,0.6835
167,36,1510.42,364.64,93.24,16.22,93.22,16.26,True,0.7622
167,38,701.34,960.7,36.55,65.71,36.71,65.69,True,0.4135
168,1,1786.92,484.75,111.33,27.73,111.32,27.76,False,0.8196
168,2,1481.62,666.82,87.55,43.56,87.53,43.56,True,0.8456
168,4,1722.72,420.03,107.92,21.64,107.91,21.65,False,0.8099
168,5,1469.88,513.22,88.44,30.33,88.42,30.3,True,0.8162
168,6,1867.84,417.47,118.52,21.4,118.51,21.39,False,0.7468
168,7,1674.42,340.46,105.81,13.79,105.82,13.8,False,0.8053
168,8,1900.94,446.04,120.29,24.12,120.29,24.11,False,0.706
168,9,1820.21,501.89,113.36,29.3,113.33,29.29,False,0.7922
168,10,1034.37,525.13,57.72,31.4,57.72,31.38,True,0.8183
168,11,987.67,481.98,54.47,27.47,54.43,27.44,True,0.8004
168,12,1051.51,669.44,58.64,43.78,58.63,43.76,True,0.8047
168,13,1413.34,273.99,87.11,6.91,87.1,6.94,True,0.6568
168,14,1399.91,541.46,83.23,32.86,83.26,32.85,True,0.8213
168,15,1197.7,339.34,70.24,13.68,70.23,13.64,True,0.7872
168,17,707.12,372.85,33.83,17.04,33.83,17.04,True,0.802
168,18,810.1,233.85,40.9,2.59,40.87,2.64,True,0.7503
168,19,1536.3,374.08,95.02,17.16,95.0,17.13,True,0.7636
168,29,127.9,407.35,-8.22,20.42,-8.23,20.41,False,0.804
168,30,1084.57,654.56,60.9,42.55,60.9,42.54,True,0.6789
168,35,813.44,965.92,43.47,66.08,43.5,66.04,True,0.6971
168,36,1510.42,363.99,93.25,16.16,93.23,16.19,True,0.7717
168,40,963.88,955.56,52.74,65.36,52.7,65.21,True,0.3959
169,1,1788.23,484.36,111.43,27.69,111.43,27.71,False,0.8185
169,2,1482.02,667.11,87.57,43.59,87.57,43.57,True,0.8338
169,4,1722.94,419.7,107.94,21.61,107.93,21.62,False,0.8145
169,5,1470.01,512.9,88.46,30.3,88.46,30.31,True,0.8093
169,6,1867.62,417.4,118.51,21.39,118.52,21.36,False,0.7601
169,7,1675.06,340.72,105.85,13.82,105.85,13.77,False,0.8007
169,8,1901.16,445.5,120.32,24.07,120.31,24.08,False,0.7124
169,9,1820.9,501.75,113.41,29.28,113.41,29.27,False,0.8028
169,10,1036.4,523.78,57.87,31.28,57.87,31.29,True,0.7984
169,11,986.1,481.38,54.36,27.42,54.38,27.43,True,0.8211
169,12,1052.74,668.94,58.73,43.74,58.71,43.72,True,0.8052
169,13,1413.41,274.29,87.11,6.94,87.11,6.89,True,0.669
169,14,1401.28,540.76,83.34,32.79,83.39,32.8,True,0.8209
169,15,1198.02,338.55,70.27,13.6,70.27,13.6,True,0.7947
169,17,707.55,372.7,33.87,17.02,33.83,17.01,True,0.7777
169,18,810.0,233.78,40.89,2.58,40.88,2.58,True,0.7553
169,19,1536.68,373.28,95.06,17.08,95.07,17.06,True,0.7695
169,29,128.1,407.09,-8.21,20.39,-8.21,20.4,False,0.7929
169,30,1085.45,652.94,60.97,42.42,60.96,42.47,True,0.6986
169,35,812.43,965.16,43.41,66.02,43.4,66.05,True,0.7104
169,36,1509.78,364.02,93.2,16.16,93.24,16.13,True,0.7667
170,1,1789.72,483.88,111.55,27.65,111.53,27.66,False,0.8054
170,2,1482.59,667.01,87.61,43.58,87.63,43.57,True,0.8384
170,4,1723.15,419.48,107.96,21.59,107.95,21.6,False,0.8208
170,5,1470.46,512.88,88.49,30.29,88.49,30.31,True,0.7993
170,6,1867.64,416.96,118.52,21.35,118.51,21.35,False,0.7608
170,7,1675.32,339.71,105.89,13.72,105.87,13.75,False,0.8007
170,8,1901.2,445.11,120.33,24.03,120.32,24.05,False,0.711
170,9,1821.85,501.27,113.49,29.24,113.49,29.23,False,0.7996
170,10,1038.52,522.25,58.02,31.14,58.0,31.21,True,0.8017
170,11,985.35,481.02,54.31,27.38,54.32,27.42,True,0.8252
170,12,1053.72,667.9,58.8,43.65,58.79,43.68,True,0.8044
170,13,1413.38,273.31,87.12,6.83,87.12,6.84,True,0.6445
170,14,1403.6,539.99,83.51,32.73,83.55,32.77,True,0.8147
170,15,1198.49,337.52,70.31,13.5,70.3,13.56,True,0.7985
170,17,707.42,372.36,33.85,16.99,33.84,16.98,True,0.7759
170,18,809.84,233.41,40.87,2.54,40.87,2.55,True,0.7666
170,19,1537.44,372.07,95.13,16.96,95.11,17.03,True,0.794
170,29,128.4,406.57,-8.2,20.34,-8.19,20.38,False,0.8045
170,30,1086.2,652.19,61.02,42.35,61.02,42.4,True,0.7085
170,35,812.3,964.56,43.4,65.98,43.26,66.07,True,0.6736
170,36,1510.09,363.36,93.23,16.1,93.25,16.08,True,0.7651
171,1,1790.74,484.04,111.62,27.66,111.61,27.62,False,0.7949
171,2,1483.32,666.75,87.67,43.56,87.67,43.57,True,0.8376
171,4,1723.42,419.41,107.98,21.58,107.97,21.57,False,0.8162
171,5,1470.96,512.87,88.52,30.29,88.51,30.34,True,0.8066
171,6,1867.57,416.49,118.52,21.3,118.48,21.32,False,0.7563
171,7,1675.41,339.64,105.9,13.71,105.87,13.74,False,0.793
171,8,1901.22,445.02,120.33,24.02,120.31,24.03,False,0.7062
171,9,1822.74,500.91,113.56,29.21,113.56,29.17,False,0.8
171,10,1040.4,521.98,58.15,31.12,58.13,31.16,True,0.8053
171,11,984.69,481.12,54.26,27.39,54.24,27.44,True,0.8256
171,12,1054.58,667.76,58.85,43.64,58.84,43.64,True,0.8008
171,13,1413.33,272.67,87.12,6.77,87.12,6.78,True,0.654
171,14,1406.77,540.0,83.73,32.73,83.72,32.76,True,0.8205
171,15,1198.76,337.58,70.33,13.5,70.32,13.52,True,0.7624
171,17,707.13,371.88,33.83,16.94,33.83,16.96,True,0.7902
171,18,809.64,233.05,40.86,2.5,40.85,2.54,True,0.7733
171,19,1537.96,371.78,95.17,16.93,95.15,17.01,True,0.7959
171,29,128.72,406.93,-8.16,20.38,-8.16,20.36,False,0.8054
171,30,1086.99,652.57,61.07,42.39,61.08,42.33,True,0.6738
171,35,807.32,966.4,43.1,66.11,43.11,66.06,True,0.7226
171,36,1510.44,362.41,93.27,16.0,93.26,16.04,True,0.7731
171,38,711.18,959.4,37.15,65.62,36.93,65.67,True,0.6196
172,1,1791.89,483.17,111.71,27.58,111.69,27.58,False,0.7885
172,2,1484.32,666.66,87.73,43.55,87.72,43.56,True,0.8457
172,4,1723.3,419.42,107.97,21.58,107.97,21.54,False,0.8116
172,5,1471.3,513.21,88.54,30.32,88.52,30.4,True,0.8166
172,6,1866.94,416.35,118.48,21.29,118.44,21.29,False,0.7607
172,7,1675.14,339.7,105.88,13.72,105.85,13.7,False,0.7902
172,8,1901.01,444.92,120.32,24.01,120.28,24.03,False,0.6969
172,9,1823.61,500.17,113.64,29.14,113.63,29.09,False,0.8073
172,10,1041.78,522.17,58.25,31.13,58.26,31.12,True,0.8126
172,11,983.58,481.87,54.18,27.46,54.16,27.48,True,0.8265
172,12,1055.44,667.44,58.91,43.61,58.89,43.58,True,0.7994
172,13,1413.24,272.33,87.12,6.73,87.12,6.72,True,0.6469
172,14,1409.7,540.22,83.93,32.75,83.91,32.77,True,0.7437
172,15,1199.03,337.59,70.35,13.5,70.34,13.5,True,0.7291
172,17,706.81,371.63,33.8,16.92,33.81,16.93,True,0.7896
172,18,809.31,233.23,40.83,2.52,40.83,2.55,True,0.7634
172,19,1538.37,372.74,95.19,17.03,95.17,17.01,True,0.8
172,29,129.18,406.67,-8.14,20.35,-8.12,20.36,False,0.8051
172,30,1087.8,651.51,61.13,42.3,61.13,42.28,True,0.6869
172,35,804.5,966.87,42.93,66.14,42.96,66.06,True,0.7389
172,36,1510.68,362.27,93.29,15.99,93.26,16.01,True,0.7809
172,38,712.78,959.26,37.25,65.61,37.14,65.63,True,0.7103
173,1,1792.29,482.61,111.75,27.53,111.75,27.54,False,0.7817
173,2,1485.18,666.79,87.79,43.56,87.75,43.55,True,0.8455
173,4,1723.32,418.67,107.99,21.51,107.95,21.5,False,0.8166
173,5,1471.47,515.0,88.54,30.49,88.53,30.47,True,0.8187
173,6,1865.62,416.11,118.39,21.27,118.37,21.28,False,0.7681
173,7,1674.55,339.7,105.83,13.72,105.81,13.67,False,0.7882
173,8,1900.08,445.15,120.25,24.03,120.23,24.01,False,0.6891
173,9,1824.34,498.38,113.72,28.98,113.66,28.99,False,0.8101
173,10,1043.36,522.31,58.36,31.14,58.39,31.09,True,0.8255
173,11,982.06,483.06,54.07,27.57,54.07,27.55,True,0.8165
173,12,1055.72,666.65,58.93,43.55,58.93,43.54,True,0.7955
173,13,1413.14,271.25,87.12,6.62,87.11,6.69,True,0.6473
173,14,1412.38,540.9,84.11,32.81,84.09,32.79,True,0.771
173,15,1199.13,337.6,70.36,13.5,70.34,13.5,True,0.7584
173,17,706.68,371.55,33.79,16.91,33.79,16.92,True,0.7925
173,18,808.98,233.71,40.81,2.58,40.81,2.55,True,0.7725
173,19,1538.36,373.21,95.18,17.07,95.17,17.04,True,0.7964
173,29,129.95,406.4,-8.09,20.33,-8.06,20.38,False,0.8204
173,30,1088.64,650.34,61.19,42.2,61.17,42.23,True,0.6761
173,35,801.24,965.82,42.72,66.07,42.79,66.05,True,0.7507
173,36,1510.78,361.98,93.3,15.96,93.25,15.99,True,0.7815
173,38,714.11,959.75,37.33,65.65,37.32,65.59,True,0.7072
173,40,963.76,952.83,52.73,65.17,52.67,65.18,True,0.3595
174,1,1792.85,482.24,111.8,27.5,111.81,27.49,False,0.7685
174,2,1485.45,666.53,87.81,43.54,87.77,43.55,True,0.8511
174,4,1722.6,417.77,107.95,21.42,107.9,21.46,False,0.815
174,5,1471.61,516.33,88.53,30.61,88.53,30.57,True,0.8268
174,6,1864.07,415.99,118.28,21.25,118.29,21.27,False,0.7635
174,7,1673.54,338.79,105.77,13.62,105.76,13.65,False,0.7795
174,8,1898.88,445.19,120.16,24.04,120.16,23.98,False,0.7018
174,9,1823.87,497.09,113.72,28.86,113.69,28.89,False,0.808
174,10,1045.7,521.35,58.53,31.06,58.52,31.05,True,0.8359
174,11,980.83,483.58,53.98,27.62,53.96,27.61,True,0.8089
174,12,1055.99,665.6,58.95,43.46,58.96,43.48,True,0.7969
174,13,1412.96,271.53,87.11,6.65,87.1,6.67,True,0.6793
174,14,1414.79,541.14,84.28,32.83,84.24,32.79,True,0.7584
174,15,1198.97,337.54,70.35,13.5,70.34,13.5,True,0.7651
174,17,706.58,371.59,33.79,16.91,33.76,16.92,True,0.7886
174,18,808.74,234.02,40.79,2.61,40.79,2.57,True,0.7766
174,19,1538.16,373.18,95.17,17.07,95.17,17.08,True,0.7861
174,29,130.98,406.98,-8.0,20.38,-8.0,20.4,False,0.812
174,30,1089.13,649.82,61.22,42.16,61.22,42.17,True,0.6877
174,35,799.78,964.6,42.63,65.98,42.67,66.03,True,0.7735
174,36,1509.96,362.46,93.23,16.01,93.21,16.0,True,0.7711
174,38,715.61,958.45,37.42,65.56,37.41,65.57,True,0.6957
175,1,1793.55,481.67,111.86,27.44,111.85,27.45,False,0.7589
175,2,1484.84,666.59,87.77,43.54,87.76,43.56,True,0.842
175,4,1721.2,417.74,107.85,21.42,107.85,21.42,False,0.8083
175,5,1471.42,516.93,88.51,30.66,88.52,30.68,True,0.8237
175,6,1862.47,416.19,118.16,21.27,118.21,21.26,False,0.7602
175,7,1672.42,338.53,105.69,13.6,105.69,13.63,False,0.7757
175,8,1897.48,444.17,120.08,23.94,120.09,23.96,False,0.6972
175,9,1823.14,496.08,113.68,28.77,113.69,28.8,False,0.8058
175,10,1047.79,520.79,58.67,31.01,58.63,31.01,True,0.8371
175,11,978.78,484.43,53.84,27.7,53.85,27.68,True,0.8057
175,12,1056.56,665.13,58.99,43.42,59.0,43.41,True,0.7997
175,13,1412.53,271.84,87.07,6.68,87.08,6.66,True,0.6979
175,14,1416.45,540.96,84.4,32.81,84.37,32.79,True,0.7691
175,15,1198.61,337.35,70.32,13.48,70.32,13.52,True,0.7628
175,17,705.8,371.68,33.73,16.92,33.73,16.92,True,0.7976
175,18,808.47,233.59,40.77,2.56,40.76,2.58,True,0.775
175,19,1537.9,373.4,95.15,17.09,95.16,17.09,True,0.779
175,29,131.92,407.66,-7.92,20.45,-7.92,20.46,False,0.8089
175,30,1089.47,649.27,61.25,42.11,61.27,42.12,True,0.6767
175,35,798.77,964.35,42.57,65.97,42.56,66.0,True,0.7392
175,36,1508.77,362.33,93.15,15.99,93.16,16.01,True,0.7666
175,38,716.4,958.03,37.47,65.53,37.47,65.54,True,0.745
175,40,961.98,951.82,52.62,65.1,52.66,65.15,True,0.3811
176,1,1794.2,481.16,111.92,27.4,111.89,27.4,False,0.7644
176,2,1484.42,666.78,87.74,43.56,87.72,43.58,True,0.8459
176,4,1719.68,417.37,107.75,21.39,107.78,21.38,False,0.8057
176,5,1471.55,517.97,88.51,30.75,88.51,30.78,True,0.8211
176,6,1862.27,416.07,118.15,21.26,118.13,21.25,False,0.7655
176,7,1671.2,338.45,105.61,13.59,105.62,13.61,False,0.7803
176,8,1896.26,443.68,120.0,23.9,120.0,23.95,False,0.728
176,9,1822.83,495.61,113.67,28.72,113.67,28.75,False,0.8037
176,10,1049.07,519.92,58.77,30.93,58.74,30.96,True,0.8318
176,11,977.38,484.32,53.74,27.69,53.74,27.77,True,0.8168
176,12,1057.22,664.48,59.04,43.37,59.05,43.34,True,0.8018
176,13,1412.42,271.99,87.06,6.69,87.06,6.66,True,0.7448
176,14,1417.84,540.36,84.5,32.76,84.46,32.75,True,0.7946
176,15,1198.48,337.71,70.31,13.52,70.29,13.56,True,0.7847
176,17,705.04,371.82,33.67,16.94,33.7,16.94,True,0.804
176,18,808.38,233.72,40.76,2.58,40.72,2.59,True,0.769
176,19,1537.95,373.68,95.15,17.12,95.15,17.1,True,0.7742
176,29,132.93,408.3,-7.83,20.51,-7.85,20.51,False,0.8057
176,30,1090.32,648.77,61.31,42.07,61.33,42.09,True,0.6824
176,35,797.66,964.48,42.5,65.98,42.43,65.98,True,0.736
176,36,1507.89,362.71,93.08,16.03,93.09,16.02,True,0.7626
176,38,717.99,957.37,37.56,65.48,37.56,65.49,True,0.7975
176,40,961.67,951.52,52.6,65.08,52.64,65.08,True,0.4203
177,1,1794.43,480.75,111.94,27.36,111.91,27.36,False,0.7523
177,2,1483.55,667.35,87.67,43.6,87.65,43.61,True,0.8543
177,4,1718.76,416.87,107.69,21.34,107.7,21.36,False,0.7975
177,5,1471.6,519.42,88.49,30.88,88.5,30.86,True,0.8109
177,6,1861.43,415.88,118.09,21.24,118.06,21.26,False,0.7674
177,7,1670.33,338.62,105.54,13.61,105.55,13.61,False,0.7636
177,8,1895.43,443.79,119.94,23.91,119.92,23.94,False,0.7483
177,9,1822.4,495.24,113.65,28.69,113.64,28.72,False,0.7992
177,10,1050.08,519.79,58.84,30.92,58.83,30.93,True,0.829
177,11,975.45,485.95,53.6,27.84,53.63,27.86,True,0.8324
177,12,1058.1,662.85,59.1,43.23,59.12,43.26,True,0.8059
177,13,1412.1,271.69,87.04,6.66,87.03,6.66,True,0.758
177,14,1418.43,539.93,84.54,32.72,84.52,32.71,True,0.7957
177,15,1197.82,338.53,70.26,13.6,70.26,13.62,True,0.787
177,17,704.7,371.89,33.65,16.94,33.67,16.96,True,0.8058
177,18,807.44,233.65,40.69,2.57,40.68,2.59,True,0.7579
177,19,1537.91,373.45,95.15,17.1,95.15,17.11,True,0.7646
177,29,133.56,409.34,-7.76,20.61,-7.78,20.56,False,0.8089
177,30,1091.77,648.69,61.4,42.06,61.39,42.06,True,0.6608
177,35,796.07,964.58,42.4,65.98,42.28,65.97,True,0.6628
177,36,1507.42,362.86,93.04,16.05,93.02,16.03,True,0.7568
177,38,718.52,957.06,37.59,65.46,37.65,65.45,True,0.8036
177,40,961.55,951.2,52.6,65.06,52.65,65.03,True,0.3505
178,1,1794.3,480.13,111.94,27.3,111.92,27.34,False,0.7514
178,2,1482.49,667.89,87.6,43.65,87.57,43.67,True,0.8527
178,4,1717.98,416.58,107.64,21.31,107.64,21.34,False,0.7976
178,5,1471.66,520.56,88.49,30.99,88.51,30.94,True,0.8169
178,6,1859.87,415.89,117.98,21.24,118.0,21.27,False,0.7669
178,7,1669.61,338.91,105.48,13.64,105.47,13.63,False,0.7631
178,8,1894.14,444.38,119.84,23.96,119.84,23.96,False,0.7505
178,9,1822.02,495.34,113.62,28.7,113.61,28.71,False,0.8025
178,10,1050.82,519.62,58.89,30.9,58.89,30.9,True,0.834
178,11,974.3,487.48,53.52,27.98,53.53,27.97,True,0.8387
178,12,1059.36,662.42,59.19,43.2,59.2,43.16,True,0.8107
178,13,1411.74,271.13,87.02,6.6,86.99,6.66,True,0.7635
178,14,1418.6,538.94,84.57,32.63,84.56,32.66,True,0.8105
178,15,1197.6,339.63,70.23,13.71,70.22,13.68,True,0.7894
178,17,704.61,372.31,33.65,16.99,33.66,16.99,True,0.8083
178,18,806.34,234.08,40.61,2.62,40.63,2.6,True,0.7393
178,19,1538.01,373.54,95.15,17.11,95.16,17.11,True,0.7756
178,29,134.16,409.33,-7.72,20.61,-7.71,20.6,False,0.8086
178,30,1092.6,648.41,61.46,42.04,61.45,42.04,True,0.6552
178,35,790.6,964.34,42.06,65.97,42.09,65.96,True,0.5945
178,36,1506.04,362.73,92.94,16.03,92.96,16.05,True,0.7525
178,38,721.06,956.21,37.75,65.4,37.75,65.41,True,0.7981
179,1,1793.85,480.09,111.91,27.3,111.92,27.33,False,0.7548
179,2,1480.95,668.66,87.49,43.71,87.46,43.75,True,0.8564
179,4,1717.07,416.82,107.57,21.33,107.58,21.34,False,0.8028
179,5,1472.16,521.06,88.52,31.03,88.53,31.02,True,0.8235
179,6,1859.28,416.34,117.92,21.29,117.93,21.29,False,0.77
179,7,1668.86,338.76,105.43,13.62,105.39,13.64,False,0.7649
179,8,1892.96,444.87,119.74,24.01,119.77,23.98,False,0.7526
179,9,1821.52,495.45,113.58,28.71,113.57,28.72,False,0.7934
179,10,1051.81,519.24,58.96,30.87,58.95,30.89,True,0.832
179,11,973.27,488.94,53.44,28.11,53.45,28.09,True,0.8343
179,12,1060.83,660.76,59.29,43.06,59.29,43.06,True,0.8179
179,13,1410.92,271.74,86.95,6.67,86.96,6.67,True,0.7519
179,14,1419.02,539.08,84.59,32.64,84.59,32.61,True,0.8186
179,15,1197.05,340.38,70.19,13.79,70.18,13.74,True,0.8014
179,17,704.83,372.73,33.67,17.03,33.67,17.02,True,0.808
179,18,805.68,234.07,40.55,2.62,40.58,2.63,True,0.6891
179,19,1538.29,373.59,95.17,17.11,95.18,17.1,True,0.763
179,29,134.93,409.42,-7.66,20.62,-7.64,20.64,False,0.8014
179,30,1093.34,648.13,61.51,42.02,61.51,42.03,True,0.6458
179,35,787.25,964.45,41.86,65.97,41.93,65.95,True,0.6372
179,36,1505.08,362.93,92.87,16.05,92.89,16.06,True,0.7544
179,38,722.86,955.77,37.86,65.37,37.87,65.38,True,0.7976
179,40,962.47,950.06,52.65,64.98,52.59,64.98,True,0.3756
180,1,1793.86,480.59,111.9,27.34,111.92,27.33,False,0.7568
180,2,1478.78,669.98,87.33,43.82,87.36,43.85,True,0.866
180,4,1716.65,417.03,107.53,21.35,107.53,21.34,False,0.8215
180,5,1472.58,521.53,88.54,31.07,88.56,31.05,True,0.8327
180,6,1858.54,416.79,117.86,21.33,117.86,21.31,False,0.7959
180,7,1667.34,339.38,105.3,13.68,105.31,13.65,False,0.7716
180,8,1892.13,444.79,119.68,24.0,119.7,24.0,False,0.7627
180,9,1820.98,495.81,113.54,28.74,113.52,28.75,False,0.7825
180,10,1051.98,519.28,58.97,30.87,59.03,30.87,True,0.8327
180,11,972.22,490.17,53.37,28.23,53.39,28.18,True,0.8503
180,12,1062.16,659.14,59.38,42.93,59.37,42.98,True,0.8218
180,13,1410.3,271.78,86.9,6.67,86.93,6.68,True,0.767
180,14,1419.08,537.82,84.61,32.53,84.62,32.58,True,0.8215
180,15,1196.28,340.47,70.13,13.8,70.15,13.79,True,0.8072
180,17,704.98,373.1,33.68,17.06,33.69,17.04,True,0.8106
180,18,805.32,234.22,40.53,2.63,40.55,2.67,True,0.7294
180,19,1538.57,373.57,95.19,17.11,95.21,17.09,True,0.789
180,29,136.06,409.8,-7.57,20.66,-7.56,20.65,False,0.8008
180,30,1093.96,648.17,61.55,42.02,61.56,42.02,True,0.645
180,35,783.76,963.54,41.64,65.91,41.8,65.93,True,0.6713
180,36,1504.92,363.21,92.85,16.08,92.81,16.06,True,0.7775
180,38,725.21,954.95,38.0,65.32,38.01,65.38,True,0.7756
181,1,1794.12,480.8,111.92,27.36,111.92,27.35,False,0.7523
181,2,1477.43,671.92,87.22,43.98,87.26,43.95,True,0.8726
181,4,1715.76,417.15,107.47,21.37,107.49,21.35,False,0.8126
181,5,1473.34,521.96,88.59,31.11,88.61,31.08,True,0.8315
181,6,1857.62,416.79,117.79,21.33,117.8,21.33,False,0.7767
181,7,1665.68,339.22,105.18,13.67,105.23,13.64,False,0.7776
181,8,1891.61,444.91,119.64,24.01,119.64,24.04,False,0.761
181,9,1820.22,496.23,113.47,28.78,113.47,28.77,False,0.7709
181,10,1053.52,519.49,59.08,30.89,59.14,30.86,True,0.8249
181,11,971.87,490.72,53.34,28.28,53.33,28.25,True,0.8449
181,12,1063.45,658.58,59.47,42.88,59.47,42.9,True,0.8267
181,13,1410.14,272.44,86.88,6.74,86.9,6.7,True,0.7638
181,14,1419.27,537.88,84.62,32.54,84.66,32.55,True,0.8269
181,15,1195.82,340.75,70.09,13.82,70.11,13.83,True,0.7969
181,17,705.42,373.18,33.71,17.07,33.73,17.06,True,0.8135
181,18,805.34,235.1,40.53,2.73,40.54,2.72,True,0.721
181,19,1539.2,373.03,95.25,17.06,95.25,17.11,True,0.7786
181,29,137.32,410.02,-7.48,20.68,-7.48,20.68,False,0.7951
181,30,1094.77,648.07,61.61,42.01,61.61,42.01,True,0.6222
181,35,784.56,963.65,41.69,65.92,41.71,65.91,True,0.7041
181,36,1503.38,363.1,92.74,16.07,92.74,16.08,True,0.7751
181,38,727.71,955.57,38.15,65.36,38.12,65.42,True,0.8002
181,40,964.8,949.34,52.8,64.93,52.53,64.94,True,0.3988
182,1,1794.4,480.8,111.94,27.36,111.93,27.37,False,0.7562
182,2,1476.56,673.19,87.14,44.08,87.18,44.05,True,0.8848
182,4,1715.52,416.83,107.46,21.33,107.45,21.35,False,0.8241
182,5,1474.41,521.21,88.67,31.05,88.67,31.11,True,0.8373
182,6,1857.07,416.9,117.75,21.34,117.75,21.34,False,0.7884
182,7,1665.33,338.77,105.16,13.62,105.15,13.64,False,0.7831
182,8,1891.1,445.17,119.6,24.04,119.57,24.06,False,0.7675
182,9,1819.36,496.69,113.4,28.82,113.41,28.79,False,0.7685
182,10,1055.99,518.97,59.25,30.84,59.27,30.85,True,0.8237
182,11,970.92,491.11,53.28,28.31,53.26,28.29,True,0.8419
182,12,1064.45,657.85,59.54,42.82,59.55,42.84,True,0.8342
182,13,1410.22,272.03,86.89,6.7,86.87,6.71,True,0.7643
182,14,1420.26,538.01,84.69,32.55,84.7,32.53,True,0.825
182,15,1195.74,340.96,70.09,13.84,70.07,13.85,True,0.8013
182,17,706.14,373.13,33.76,17.07,33.78,17.07,True,0.8119
182,18,805.44,235.44,40.54,2.76,40.55,2.79,True,0.7169
182,19,1540.09,373.23,95.31,17.08,95.27,17.12,True,0.7779
182,29,138.55,410.12,-7.38,20.69,-7.38,20.71,False,0.7989
182,30,1095.56,648.03,61.66,42.01,61.66,42.01,True,0.5876
182,35,785.24,963.4,41.73,65.9,41.66,65.89,True,0.716
182,36,1502.04,363.15,92.64,16.07,92.68,16.09,True,0.7924
182,38,729.8,957.13,38.29,65.47,38.22,65.47,True,0.8028
183,1,1794.66,480.98,111.95,27.38,111.95,27.39,False,0.7644
183,2,1476.21,674.01,87.11,44.15,87.13,44.15,True,0.8803
183,4,1715.18,416.96,107.43,21.35,107.41,21.34,False,0.8233
183,5,1475.52,522.41,88.74,31.15,88.72,31.17,True,0.8352
183,6,1856.36,417.18,117.69,21.37,117.7,21.35,False,0.7856
183,7,1664.43,338.44,105.1,13.59,105.07,13.64,False,0.7807
183,8,1890.35,446.03,119.53,24.12,119.51,24.09,False,0.769
183,9,1818.7,496.64,113.36,28.82,113.36,28.81,False,0.7655
183,10,1058.68,518.76,59.44,30.83,59.44,30.84,True,0.8182
183,11,969.82,491.14,53.2,28.32,53.18,28.32,True,0.8413
183,12,1066.04,657.56,59.65,42.8,59.63,42.81,True,0.8471
183,13,1410.14,272.13,86.88,6.71,86.85,6.74,True,0.7694
183,14,1421.34,537.37,84.77,32.49,84.75,32.52,True,0.8261
183,15,1195.1,341.38,70.04,13.89,70.05,13.87,True,0.8042
183,17,706.83,373.14,33.82,17.07,33.85,17.07,True,0.8292
183,18,805.53,236.16,40.55,2.84,40.55,2.86,True,0.6951
183,19,1540.32,374.35,95.31,17.19,95.3,17.15,True,0.7779
183,29,139.58,410.69,-7.3,20.74,-7.3,20.75,False,0.7919
183,30,1096.56,648.09,61.73,42.01,61.72,42.01,True,0.5628
183,35,783.82,962.63,41.64,65.85,41.66,65.88,True,0.7226
183,36,1501.7,363.56,92.61,16.12,92.61,16.1,True,0.7837
183,38,729.86,958.5,38.3,65.56,38.31,65.56,True,0.7964
184,1,1794.8,481.21,111.96,27.4,111.99,27.42,False,0.7676
184,2,1475.99,674.88,87.09,44.22,87.1,44.24,True,0.882
184,4,1714.46,416.88,107.38,21.34,107.37,21.33,False,0.8244
184,5,1476.38,522.8,88.79,31.19,88.78,31.25,True,0.8436
184,6,1855.67,416.94,117.65,21.35,117.66,21.36,False,0.79
184,7,1663.08,339.1,104.99,13.66,105.01,13.64,True,0.7781
184,8,1888.94,446.27,119.42,24.14,119.46,24.11,False,0.7826
184,9,1817.68,496.57,113.29,28.81,113.32,28.83,False,0.767
184,10,1061.2,518.73,59.62,30.82,59.61,30.83,True,0.7976
184,11,968.41,491.14,53.1,28.32,53.08,28.35,True,0.8362
184,12,1067.04,657.37,59.71,42.78,59.69,42.79,True,0.8478
184,13,1409.3,272.21,86.82,6.72,86.83,6.76,True,0.7532
184,14,1421.55,537.65,84.79,32.52,84.82,32.51,True,0.8225
184,15,1194.94,341.68,70.02,13.92,70.02,13.87,True,0.803
184,17,708.18,373.13,33.91,17.07,33.91,17.07,True,0.8225
184,18,805.81,237.31,40.58,2.97,40.56,2.91,True,0.6975
184,19,1539.97,374.24,95.29,17.18,95.32,17.18,True,0.7837
184,29,140.99,411.25,-7.18,20.8,-7.23,20.78,False,0.7926
184,30,1097.24,648.1,61.77,42.01,61.76,42.02,True,0.5301
184,35,783.19,962.72,41.6,65.85,41.72,65.86,True,0.7158
184,36,1500.81,363.43,92.54,16.1,92.57,16.11,True,0.7832
184,38,730.92,959.64,38.37,65.64,38.41,65.64,True,0.762
185,1,1795.48,481.74,112.0,27.45,112.04,27.43,False,0.7698
185,2,1476.0,675.78,87.08,44.3,87.1,44.33,True,0.8809
185,4,1713.29,416.62,107.3,21.31,107.32,21.32,False,0.8222
185,5,1477.24,524.67,88.83,31.36,88.83,31.36,True,0.8428
185,6,1855.2,417.25,117.61,21.37,117.64,21.37,False,0.779
185,7,1662.16,339.1,104.92,13.66,104.95,13.64,True,0.7848
185,8,1888.21,446.15,119.37,24.13,119.41,24.13,False,0.7877
185,9,1817.44,496.85,113.26,28.84,113.3,28.83,False,0.7715
185,10,1063.83,518.84,59.81,30.83,59.75,30.83,True,0.8141
185,11,966.76,491.61,52.98,28.36,52.98,28.38,True,0.8313
185,12,1067.75,657.45,59.76,42.79,59.76,42.79,True,0.8468
185,13,1409.05,273.04,86.79,6.81,86.8,6.79,True,0.7636
185,14,1422.65,537.31,84.87,32.49,84.91,32.5,True,0.8252
185,15,1194.55,341.17,70.0,13.87,70.0,13.87,True,0.8044
185,17,709.7,373.17,34.03,17.07,33.97,17.07,True,0.8119
185,18,805.58,237.46,40.56,2.98,40.56,2.97,True,0.669
185,19,1540.42,374.63,95.32,17.22,95.33,17.19,True,0.7801
185,29,141.5,411.62,-7.14,20.83,-7.18,20.82,False,0.7988
185,30,1097.86,648.26,61.82,42.03,61.8,42.03,True,0.5055
185,35,783.84,963.05,41.64,65.88,41.81,65.84,True,0.7234
185,36,1500.48,363.57,92.52,16.12,92.55,16.12,True,0.774
185,38,732.27,961.21,38.46,65.75,38.5,65.65,True,0.758
186,1,1796.92,482.17,112.09,27.49,112.11,27.44,False,0.7477
186,2,1476.34,677.53,87.08,44.44,87.1,44.42,True,0.8833
186,4,1712.82,416.53,107.26,21.31,107.27,21.3,False,0.826
186,5,1478.19,526.11,88.88,31.49,88.88,31.47,True,0.8486
186,6,1855.34,417.29,117.62,21.38,117.62,21.37,False,0.7716
186,7,1661.67,339.18,104.88,13.66,104.91,13.65,True,0.7905
186,8,1888.26,446.18,119.37,24.13,119.38,24.13,False,0.786
186,9,1817.9,496.99,113.29,28.85,113.3,28.84,False,0.7709
186,10,1065.32,518.89,59.91,30.84,59.87,30.82,True,0.8398
186,11,965.14,492.41,52.86,28.43,52.87,28.43,True,0.8314
186,12,1068.53,657.39,59.81,42.78,59.82,42.78,True,0.8476
186,13,1408.86,273.46,86.77,6.85,86.78,6.82,True,0.7671
186,14,1424.5,537.65,84.99,32.52,85.0,32.51,True,0.8346
186,15,1194.08,340.77,69.97,13.83,69.98,13.88,True,0.8063
186,17,709.9,373.14,34.04,17.07,34.01,17.07,True,0.8157
186,18,805.55,237.5,40.56,2.99,40.56,3.02,True,0.6738
186,19,1541.08,374.63,95.36,17.22,95.36,17.19,True,0.7869
186,29,141.57,411.89,-7.13,20.86,-7.14,20.87,False,0.7959
186,30,1098.18,648.48,61.84,42.05,61.84,42.06,True,0.5341
186,35,789.36,962.32,41.98,65.83,41.97,65.82,True,0.6911
186,36,1500.84,363.58,92.54,16.12,92.54,16.13,True,0.7728
186,38,734.88,961.4,38.62,65.76,38.59,65.62,True,0.658
187,1,1798.0,481.74,112.18,27.45,112.21,27.43,False,0.7546
187,2,1477.02,678.74,87.12,44.54,87.12,44.5,True,0.8759
187,4,1712.12,416.46,107.21,21.3,107.23,21.28,False,0.8299
187,5,1479.03,527.36,88.93,31.6,88.93,31.6,True,0.8508
187,6,1855.24,417.38,117.61,21.39,117.61,21.38,False,0.7663
187,7,1661.57,338.91,104.88,13.64,104.88,13.65,True,0.794
187,8,1888.39,446.29,119.38,24.14,119.38,24.13,False,0.7898
187,9,1817.95,496.9,113.3,28.84,113.32,28.83,False,0.777
187,10,1066.22,518.74,59.97,30.82,59.97,30.81,True,0.8437
187,11,963.68,492.94,52.76,28.48,52.77,28.5,True,0.8233
187,12,1069.36,657.39,59.87,42.78,59.89,42.78,True,0.8404
187,13,1408.71,273.67,86.76,6.87,86.77,6.85,True,0.7684
187,14,1426.26,537.51,85.12,32.5,85.11,32.51,True,0.8353
187,15,1193.99,340.98,69.96,13.85,69.97,13.89,True,0.7987
187,17,710.05,373.16,34.05,17.07,34.03,17.06,True,0.8222
187,18,805.33,238.2,40.54,3.07,40.55,3.06,True,0.6595
187,19,1541.3,374.11,95.39,17.16,95.39,17.18,True,0.7949
187,29,141.49,412.27,-7.13,20.89,-7.14,20.91,False,0.7949
187,30,1098.59,648.68,61.86,42.06,61.87,42.09,True,0.4741
187,35,793.01,961.58,42.2,65.78,42.15,65.8,True,0.6988
187,36,1501.11,363.86,92.56,16.15,92.55,16.15,True,0.7682
187,38,736.96,958.36,38.74,65.55,38.69,65.56,True,0.757
188,1,1799.55,481.31,112.3,27.41,112.33,27.4,False,0.7287
188,2,1477.68,679.3,87.15,44.58,87.14,44.57,True,0.8705
188,4,1712.01,416.1,107.21,21.26,107.19,21.25,False,0.8287
188,5,1479.78,528.44,88.97,31.69,88.97,31.72,True,0.8406
188,6,1855.32,417.29,117.61,21.38,117.62,21.39,False,0.7717
188,7,1661.56,338.94,104.88,13.64,104.86,13.64,True,0.7949
188,8,1888.43,446.19,119.38,24.13,119.38,24.13,False,0.7906
188,9,1818.5,496.87,113.34,28.84,113.36,28.82,False,0.7755
188,10,1067.35,518.41,60.06,30.79,60.03,30.8,True,0.8529
188,11,962.42,493.58,52.67,28.54,52.67,28.6,True,0.8281
188,12,1070.74,657.38,59.96,42.78,59.96,42.78,True,0.8364
188,13,1408.74,273.64,86.76,6.87,86.76,6.86,True,0.7659
188,14,1427.84,537.47,85.23,32.5,85.22,32.51,True,0.8464
188,15,1193.78,341.57,69.94,13.91,69.95,13.91,True,0.8
188,17,709.8,373.0,34.03,17.05,34.01,17.06,True,0.8214
188,18,805.34,238.65,40.55,3.11,40.54,3.09,True,0.6982
188,19,1541.78,373.93,95.43,17.15,95.43,17.17,True,0.7983
188,29,141.19,412.92,-7.14,20.96,-7.14,20.96,False,0.7971
188,30,1099.15,649.51,61.9,42.13,61.89,42.12,True,0.4671
188,35,796.31,961.14,42.41,65.75,42.34,65.75,True,0.6869
188,36,1501.0,364.15,92.55,16.17,92.57,16.15,True,0.7677
188,38,737.68,956.33,38.77,65.41,38.78,65.48,True,0.7183
189,1,1801.76,480.6,112.47,27.35,112.47,27.38,False,0.6954
189,2,1478.01,679.95,87.17,44.64,87.17,44.61,True,0.8692
189,4,1711.34,415.71,107.17,21.23,107.16,21.21,False,0.8276
189,5,1480.8,530.03,89.02,31.84,89.0,31.83,True,0.8367
189,6,1855.51,417.56,117.62,21.4,117.63,21.4,False,0.7715
189,7,1661.11,338.94,104.84,13.64,104.85,13.64,True,0.7874
189,8,1888.34,446.02,119.38,24.12,119.39,24.12,False,0.7866
189,9,1819.51,496.36,113.42,28.79,113.41,28.82,False,0.7552
189,10,1067.97,518.36,60.1,30.79,60.09,30.77,True,0.8663
189,11,961.06,495.39,52.58,28.7,52.59,28.69,True,0.833
189,12,1072.09,657.46,60.05,42.79,60.05,42.78,True,0.8266
189,13,1408.58,273.42,86.75,6.85,86.75,6.87,True,0.7619
189,14,1429.38,537.63,85.33,32.52,85.32,32.51,True,0.8448
189,15,1194.16,342.23,69.96,13.97,69.94,13.94,True,0.7939
189,17,709.44,373.03,34.01,17.06,33.97,17.06,True,0.8203
189,18,804.98,238.92,40.52,3.14,40.53,3.13,True,0.6991
189,19,1542.43,373.85,95.47,17.14,95.47,17.16,True,0.7994
189,29,140.92,413.47,-7.14,21.01,-7.14,21.01,False,0.7962
189,30,1099.26,650.09,61.91,42.18,61.99,42.12,True,0.4534
189,35,798.26,961.06,42.53,65.74,42.46,65.71,True,0.7131
189,36,1501.46,364.18,92.58,16.18,92.59,16.14,True,0.7611
189,38,739.13,955.35,38.86,65.34,38.85,65.39,True,0.7529
189,42,1690.71,1033.36,96.67,70.64,96.16,70.68,False,0.6733
190,1,1803.93,480.15,112.63,27.3,112.6,27.41,False,0.7148
190,2,1478.34,680.28,87.19,44.66,87.19,44.63,True,0.8645
190,4,1710.41,414.93,107.12,21.15,107.13,21.17,False,0.8267
190,5,1481.26,531.42,89.03,31.96,89.04,31.94,True,0.8317
190,6,1855.73,417.63,117.64,21.41,117.64,21.42,False,0.7743
190,7,1660.9,338.92,104.83,13.64,104.84,13.63,True,0.7833
190,8,1888.39,445.9,119.39,24.11,119.4,24.12,False,0.7805
190,9,1820.13,496.46,113.46,28.8,113.49,28.81,False,0.7737
190,10,1068.32,517.91,60.12,30.75,60.13,30.75,True,0.8651
190,11,959.93,496.71,52.5,28.83,52.51,28.78,True,0.828
190,12,1073.26,657.29,60.13,42.78,60.14,42.77,True,0.8265
190,13,1408.42,273.52,86.74,6.86,86.75,6.87,True,0.7605
190,14,1430.6,537.76,85.42,32.53,85.41,32.51,True,0.8371
190,15,1193.72,342.23,69.93,13.97,69.92,13.96,True,0.7954
190,17,708.12,373.08,33.91,17.06,33.94,17.07,True,0.8344
190,18,805.03,238.95,40.52,3.15,40.53,3.15,True,0.7042
190,19,1543.16,374.23,95.52,17.18,95.52,17.17,True,0.799
190,29,140.72,414.17,-7.15,21.08,-7.14,21.05,False,0.7945
190,30,1099.54,650.36,61.92,42.2,62.11,42.11,True,0.4015
190,35,799.28,959.81,42.59,65.65,42.52,65.67,True,0.7405
190,36,1501.8,363.61,92.61,16.12,92.62,16.13,True,0.7644
190,38,740.32,955.22,38.93,65.33,38.91,65.34,True,0.7751
190,42,1689.87,1032.98,96.62,70.62,96.16,70.68,False,0.4388
191,1,1806.07,481.2,112.76,27.4,112.72,27.49,False,0.7185
191,2,1478.58,680.05,87.21,44.64,87.21,44.65,True,0.8646
191,4,1709.92,414.42,107.09,21.1,107.08,21.14,False,0.8304
191,5,1481.84,532.61,89.06,32.07,89.07,32.04,True,0.8209
191,6,1856.12,417.92,117.66,21.44,117.63,21.45,False,0.7779
191,7,1660.9,338.73,104.83,13.62,104.84,13.63,True,0.7881
191,8,1888.78,445.99,119.41,24.11,119.41,24.1,False,0.7764
191,9,1821.4,496.57,113.55,28.81,113.56,28.81,False,0.7789
191,10,1069.1,517.56,60.18,30.72,60.18,30.73,True,0.8672
191,11,959.02,497.64,52.43,28.91,52.44,28.88,True,0.824
191,12,1074.69,657.29,60.23,42.78,60.23,42.76,True,0.8284
191,13,1408.46,273.76,86.74,6.88,86.74,6.88,True,0.7636
191,14,1431.94,537.73,85.51,32.52,85.49,32.51,True,0.8285
191,15,1193.51,342.34,69.91,13.98,69.9,13.98,True,0.7876
191,17,707.56,373.16,33.87,17.07,33.92,17.08,True,0.8322
191,18,804.91,239.29,40.52,3.18,40.52,3.16,True,0.6872
191,19,1543.73,374.34,95.56,17.19,95.56,17.19,True,0.8033
191,29,140.61,414.43,-7.15,21.1,-7.15,21.09,False,0.7866
191,35,799.08,959.52,42.57,65.63,42.54,65.62,True,0.7399
191,36,1502.38,363.41,92.66,16.1,92.65,16.13,True,0.7775
191,38,741.04,954.93,38.97,65.31,38.97,65.32,True,0.7955
191,40,957.14,948.33,52.32,64.86,52.43,64.92,True,0.4444
192,1,1808.0,483.3,112.86,27.59,112.82,27.59,False,0.7134
192,2,1479.0,680.16,87.23,44.65,87.23,44.66,True,0.8573
192,4,1709.42,414.48,107.05,21.11,107.04,21.12,False,0.8275
192,5,1482.5,533.49,89.1,32.15,89.11,32.1,True,0.8092
192,6,1856.21,418.11,117.66,21.46,117.63,21.48,False,0.7752
192,7,1660.93,338.49,104.84,13.59,104.83,13.63,True,0.7839
192,8,1889.06,445.97,119.44,24.11,119.43,24.08,False,0.7747
192,9,1822.99,496.58,113.66,28.81,113.64,28.81,False,0.7757
192,10,1069.47,517.09,60.21,30.68,60.24,30.7,True,0.8607
192,11,958.14,497.97,52.37,28.94,52.38,28.95,True,0.8237
192,12,1076.32,656.88,60.34,42.74,60.32,42.74,True,0.8321
192,13,1408.48,273.7,86.74,6.88,86.73,6.9,True,0.7595
192,14,1432.6,537.26,85.56,32.48,85.55,32.49,True,0.8218
192,15,1192.97,342.33,69.87,13.98,69.86,13.99,True,0.7885
192,17,707.75,373.38,33.88,17.09,33.9,17.1,True,0.8293
192,18,804.91,239.33,40.52,3.19,40.52,3.17,True,0.6924
192,19,1544.44,374.48,95.61,17.2,95.61,17.21,True,0.802
192,29,140.62,414.58,-7.14,21.12,-7.15,21.12,False,0.7818
192,35,797.98,958.55,42.5,65.57,42.54,65.55,True,0.7449
192,36,1502.8,363.44,92.69,16.1,92.69,16.12,True,0.7853
192,38,741.86,954.93,39.03,65.31,39.01,65.32,True,0.8211
192,40,956.63,948.41,52.29,64.86,52.32,64.92,True,0.4046
193,1,1809.17,485.73,112.89,27.82,112.9,27.68,False,0.7141
193,2,1479.17,680.36,87.24,44.67,87.24,44.67,True,0.8566
193,4,1708.42,414.66,106.98,21.13,107.0,21.11,False,0.8252
193,5,1483.2,533.79,89.14,32.17,89.15,32.16,True,0.823
193,6,1855.47,419.06,117.59,21.55,117.62,21.5,False,0.7722
193,7,1661.08,338.99,104.84,13.65,104.83,13.63,True,0.7782
193,8,1889.16,445.39,119.45,24.06,119.45,24.07,False,0.777
193,9,1824.0,496.65,113.73,28.82,113.72,28.8,False,0.761
193,10,1070.72,517.24,60.3,30.69,60.32,30.66,True,0.8387
193,11,957.6,498.65,52.33,29.0,52.32,29.02,True,0.8231
193,12,1077.36,656.67,60.41,42.73,60.4,42.71,True,0.8377
193,13,1408.32,274.22,86.72,6.93,86.72,6.91,True,0.7572
193,14,1433.24,537.29,85.61,32.48,85.6,32.48,True,0.82
193,15,1192.25,342.4,69.82,13.99,69.82,14.0,True,0.7934
193,17,708.27,373.61,33.92,17.11,33.88,17.12,True,0.817
193,18,804.8,239.01,40.51,3.15,40.51,3.17,True,0.6995
193,19,1545.11,374.76,95.66,17.23,95.66,17.21,True,0.8079
193,29,140.42,415.01,-7.15,21.16,-7.17,21.13,False,0.7721
193,30,1105.96,648.45,62.36,42.04,62.22,42.09,True,0.4006
193,35,798.26,957.68,42.52,65.51,42.53,65.5,True,0.7237
193,36,1503.36,363.93,92.73,16.15,92.72,16.12,True,0.7849
193,38,742.35,954.96,39.06,65.32,39.05,65.32,True,0.8155
193,43,1804.88,490.12,112.5,28.22,112.5,28.22,False,0.3707
194,1,1810.22,486.12,112.96,27.85,112.97,27.71,False,0.7198
194,2,1479.51,680.6,87.26,44.69,87.24,44.7,True,0.8557
194,4,1708.09,414.61,106.96,21.12,106.97,21.11,False,0.8222
194,5,1484.19,533.7,89.21,32.16,89.2,32.2,True,0.8242
194,6,1855.52,418.82,117.6,21.53,117.61,21.51,False,0.775
194,7,1660.97,339.15,104.83,13.66,104.82,13.64,True,0.7768
194,8,1889.32,445.03,119.47,24.02,119.47,24.06,False,0.7763
194,9,1825.02,496.42,113.81,28.8,113.79,28.8,False,0.7362
194,10,1071.98,516.7,60.39,30.64,60.41,30.6,True,0.8249
194,11,956.74,499.24,52.27,29.06,52.25,29.11,True,0.822
194,12,1078.34,656.29,60.48,42.69,60.47,42.64,True,0.8374
194,13,1408.26,274.39,86.71,6.95,86.72,6.91,True,0.7553
194,14,1433.86,537.06,85.65,32.46,85.64,32.47,True,0.8211
194,15,1191.53,342.58,69.76,14.01,69.77,14.03,True,0.7983
194,17,708.06,374.01,33.91,17.15,33.87,17.14,True,0.8181
194,18,804.79,239.21,40.51,3.17,40.51,3.17,True,0.6892
194,19,1545.82,374.75,95.71,17.23,95.71,17.22,True,0.8117
194,29,140.08,414.92,-7.18,21.15,-7.19,21.15,False,0.7628
194,30,1107.18,648.11,62.45,42.02,62.34,42.05,True,0.4342
194,35,798.18,956.29,42.51,65.41,42.52,65.47,True,0.7241
194,36,1503.8,363.72,92.76,16.13,92.76,16.12,True,0.7931
194,38,742.76,955.25,39.08,65.34,39.07,65.33,True,0.817
195,1,1810.66,484.93,113.02,27.74,113.04,27.68,False,0.7181
195,2,1479.29,680.72,87.25,44.7,87.24,44.75,True,0.8629
195,4,1707.77,414.25,106.94,21.09,106.95,21.1,False,0.8228
195,5,1484.84,534.54,89.25,32.24,89.24,32.25,True,0.817
195,6,1855.46,418.68,117.59,21.51,117.61,21.52,False,0.7767
195,7,1660.64,339.03,104.81,13.65,104.8,13.64,True,0.7808
195,8,1889.51,445.41,119.48,24.06,119.5,24.05,False,0.7683
195,9,1825.59,496.15,113.86,28.77,113.84,28.79,False,0.7477
195,10,1073.89,515.89,60.52,30.57,60.52,30.52,True,0.8241
195,11,955.59,500.83,52.19,29.2,52.2,29.24,True,0.8296
195,12,1079.09,655.4,60.53,42.62,60.55,42.53,True,0.8287
195,13,1408.07,274.13,86.7,6.92,86.71,6.9,True,0.7479
195,14,1434.26,537.11,85.68,32.47,85.67,32.46,True,0.8237
195,15,1191.05,342.65,69.73,14.02,69.73,14.06,True,0.795
195,17,707.14,374.22,33.84,17.17,33.84,17.17,True,0.8372
195,18,804.71,239.12,40.5,3.17,40.51,3.15,True,0.6916
195,19,1546.51,374.67,95.76,17.22,95.75,17.22,True,0.8218
195,29,139.5,414.86,-7.22,21.14,-7.22,21.17,False,0.7864
195,30,1107.64,647.97,62.48,42.0,62.46,42.01,True,0.4875
195,35,798.59,956.13,42.53,65.4,42.54,65.45,True,0.6286
195,36,1504.1,363.6,92.78,16.12,92.79,16.13,True,0.7943
195,38,743.03,955.24,39.1,65.34,39.1,65.34,True,0.8141
196,1,1811.47,482.65,113.12,27.53,113.13,27.62,False,0.7285
196,2,1479.07,681.75,87.22,44.78,87.24,44.83,True,0.8635
196,4,1707.74,414.27,106.94,21.09,106.95,21.1,False,0.8242
196,5,1485.41,535.16,89.28,32.3,89.29,32.29,True,0.8213
196,6,1855.61,418.47,117.61,21.49,117.62,21.53,False,0.7771
196,7,1659.98,338.82,104.76,13.63,104.79,13.64,True,0.7738
196,8,1890.04,445.42,119.52,24.06,119.53,24.04,False,0.76
196,9,1825.88,496.3,113.87,28.79,113.91,28.79,False,0.7684
196,10,1075.18,514.3,60.62,30.42,60.64,30.44,True,0.8196
196,11,954.48,502.71,52.11,29.37,52.14,29.4,True,0.8365
196,12,1080.16,652.77,60.61,42.4,60.62,42.41,True,0.8285
196,13,1408.06,273.52,86.71,6.86,86.71,6.88,True,0.7447
196,14,1434.64,536.95,85.71,32.45,85.71,32.46,True,0.8233
196,15,1190.44,343.79,69.68,14.13,69.69,14.1,True,0.7926
196,17,706.18,374.43,33.78,17.2,33.79,17.18,True,0.8411
196,18,804.76,238.97,40.5,3.15,40.51,3.14,True,0.6825
196,19,1546.92,374.5,95.8,17.2,95.8,17.21,True,0.8284
196,29,138.85,415.33,-7.26,21.19,-7.24,21.18,False,0.7782
196,30,1107.79,647.91,62.49,42.0,62.49,42.0,True,0.4443
196,35,799.06,957.0,42.56,65.46,42.56,65.45,True,0.5504
196,36,1504.51,363.54,92.82,16.11,92.82,16.12,True,0.7986
196,38,743.03,955.18,39.1,65.33,39.12,65.35,True,0.8234
196,40,953.66,949.69,52.11,64.95,52.18,64.93,True,0.4246
197,1,1812.88,482.08,113.23,27.48,113.19,27.57,False,0.7194
197,2,1479.41,683.35,87.23,44.91,87.23,44.93,True,0.8555
197,4,1707.94,414.32,106.95,21.09,106.95,21.09,False,0.8252
197,5,1486.22,535.85,89.33,32.36,89.33,32.36,True,0.8265
197,6,1856.14,418.89,117.64,21.53,117.64,21.54,False,0.7765
197,7,1659.89,338.77,104.76,13.62,104.78,13.64,True,0.7748
197,8,1890.48,445.08,119.56,24.03,119.55,24.05,False,0.7544
197,9,1826.84,496.28,113.94,28.79,113.99,28.78,False,0.7635
197,10,1077.53,512.8,60.79,30.29,60.76,30.36,True,0.8076
197,11,954.02,504.9,52.08,29.57,52.09,29.55,True,0.8307
197,12,1081.38,650.56,60.7,42.22,60.7,42.28,True,0.822
197,13,1408.15,273.42,86.72,6.85,86.7,6.87,True,0.7397
197,14,1434.87,536.97,85.72,32.46,85.74,32.45,True,0.8222
197,15,1190.31,344.21,69.66,14.17,69.66,14.14,True,0.7923
197,17,705.5,374.49,33.73,17.2,33.74,17.2,True,0.8363
197,18,804.96,238.74,40.52,3.12,40.52,3.12,True,0.6829
197,19,1547.42,374.57,95.83,17.21,95.85,17.19,True,0.8297
197,29,138.65,415.51,-7.27,21.21,-7.27,21.2,False,0.7672
197,30,1108.09,647.91,62.51,42.0,62.51,42.0,True,0.5474
197,35,799.64,957.47,42.6,65.49,42.59,65.47,True,0.5193
197,36,1504.95,363.65,92.85,16.12,92.84,16.13,True,0.8032
197,38,743.77,955.56,39.15,65.36,39.16,65.36,True,0.8251
197,40,953.44,950.2,52.09,64.99,52.13,64.96,True,0.6182
198,1,1813.94,482.35,113.3,27.51,113.25,27.54,False,0.7052
198,2,1479.74,685.37,87.23,45.08,87.23,45.04,True,0.855
198,4,1708.15,414.41,106.96,21.1,106.96,21.07,False,0.8224
198,5,1486.98,536.22,89.38,32.39,89.37,32.44,True,0.8319
198,6,1856.8,419.24,117.68,21.57,117.66,21.56,False,0.7651
198,7,1660.05,338.8,104.77,13.63,104.77,13.64,True,0.7757
198,8,1891.12,445.07,119.6,24.03,119.58,24.05,False,0.7476
198,9,1828.7,496.17,114.08,28.78,114.05,28.78,False,0.734
198,10,1079.1,512.65,60.9,30.27,60.87,30.29,True,0.8189
198,11,953.52,507.32,52.04,29.79,52.03,29.7,True,0.8349
198,12,1082.89,649.11,60.8,42.1,60.78,42.18,True,0.8178
198,13,1408.21,273.38,86.72,6.84,86.69,6.85,True,0.7438
198,14,1435.65,536.73,85.78,32.44,85.78,32.44,True,0.8217
198,15,1189.79,344.16,69.63,14.17,69.61,14.18,True,0.7967
198,17,705.2,374.47,33.7,17.2,33.68,17.21,True,0.8328
198,18,805.09,238.25,40.53,3.07,40.52,3.09,True,0.6267
198,19,1548.24,374.28,95.9,17.18,95.91,17.19,True,0.8255
198,29,138.44,415.56,-7.28,21.21,-7.31,21.22,False,0.7691
198,30,1108.32,647.94,62.52,42.0,62.51,42.0,True,0.5093
198,35,799.86,957.35,42.61,65.48,42.63,65.49,True,0.6376
198,36,1505.28,363.66,92.87,16.13,92.85,16.14,True,0.8034
198,38,744.53,955.59,39.19,65.36,39.19,65.39,True,0.8204
198,40,953.31,950.34,52.09,65.0,52.07,64.98,True,0.6826
199,1,1814.18,483.04,113.3,27.57,113.31,27.55,False,0.7426
199,2,1480.16,686.78,87.24,45.19,87.24,45.14,True,0.8563
199,4,1708.22,413.95,106.98,21.06,106.96,21.07,False,0.8236
199,5,1487.55,537.71,89.4,32.52,89.41,32.51,True,0.8349
199,6,1857.02,419.74,117.69,21.61,117.67,21.57,False,0.7714
199,7,1660.27,339.18,104.78,13.66,104.77,13.65,True,0.774
199,8,1891.26,445.59,119.6,24.08,119.61,24.06,False,0.7331
199,9,1830.19,496.16,114.18,28.77,114.12,28.77,False,0.7159
199,10,1080.14,512.56,60.97,30.27,60.97,30.24,True,0.8166
199,11,953.04,507.68,52.01,29.82,51.98,29.82,True,0.8369
199,12,1083.99,648.43,60.88,42.04,60.83,42.11,True,0.8172
199,13,1407.5,273.54,86.67,6.86,86.66,6.86,True,0.7503
199,14,1436.28,536.76,85.83,32.44,85.82,32.41,True,0.8253
199,15,1189.24,344.35,69.58,14.19,69.55,14.2,True,0.8014
199,17,704.36,374.54,33.64,17.21,33.63,17.21,True,0.8353
199,18,805.14,238.34,40.53,3.08,40.53,3.1,True,0.6376
199,19,1549.26,374.09,95.98,17.16,95.96,17.19,True,0.8217
199,29,137.78,415.74,-7.33,21.23,-7.35,21.22,False,0.7679
199,30,1108.38,648.0,62.53,42.01,62.51,42.0,True,0.5276
199,35,800.66,957.64,42.66,65.5,42.71,65.54,True,0.6389
199,36,1505.4,364.0,92.88,16.16,92.86,16.16,True,0.807
199,38,745.36,956.53,39.25,65.43,39.24,65.42,True,0.7953
199,40,952.92,950.2,52.06,64.99,52.05,64.97,True,0.6765
200,1,1814.49,483.35,113.32,27.6,113.35,27.56,False,0.7371
200,2,1480.27,687.21,87.24,45.23,87.25,45.24,True,0.8551
200,4,1707.9,413.68,106.96,21.03,106.96,21.06,False,0.8231
200,5,1488.32,538.64,89.44,32.61,89.46,32.58,True,0.8324
200,6,1857.12,419.38,117.7,21.58,117.67,21.58,False,0.7631
200,7,1660.0,339.02,104.76,13.65,104.76,13.67,True,0.7726
200,8,1891.67,445.49,119.63,24.07,119.63,24.06,False,0.7311
200,9,1830.46,496.01,114.2,28.76,114.18,28.75,False,0.73
200,10,1081.24,511.7,61.05,30.19,61.06,30.21,True,0.8107
200,11,951.64,508.93,51.91,29.94,51.91,29.95,True,0.8409
200,12,1084.16,649.52,60.89,42.13,60.89,42.06,True,0.8131
200,13,1407.05,273.26,86.64,6.83,86.62,6.9,True,0.7544
200,14,1437.0,536.34,85.88,32.4,85.89,32.39,True,0.8225
200,15,1187.9,344.75,69.48,14.23,69.5,14.22,True,0.7974
200,17,703.34,374.82,33.57,17.23,33.58,17.21,True,0.8333
200,18,805.34,237.88,40.54,3.03,40.53,3.11,True,0.5846
200,19,1549.85,374.32,96.02,17.18,96.02,17.21,True,0.8073
200,29,136.88,415.9,-7.39,21.24,-7.39,21.23,False,0.7453
200,30,1108.1,647.96,62.51,42.0,62.51,41.96,True,0.5104
200,35,801.44,958.09,42.71,65.53,42.81,65.61,True,0.6144
200,36,1505.06,364.08,92.85,16.17,92.85,16.17,True,0.8098
200,38,745.8,956.89,39.28,65.45,39.27,65.45,True,0.8119
200,40,952.12,949.65,52.01,64.95,52.03,64.96,True,0.5289
201,1,1815.38,482.99,113.39,27.57,113.4,27.56,False,0.7457
201,2,1480.44,688.03,87.25,45.29,87.26,45.33,True,0.855
201,4,1707.82,413.83,106.95,21.05,106.96,21.04,False,0.8219
201,5,1489.48,539.57,89.51,32.69,89.5,32.68,True,0.8356
201,6,1856.52,419.18,117.66,21.56,117.66,21.58,False,0.757
201,7,1660.04,339.2,104.76,13.67,104.76,13.7,True,0.7742
201,8,1891.74,445.55,119.64,24.07,119.64,24.08,False,0.7432
201,9,1830.35,495.89,114.2,28.75,114.23,28.73,False,0.7446
201,10,1082.3,511.72,61.13,30.19,61.15,30.16,True,0.8039
201,11,950.64,509.48,51.84,29.99,51.85,30.09,True,0.8444
201,12,1084.38,648.41,60.9,42.04,60.95,42.01,True,0.8095
201,13,1406.22,274.33,86.56,6.94,86.58,6.93,True,0.7543
201,14,1437.36,535.52,85.91,32.33,85.95,32.36,True,0.8156
201,15,1187.12,344.86,69.42,14.24,69.44,14.23,True,0.7953
201,17,702.54,374.55,33.51,17.21,33.53,17.2,True,0.8382
201,18,805.3,239.24,40.55,3.18,40.52,3.13,True,0.6743
201,19,1550.55,374.87,96.06,17.24,96.08,17.24,True,0.8052
201,29,135.86,415.43,-7.47,21.2,-7.45,21.24,False,0.68
201,30,1107.85,647.95,62.49,42.0,62.53,41.89,True,0.4444
201,35,805.59,960.43,42.98,65.7,42.91,65.67,True,0.5468
201,36,1504.84,364.38,92.83,16.2,92.85,16.18,True,0.8061
201,38,746.33,957.28,39.31,65.48,39.31,65.5,True,0.8186
201,40,951.86,949.33,52.0,64.93,52.01,64.94,True,0.583
202,1,1816.22,482.55,113.46,27.53,113.48,27.53,False,0.7551
202,2,1480.95,689.31,87.27,45.4,87.27,45.42,True,0.8513
202,4,1707.88,413.77,106.95,21.04,106.96,21.04,False,0.8194
202,5,1490.18,539.82,89.56,32.71,89.55,32.76,True,0.8366
202,6,1856.22,419.31,117.64,21.57,117.65,21.57,False,0.7552
202,7,1660.14,340.16,104.75,13.76,104.75,13.72,True,0.7722
202,8,1892.12,445.57,119.66,24.07,119.65,24.09,False,0.7433
202,9,1830.97,495.43,114.25,28.71,114.26,28.71,False,0.7413
202,10,1083.94,511.08,61.24,30.13,61.24,30.1,True,0.8036
202,11,949.66,512.1,51.77,30.22,51.77,30.24,True,0.8453
202,12,1085.53,647.64,60.98,41.98,61.01,41.97,True,0.7976
202,13,1405.79,274.92,86.52,7.01,86.55,6.93,True,0.7562
202,14,1438.94,535.4,86.03,32.32,86.05,32.32,True,0.8173
202,15,1186.66,345.0,69.39,14.25,69.37,14.23,True,0.8063
202,17,701.97,374.34,33.46,17.19,33.49,17.19,True,0.8315
202,18,804.84,239.26,40.51,3.18,40.51,3.15,True,0.6666
202,19,1551.88,375.47,96.15,17.3,96.15,17.28,True,0.7965
202,29,135.42,416.14,-7.49,21.27,-7.51,21.23,False,0.7308
202,30,1107.76,645.48,62.49,41.8,62.56,41.81,True,0.3589
202,35,807.22,962.41,43.08,65.83,42.99,65.72,True,0.5452
202,36,1504.86,364.13,92.83,16.17,92.84,16.18,True,0.8102
202,38,746.84,958.0,39.34,65.53,39.34,65.54,True,0.8291
202,40,951.68,949.12,51.99,64.91,51.99,64.92,True,0.4734
203,1,1817.32,482.48,113.54,27.52,113.58,27.48,False,0.7547
203,2,1481.65,691.17,87.29,45.55,87.3,45.51,True,0.8516
203,4,1708.04,413.69,106.97,21.03,106.97,21.03,False,0.8159
203,5,1491.2,541.5,89.61,32.86,89.6,32.82,True,0.8348
203,6,1855.88,419.37,117.61,21.58,117.62,21.56,False,0.7518
203,7,1660.0,340.24,104.74,13.77,104.76,13.74,True,0.7712
203,8,1892.14,446.11,119.65,24.13,119.66,24.1,False,0.7422
203,9,1831.63,494.95,114.31,28.66,114.31,28.69,False,0.7392
203,10,1085.64,509.93,61.37,30.03,61.32,30.06,True,0.8061
203,11,948.82,514.85,51.71,30.47,51.71,30.4,True,0.8541
203,12,1087.2,646.49,61.1,41.88,61.07,41.91,True,0.8118
203,13,1405.56,274.77,86.5,6.99,86.52,6.95,True,0.7455
203,14,1440.19,535.15,86.12,32.29,86.16,32.29,True,0.8174
203,15,1185.74,344.77,69.32,14.23,69.31,14.24,True,0.8126
203,17,701.76,374.1,33.45,17.16,33.46,17.18,True,0.8309
203,18,804.54,239.04,40.49,3.16,40.49,3.18,True,0.6928
203,19,1552.74,375.81,96.21,17.33,96.21,17.31,True,0.8011
203,29,134.64,415.97,-7.55,21.25,-7.57,21.22,False,0.7226
203,35,807.6,961.82,43.1,65.79,43.07,65.76,True,0.525
203,36,1504.94,364.28,92.84,16.19,92.85,16.17,True,0.8078
203,38,747.21,959.08,39.37,65.6,39.38,65.58,True,0.8144
203,40,951.4,948.99,51.97,64.9,51.97,64.92,True,0.5347
204,1,1819.13,481.38,113.69,27.42,113.69,27.45,False,0.7408
204,2,1482.09,692.11,87.31,45.62,87.34,45.6,True,0.8505
204,4,1708.12,413.86,106.97,21.05,106.97,21.01,False,0.8189
204,5,1491.78,542.1,89.65,32.91,89.64,32.89,True,0.837
204,6,1855.92,419.18,117.62,21.56,117.61,21.56,False,0.7443
204,7,1660.22,340.06,104.76,13.75,104.76,13.76,True,0.7813
204,8,1892.04,446.01,119.65,24.12,119.66,24.11,False,0.7353
204,9,1832.26,495.04,114.35,28.67,114.36,28.68,False,0.7493
204,10,1086.31,509.39,61.42,29.98,61.39,30.01,True,0.8092
204,11,947.72,516.29,51.64,30.6,51.65,30.55,True,0.8553
204,12,1088.14,645.9,61.17,41.83,61.14,41.88,True,0.8193
204,13,1405.61,273.97,86.52,6.9,86.51,6.94,True,0.7402
204,14,1442.58,534.77,86.29,32.26,86.29,32.29,True,0.8131
204,15,1184.78,344.68,69.25,14.22,69.24,14.24,True,0.8066
204,17,701.7,374.09,33.44,17.16,33.44,17.18,True,0.8235
204,18,804.17,239.22,40.46,3.18,40.46,3.18,True,0.6968
204,19,1553.98,375.85,96.3,17.34,96.29,17.32,True,0.8067
204,29,133.31,415.22,-7.66,21.18,-7.62,21.22,False,0.7216
204,35,807.51,961.47,43.1,65.77,43.08,65.78,True,0.472
204,36,1505.1,364.1,92.85,16.17,92.88,16.16,True,0.8058
204,38,747.44,959.59,39.39,65.64,39.42,65.63,True,0.7908
204,40,951.24,949.14,51.96,64.91,51.96,64.92,True,0.5163
205,1,1821.14,480.73,113.84,27.36,113.82,27.42,False,0.7361
205,2,1483.21,692.96,87.38,45.69,87.39,45.67,True,0.8511
205,4,1708.31,413.14,107.0,20.98,106.97,20.98,False,0.8128
205,5,1492.45,542.49,89.69,32.95,89.67,32.96,True,0.8412
205,6,1855.54,418.95,117.59,21.54,117.6,21.54,False,0.7384
205,7,1660.42,340.01,104.77,13.75,104.76,13.76,True,0.777
205,8,1892.46,446.15,119.68,24.13,119.67,24.13,False,0.7353
205,9,1833.44,494.98,114.44,28.67,114.4,28.67,False,0.7622
205,10,1086.64,509.19,61.44,29.96,61.45,29.97,True,0.8153
205,11,947.25,517.35,51.6,30.7,51.59,30.66,True,0.8592
205,12,1088.8,645.99,61.21,41.84,61.2,41.85,True,0.8301
205,13,1405.49,273.96,86.51,6.9,86.51,6.93,True,0.7402
205,14,1444.8,534.83,86.44,32.27,86.42,32.29,True,0.8197
205,15,1183.63,344.82,69.16,14.24,69.16,14.25,True,0.8006
205,17,701.73,374.25,33.45,17.18,33.42,17.18,True,0.8227
205,18,803.92,239.3,40.44,3.18,40.45,3.18,True,0.6924
205,19,1554.76,375.95,96.35,17.35,96.35,17.33,True,0.8047
205,29,132.97,415.26,-7.69,21.18,-7.66,21.23,False,0.7444
205,35,807.46,960.72,43.09,65.72,43.06,65.79,True,0.4084
205,36,1505.88,363.84,92.91,16.14,92.91,16.15,True,0.8057
205,38,748.86,959.89,39.48,65.66,39.47,65.66,True,0.8168
205,40,950.86,949.39,51.93,64.93,51.94,64.93,True,0.6508
205,46,817.55,977.84,43.76,66.89,43.83,67.1,True,0.4911
206,1,1822.62,481.63,113.93,27.44,113.96,27.35,False,0.6712
206,2,1484.22,693.44,87.44,45.73,87.44,45.72,True,0.852
206,4,1707.83,413.01,106.96,20.97,106.98,20.95,False,0.8084
206,5,1492.55,543.36,89.68,33.02,89.71,33.01,True,0.8427
206,6,1855.55,419.15,117.59,21.56,117.6,21.53,False,0.7414
206,7,1660.28,340.16,104.76,13.76,104.77,13.77,True,0.7787
206,8,1892.55,446.07,119.68,24.12,119.69,24.12,False,0.7332
206,9,1833.93,495.15,114.47,28.68,114.38,28.69,False,0.7612
206,10,1087.3,509.1,61.49,29.95,61.5,29.94,True,0.8124
206,11,946.5,517.94,51.55,30.75,51.53,30.72,True,0.8618
206,12,1089.12,646.08,61.23,41.85,61.25,41.84,True,0.8096
206,13,1405.47,274.14,86.5,6.92,86.51,6.91,True,0.7439
206,14,1446.82,535.29,86.58,32.31,86.55,32.31,True,0.8189
206,15,1182.53,345.29,69.08,14.28,69.09,14.26,True,0.7995
206,17,701.18,374.41,33.41,17.19,33.4,17.18,True,0.8201
206,18,803.61,239.43,40.42,3.2,40.43,3.18,True,0.698
206,19,1555.68,375.48,96.43,17.3,96.4,17.32,True,0.8122
206,29,132.6,415.79,-7.7,21.23,-7.7,21.24,False,0.7588
206,30,1109.64,643.71,62.63,41.65,62.6,41.71,True,0.5636
206,36,1506.3,363.71,92.95,16.13,92.94,16.14,True,0.8035
206,38,749.7,960.44,39.53,65.7,39.51,65.68,True,0.8018
206,40,950.72,949.66,51.93,64.95,51.94,64.94,True,0.7364
206,46,818.47,980.33,43.82,67.07,43.85,67.16,True,0.5951
207,1,1824.38,480.58,114.08,27.34,114.08,27.3,False,0.6595
207,2,1485.26,693.95,87.51,45.77,87.5,45.76,True,0.8529
207,4,1707.72,412.27,106.97,20.89,106.99,20.9,False,0.8038
207,5,1493.31,543.86,89.73,33.07,89.74,33.04,True,0.8418
207,6,1855.56,418.31,117.61,21.48,117.6,21.52,False,0.7382
207,7,1660.71,340.45,104.79,13.79,104.77,13.8,True,0.782
207,8,1892.96,446.15,119.71,24.13,119.71,24.11,False,0.739
207,9,1833.11,495.26,114.41,28.69,114.35,28.71,False,0.7306
207,10,1088.04,508.95,61.54,29.94,61.54,29.92,True,0.8073
207,11,945.1,518.14,51.45,30.77,51.47,30.76,True,0.8589
207,12,1089.81,646.27,61.28,41.86,61.27,41.84,True,0.804
207,13,1405.46,274.1,86.5,6.92,86.5,6.92,True,0.752
207,14,1448.36,535.44,86.68,32.32,86.66,32.33,True,0.8243
207,15,1181.57,345.31,69.01,14.28,69.01,14.28,True,0.7935
207,17,700.64,374.36,33.37,17.19,33.38,17.18,True,0.8228
207,18,803.69,239.15,40.42,3.17,40.42,3.17,True,0.7007
207,19,1555.97,375.54,96.45,17.31,96.43,17.31,True,0.8065
207,29,132.42,416.5,-7.7,21.3,-7.72,21.28,False,0.7651
207,30,1110.18,642.91,62.67,41.58,62.68,41.61,True,0.6077
207,36,1506.75,363.76,92.98,16.14,92.98,16.13,True,0.8012
207,38,750.4,960.51,39.57,65.7,39.56,65.69,True,0.8057
207,40,950.79,949.82,51.93,64.96,51.93,64.96,True,0.7467
207,42,1666.87,1035.33,95.2,70.77,96.16,70.68,False,0.4373
207,46,819.85,984.2,43.91,67.33,43.88,67.22,True,0.5746
208,1,1826.32,478.91,114.25,27.19,114.16,27.37,False,0.6054
208,2,1486.14,694.19,87.56,45.79,87.55,45.78,True,0.8537
208,4,1707.98,411.86,107.0,20.86,106.99,20.87,False,0.8006
208,5,1494.02,544.19,89.78,33.1,89.78,33.07,True,0.8424
208,6,1855.6,418.46,117.61,21.49,117.6,21.51,False,0.7432
208,7,1660.56,340.67,104.77,13.82,104.76,13.84,True,0.7862
208,8,1893.12,445.84,119.73,24.1,119.72,24.1,False,0.7385
208,9,1830.88,495.88,114.24,28.75,114.32,28.71,False,0.701
208,10,1088.76,508.42,61.59,29.89,61.6,29.89,True,0.8101
208,11,944.3,518.3,51.4,30.78,51.41,30.83,True,0.8573
208,12,1090.79,645.93,61.34,41.83,61.29,41.83,True,0.8131
208,13,1405.55,274.14,86.51,6.92,86.5,6.92,True,0.7571
208,14,1449.55,536.19,86.76,32.39,86.77,32.35,True,0.8249
208,15,1180.62,345.46,68.93,14.3,68.94,14.3,True,0.787
208,17,700.36,374.27,33.35,17.18,33.36,17.18,True,0.8227
208,18,803.58,239.03,40.41,3.16,40.41,3.17,True,0.6946
208,19,1556.07,375.36,96.46,17.29,96.45,17.29,True,0.8097
208,29,131.89,416.77,-7.74,21.33,-7.73,21.34,False,0.7796
208,30,1111.16,642.35,62.73,41.54,62.78,41.54,True,0.5906
208,36,1507.16,363.63,93.01,16.12,93.01,16.13,True,0.8045
208,38,750.85,960.42,39.6,65.7,39.61,65.71,True,0.8107
208,40,950.74,949.93,51.93,64.97,51.93,64.96,True,0.7383
208,46,820.02,984.62,43.92,67.36,43.93,67.31,True,0.5733
209,1,1827.14,478.89,114.31,27.19,114.22,27.43,False,0.5409
209,2,1486.78,694.32,87.6,45.8,87.61,45.8,True,0.8505
209,4,1707.88,411.4,107.0,20.81,107.01,20.85,False,0.8052
209,5,1494.86,543.93,89.84,33.07,89.84,33.08,True,0.8386
209,6,1855.57,418.79,117.6,21.52,117.6,21.5,False,0.7394
209,7,1660.32,341.36,104.74,13.89,104.76,13.87,True,0.7859
209,8,1893.24,445.63,119.74,24.08,119.74,24.09,False,0.7425
209,9,1830.46,495.73,114.21,28.74,114.29,28.72,False,0.7216
209,10,1089.68,507.86,61.66,29.84,61.65,29.85,True,0.8042
209,11,943.34,518.72,51.33,30.82,51.35,30.93,True,0.8491
209,12,1090.2,645.69,61.31,41.81,61.32,41.82,True,0.7919
209,13,1405.44,274.18,86.5,6.93,86.5,6.9,True,0.7586
209,14,1450.88,535.98,86.86,32.37,86.86,32.35,True,0.8293
209,15,1179.86,345.44,68.88,14.3,68.88,14.33,True,0.7889
209,17,700.16,374.26,33.33,17.18,33.34,17.18,True,0.8213
209,18,803.54,239.0,40.41,3.15,40.41,3.17,True,0.6975
209,19,1555.88,375.27,96.45,17.28,96.47,17.29,True,0.8149
209,29,131.62,417.28,-7.75,21.38,-7.73,21.41,False,0.76
209,30,1113.09,641.63,62.87,41.48,62.88,41.5,True,0.6628
209,36,1507.54,363.47,93.04,16.11,93.04,16.13,True,0.8025
209,38,751.48,960.66,39.64,65.71,39.65,65.71,True,0.791
209,40,950.78,949.94,51.93,64.97,51.95,64.96,True,0.7124
209,46,821.04,985.95,43.99,67.45,43.98,67.36,True,0.5846
209,48,1835.08,482.01,114.81,27.48,114.75,27.75,False,0.4909
210,1,1827.4,484.09,114.22,27.67,114.25,27.54,False,0.534
210,2,1487.45,694.39,87.65,45.81,87.66,45.81,True,0.8493
210,4,1707.98,411.65,107.0,20.84,107.05,20.83,False,0.8044
210,5,1495.24,543.95,89.87,33.08,89.9,33.1,True,0.8352
210,6,1855.25,418.81,117.58,21.52,117.59,21.51,False,0.7419
210,7,1660.46,341.78,104.74,13.93,104.77,13.89,True,0.7872
210,8,1893.47,445.62,119.76,24.08,119.76,24.07,False,0.7513
210,9,1830.92,495.49,114.25,28.71,114.29,28.72,False,0.7389
210,10,1090.28,507.54,61.7,29.81,61.71,29.81,True,0.7965
210,11,942.99,521.3,51.3,31.05,51.31,31.05,True,0.8428
210,12,1090.22,645.48,61.31,41.8,61.36,41.81,True,0.7911
210,13,1405.25,274.0,86.49,6.91,86.51,6.86,True,0.7614
210,14,1452.25,535.81,86.95,32.35,86.95,32.35,True,0.833
210,15,1179.06,346.01,68.82,14.36,68.83,14.35,True,0.7891
210,17,700.1,374.28,33.33,17.18,33.34,17.18,True,0.8197
210,18,803.46,239.13,40.4,3.17,40.4,3.17,True,0.6999
210,19,1556.06,375.28,96.46,17.28,96.49,17.29,True,0.8119
210,29,131.28,418.38,-7.75,21.48,-7.73,21.47,False,0.7756
210,30,1114.97,641.37,62.99,41.45,62.99,41.48,True,0.6512
210,36,1508.06,363.84,93.07,16.14,93.07,16.14,True,0.8017
210,38,752.38,960.97,39.7,65.73,39.69,65.72,True,0.7638
210,40,951.08,949.78,51.95,64.96,51.98,64.95,True,0.7534
210,46,821.82,984.18,44.03,67.33,44.01,67.35,True,0.5296
210,48,1835.06,487.87,114.69,28.02,114.75,27.75,False,0.4669
211,1,1828.12,485.14,114.25,27.76,114.27,27.67,False,0.483
211,2,1488.41,694.69,87.71,45.83,87.72,45.81,True,0.8479
211,4,1709.1,411.73,107.08,20.84,107.09,20.81,False,0.81
211,5,1496.76,544.15,89.97,33.09,89.96,33.15,True,0.8462
211,6,1855.24,418.67,117.58,21.51,117.58,21.52,False,0.7412
211,7,1660.85,341.65,104.78,13.91,104.79,13.91,True,0.7811
211,8,1893.56,445.51,119.77,24.07,119.78,24.05,False,0.756
211,9,1832.19,495.39,114.34,28.7,114.35,28.7,False,0.7351
211,10,1091.4,507.06,61.78,29.77,61.78,29.78,True,0.7961
211,11,942.68,523.39,51.28,31.24,51.27,31.2,True,0.8392
211,12,1091.07,645.58,61.36,41.81,61.4,41.81,True,0.8043
211,13,1405.38,273.11,86.51,6.81,86.52,6.83,True,0.7507
211,14,1453.54,535.39,87.05,32.32,87.03,32.33,True,0.842
211,15,1178.64,346.42,68.78,14.4,68.79,14.37,True,0.7904
211,17,700.27,374.28,33.34,17.18,33.34,17.18,True,0.818
211,18,803.39,239.23,40.4,3.18,40.4,3.18,True,0.6949
211,19,1556.82,375.49,96.51,17.3,96.52,17.3,True,0.8044
211,29,131.54,419.13,-7.72,21.56,-7.73,21.52,False,0.7691
211,30,1116.8,641.37,63.12,41.45,63.11,41.47,True,0.6183
211,36,1508.42,364.03,93.1,16.16,93.1,16.15,True,0.7929
211,38,753.14,960.98,39.74,65.73,39.73,65.72,True,0.8032
211,40,952.26,949.52,52.02,64.94,52.01,64.94,True,0.7594
211,46,822.21,984.04,44.06,67.32,44.03,67.34,True,0.5588
212,1,1828.34,486.59,114.24,27.9,114.28,27.77,False,0.5139
212,2,1489.56,694.45,87.79,45.81,87.78,45.82,True,0.8481
212,4,1710.12,411.33,107.16,20.8,107.14,20.79,False,0.8171
212,5,1497.73,544.62,90.03,33.14,90.02,33.23,True,0.8488
212,6,1855.28,418.87,117.58,21.53,117.57,21.52,False,0.7438
212,7,1661.31,341.45,104.81,13.89,104.83,13.92,True,0.7822
212,8,1893.91,445.15,119.8,24.03,119.81,24.02,False,0.7666
212,9,1833.41,495.32,114.43,28.7,114.42,28.68,False,0.7112
212,10,1092.09,506.95,61.83,29.76,61.85,29.76,True,0.7832
212,11,942.09,524.96,51.24,31.38,51.24,31.38,True,0.8329
212,12,1092.53,645.61,61.46,41.81,61.46,41.8,True,0.817
212,13,1405.76,272.54,86.55,6.75,86.54,6.79,True,0.7496
212,14,1454.42,535.33,87.11,32.31,87.1,32.31,True,0.8419
212,15,1178.2,346.27,68.75,14.38,68.75,14.4,True,0.7823
212,17,700.42,374.24,33.35,17.18,33.35,17.18,True,0.8139
212,18,803.38,239.42,40.4,3.2,40.39,3.2,True,0.6927
212,19,1557.42,375.36,96.56,17.29,96.57,17.32,True,0.8103
212,29,131.54,419.41,-7.71,21.58,-7.71,21.56,False,0.7864
212,30,1118.48,641.71,63.23,41.48,63.51,41.34,True,0.5098
212,36,1508.89,364.13,93.13,16.17,93.12,16.17,True,0.7944
212,38,753.84,960.69,39.79,65.71,39.77,65.71,True,0.7901
212,40,952.98,949.32,52.07,64.92,52.04,64.93,True,0.7761
212,46,821.82,983.31,44.03,67.27,44.03,67.34,True,0.6257
213,1,1829.13,485.68,114.32,27.81,114.33,27.75,False,0.5621
213,2,1490.44,694.47,87.85,45.81,87.83,45.82,True,0.8501
213,4,1710.39,410.88,107.19,20.76,107.2,20.77,False,0.8152
213,5,1499.12,547.11,90.1,33.36,90.08,33.32,True,0.8446
213,6,1855.0,418.81,117.56,21.52,117.55,21.54,False,0.744
213,7,1662.46,341.87,104.89,13.94,104.87,13.93,True,0.7945
213,8,1894.44,444.62,119.85,23.98,119.85,23.98,False,0.7695
213,9,1834.38,494.96,114.5,28.67,114.51,28.67,False,0.7457
213,10,1093.71,506.76,61.95,29.74,61.92,29.75,True,0.781
213,11,941.62,526.52,51.21,31.52,51.22,31.54,True,0.8284
213,12,1093.88,645.51,61.55,41.8,61.55,41.8,True,0.8137
213,13,1406.04,272.34,86.57,6.73,86.56,6.74,True,0.7461
213,14,1455.34,535.12,87.18,32.29,87.17,32.29,True,0.8248
213,15,1177.73,346.52,68.71,14.41,68.72,14.41,True,0.7572
213,17,700.58,374.24,33.36,17.18,33.37,17.18,True,0.8207
213,18,803.07,239.64,40.38,3.22,40.38,3.21,True,0.693
213,19,1558.5,375.97,96.63,17.35,96.65,17.34,True,0.7978
213,29,131.64,419.5,-7.7,21.59,-7.7,21.59,False,0.7848
213,30,1120.38,642.0,63.36,41.51,63.64,41.32,True,0.4169
213,36,1509.12,364.29,93.15,16.19,93.14,16.17,True,0.7895
213,38,754.07,960.5,39.8,65.7,39.8,65.71,True,0.7749
213,40,953.26,949.37,52.08,64.93,52.08,64.92,True,0.7775
213,46,821.72,984.45,44.03,67.35,44.03,67.36,True,0.5908
214,1,1829.65,484.34,114.38,27.69,114.37,27.7,False,0.562
214,2,1490.98,694.58,87.88,45.82,87.88,45.83,True,0.854
214,4,1711.2,410.58,107.25,20.73,107.26,20.74,False,0.8212
214,5,1499.89,548.28,90.14,33.46,90.12,33.45,True,0.8464
214,6,1854.69,418.87,117.53,21.53,117.54,21.56,False,0.7499
214,7,1662.86,342.0,104.92,13.95,104.92,13.94,True,0.7951
214,8,1894.78,444.19,119.89,23.94,119.89,23.94,False,0.7637
214,9,1835.65,494.65,114.6,28.64,114.6,28.65,False,0.7594
214,10,1094.53,506.75,62.0,29.74,61.99,29.74,True,0.7791
214,11,941.29,528.59,51.19,31.71,51.18,31.69,True,0.8226
214,12,1095.18,645.46,61.64,41.8,61.65,41.79,True,0.8177
214,13,1406.29,272.3,86.59,6.73,86.58,6.72,True,0.7487
214,14,1456.01,534.88,87.23,32.27,87.22,32.27,True,0.8134
214,15,1177.44,346.84,68.69,14.44,68.69,14.42,True,0.7492
214,17,700.82,374.27,33.38,17.18,33.38,17.18,True,0.822
214,18,802.74,239.57,40.35,3.21,40.37,3.22,True,0.6943
214,19,1559.68,376.32,96.71,17.38,96.75,17.36,True,0.7846
214,29,131.71,419.58,-7.69,21.6,-7.69,21.6,False,0.7717
214,36,1509.0,364.15,93.14,16.17,93.15,16.16,True,0.7859
214,38,754.61,960.31,39.83,65.69,39.82,65.7,True,0.7575
214,40,953.56,949.22,52.1,64.92,52.1,64.92,True,0.781
214,46,821.5,985.9,44.02,67.45,44.02,67.36,True,0.6023
215,1,1830.2,483.17,114.44,27.58,114.68,27.73,False,0.5392
215,2,1491.6,694.56,87.92,45.82,87.92,45.86,True,0.8557
215,4,1712.16,410.38,107.33,20.71,107.3,20.72,False,0.8272
215,5,1500.42,549.46,90.16,33.56,90.16,33.58,True,0.8491
215,6,1854.71,419.57,117.52,21.6,117.52,21.6,False,0.742
215,7,1663.41,341.92,104.96,13.94,104.96,13.95,True,0.7902
215,8,1895.29,443.44,119.94,23.87,119.93,23.89,False,0.7561
215,9,1837.02,494.49,114.7,28.62,114.67,28.63,False,0.7518
215,10,1095.11,506.75,62.04,29.74,62.06,29.74,True,0.7755
215,11,940.91,530.11,51.16,31.84,51.15,31.83,True,0.8187
215,12,1096.36,645.3,61.72,41.78,61.76,41.78,True,0.8044
215,13,1406.44,272.02,86.6,6.7,86.6,6.72,True,0.7458
215,14,1456.68,534.65,87.28,32.25,87.28,32.24,True,0.8093
215,15,1177.2,346.77,68.67,14.43,68.66,14.42,True,0.7382
215,17,701.1,374.3,33.4,17.18,33.4,17.19,True,0.8229
215,18,802.78,239.71,40.35,3.23,40.36,3.22,True,0.6892
215,19,1561.75,376.31,96.86,17.38,96.87,17.38,True,0.7889
215,29,131.91,419.82,-7.67,21.62,-7.69,21.6,False,0.7748
215,36,1509.28,363.89,93.16,16.15,93.16,16.15,True,0.7937
215,38,754.72,960.44,39.84,65.7,39.83,65.68,True,0.7739
215,40,953.72,949.13,52.11,64.91,52.12,64.92,True,0.7445
215,46,821.56,985.02,44.02,67.39,44.0,67.34,True,0.557
216,1,1830.28,482.68,114.46,27.54,114.99,27.77,False,0.5617
216,2,1492.16,695.51,87.95,45.9,87.96,45.89,True,0.8563
216,4,1712.64,410.29,107.36,20.7,107.34,20.7,False,0.8278
216,5,1500.9,551.37,90.17,33.73,90.18,33.68,True,0.8526
216,6,1854.81,419.89,117.52,21.63,117.51,21.65,False,0.7389
216,7,1663.95,342.1,105.0,13.96,104.99,13.95,True,0.7885
216,8,1895.48,443.4,119.95,23.87,119.97,23.86,False,0.7621
216,9,1837.98,494.42,114.77,28.62,114.74,28.6,False,0.742
216,10,1096.5,506.77,62.14,29.74,62.12,29.74,True,0.7825
216,11,940.05,531.81,51.1,32.0,51.11,31.93,True,0.8139
216,12,1098.4,645.03,61.86,41.76,61.89,41.76,True,0.8014
216,13,1406.48,272.05,86.61,6.7,86.61,6.71,True,0.7454
216,14,1457.34,534.48,87.32,32.23,87.33,32.19,True,0.8103
216,15,1176.58,346.67,68.63,14.42,68.62,14.43,True,0.7025
216,17,701.32,374.35,33.42,17.19,33.41,17.19,True,0.8231
216,18,802.88,239.75,40.36,3.23,40.36,3.23,True,0.6819
216,19,1563.49,376.67,96.99,17.42,97.0,17.4,True,0.8081
216,29,131.98,419.77,-7.67,21.62,-7.7,21.6,False,0.7713
216,36,1509.35,363.58,93.17,16.12,93.18,16.15,True,0.7961
216,38,754.66,960.27,39.84,65.68,39.85,65.66,True,0.7803
216,40,953.94,949.29,52.13,64.92,52.14,64.92,True,0.7896
216,46,821.06,984.17,43.99,67.33,43.98,67.25,True,0.5294
216,50,1129.99,632.22,64.04,40.69,64.09,40.61,True,0.4237
217,2,1493.04,696.26,88.0,45.96,88.0,45.92,True,0.8585
217,4,1712.62,410.15,107.37,20.69,107.35,20.69,False,0.827
217,5,1501.56,551.78,90.21,33.77,90.21,33.78,True,0.851
217,6,1854.57,420.76,117.49,21.71,117.49,21.72,False,0.7529
217,7,1664.16,342.12,105.01,13.96,105.03,13.96,False,0.7899
217,8,1896.26,442.75,120.02,23.81,120.01,23.83,False,0.7637
217,9,1838.22,494.01,114.79,28.58,114.79,28.58,False,0.7799
217,10,1096.98,506.73,62.18,29.74,62.17,29.75,True,0.8008
217,11,939.71,532.49,51.08,32.06,51.08,31.99,True,0.8443
217,12,1100.56,644.94,62.01,41.75,62.05,41.73,True,0.7981
217,13,1406.67,272.29,86.62,6.73,86.62,6.71,True,0.7376
217,14,1457.96,533.62,87.38,32.16,87.38,32.14,True,0.8161
217,15,1176.22,346.49,68.6,14.4,68.58,14.44,True,0.695
217,17,701.47,374.44,33.43,17.2,33.43,17.19,True,0.8156
217,18,802.82,239.72,40.36,3.23,40.36,3.23,True,0.6936
217,19,1565.96,376.2,97.18,17.37,97.13,17.45,True,0.8132
217,29,131.44,419.45,-7.72,21.59,-7.71,21.6,False,0.7692
217,35,806.3,962.05,43.02,65.81,43.03,65.8,True,0.351
217,36,1509.72,363.77,93.2,16.14,93.19,16.14,True,0.7917
217,38,755.04,959.47,39.86,65.63,39.86,65.64,True,0.7725
217,40,954.64,949.4,52.17,64.93,52.15,64.93,True,0.7697
217,46,820.4,981.98,43.94,67.18,43.95,67.13,True,0.4828
217,50,1130.68,630.98,64.1,40.59,64.1,40.59,True,0.4122
218,2,1493.7,696.32,88.04,45.96,88.03,45.95,True,0.8606
218,4,1712.64,410.05,107.37,20.68,107.35,20.69,False,0.8239
218,5,1502.2,552.91,90.24,33.87,90.22,33.88,True,0.8405
218,6,1854.64,421.4,117.48,21.77,117.47,21.78,False,0.7494
218,7,1664.99,341.99,105.08,13.95,105.06,13.97,False,0.7877
218,8,1896.76,442.81,120.06,23.81,120.04,23.82,False,0.768
218,9,1838.76,493.78,114.84,28.56,114.83,28.56,False,0.7819
218,10,1097.66,506.77,62.22,29.74,62.21,29.75,True,0.8124
218,11,939.23,532.27,51.04,32.04,51.04,32.03,True,0.8476
218,12,1103.87,644.2,62.23,41.69,62.22,41.71,True,0.8012
218,13,1406.81,272.16,86.63,6.71,86.63,6.69,True,0.7345
218,14,1458.54,532.33,87.43,32.04,87.44,32.1,True,0.8231
218,15,1175.24,347.12,68.52,14.47,68.54,14.47,True,0.742
218,17,701.64,374.45,33.44,17.2,33.43,17.19,True,0.8138
218,18,803.0,239.78,40.37,3.24,40.36,3.23,True,0.6923
218,19,1567.59,377.06,97.28,17.46,97.24,17.49,True,0.8177
218,29,131.15,419.44,-7.74,21.59,-7.73,21.6,False,0.7716
218,35,805.53,962.58,42.98,65.84,43.0,65.81,True,0.3925
218,36,1509.86,363.93,93.21,16.15,93.2,16.14,True,0.7882
218,38,755.27,958.88,39.87,65.59,39.87,65.61,True,0.7938
218,40,954.82,949.54,52.18,64.94,52.17,64.94,True,0.7496
218,46,820.08,978.16,43.91,66.92,43.93,67.01,True,0.4109
218,50,1130.99,630.59,64.12,40.55,64.11,40.56,True,0.448
219,2,1494.13,696.31,88.07,45.96,88.07,45.97,True,0.8623
219,4,1712.3,410.06,107.34,20.68,107.34,20.68,False,0.8284
219,5,1502.49,554.2,90.25,33.98,90.24,33.94,True,0.8382
219,6,1854.4,422.67,117.43,21.9,117.44,21.84,False,0.7399
219,7,1665.18,342.24,105.09,13.97,105.08,13.99,False,0.7853
219,8,1897.04,442.8,120.08,23.81,120.08,23.8,False,0.7644
219,9,1838.78,493.43,114.85,28.53,114.87,28.53,False,0.7816
219,10,1098.15,507.29,62.26,29.79,62.24,29.73,True,0.8094
219,11,938.73,532.17,51.01,32.03,51.0,32.06,True,0.8477
219,12,1106.96,643.95,62.44,41.67,62.39,41.71,True,0.803
219,13,1406.82,271.95,86.63,6.69,86.63,6.68,True,0.7333
219,14,1459.39,532.14,87.49,32.03,87.53,32.06,True,0.8287
219,15,1174.68,347.43,68.48,14.5,68.49,14.49,True,0.761
219,17,701.62,374.42,33.44,17.19,33.43,17.2,True,0.8172
219,18,802.94,239.65,40.37,3.22,40.37,3.22,True,0.6911
219,19,1568.8,378.49,97.35,17.6,97.33,17.52,True,0.8218
219,29,130.92,419.63,-7.75,21.6,-7.75,21.6,False,0.7538
219,35,805.24,962.71,42.96,65.85,42.98,65.84,True,0.3907
219,36,1509.94,363.9,93.21,16.15,93.21,16.15,True,0.7912
219,38,755.36,958.88,39.87,65.59,39.88,65.59,True,0.7889
219,40,954.9,949.75,52.18,64.95,52.18,64.94,True,0.7698
219,46,820.12,976.58,43.91,66.81,43.91,66.91,True,0.3947
219,50,1131.12,630.25,64.13,40.52,64.14,40.51,True,0.4757
220,2,1494.64,696.49,88.1,45.98,88.11,45.98,True,0.8678
220,4,1711.88,410.05,107.31,20.68,107.32,20.66,False,0.8274
220,5,1502.58,555.0,90.25,34.05,90.25,34.0,True,0.8415
220,6,1854.18,422.5,117.42,21.88,117.41,21.91,False,0.7337
220,7,1665.42,342.78,105.1,14.03,105.11,14.02,False,0.7872
220,8,1897.23,442.7,120.1,23.8,120.1,23.8,False,0.7685
220,9,1839.44,493.22,114.9,28.51,114.92,28.51,False,0.7669
220,10,1098.02,507.01,62.25,29.76,62.26,29.69,True,0.8139
220,11,937.96,532.24,50.96,32.03,50.96,32.11,True,0.8418
220,12,1108.97,644.16,62.58,41.69,62.54,41.7,True,0.8138
220,13,1406.83,271.47,86.64,6.64,86.63,6.66,True,0.7325
220,14,1460.77,532.21,87.59,32.03,87.62,32.03,True,0.831
220,15,1174.46,347.93,68.46,14.55,68.43,14.53,True,0.7915
220,17,701.53,374.4,33.43,17.19,33.43,17.2,True,0.8194
220,18,802.9,239.54,40.36,3.21,40.37,3.22,True,0.6907
220,19,1569.62,378.5,97.41,17.6,97.39,17.58,True,0.8144
220,29,130.8,419.61,-7.76,21.6,-7.77,21.61,False,0.7148
220,35,804.96,962.58,42.94,65.84,42.98,65.85,True,0.3797
220,36,1509.85,363.94,93.21,16.15,93.2,16.15,True,0.7912
220,38,755.8,958.78,39.9,65.58,39.89,65.59,True,0.7946
220,40,954.94,949.66,52.19,64.95,52.18,64.95,True,0.7908
220,46,820.12,976.25,43.91,66.79,43.91,66.84,True,0.3877
220,50,1131.4,629.47,64.15,40.46,64.16,40.46,True,0.4963
221,2,1495.36,696.73,88.15,46.0,88.14,45.99,True,0.8687
221,4,1711.68,409.86,107.3,20.66,107.3,20.62,False,0.8287
221,5,1502.99,555.0,90.27,34.05,90.26,34.04,True,0.832
221,6,1854.08,423.06,117.4,21.93,117.39,21.94,False,0.7336
221,7,1666.02,343.02,105.14,14.05,105.13,14.04,False,0.7782
221,8,1897.48,442.55,120.12,23.79,120.11,23.8,False,0.7568
221,9,1840.4,492.84,114.97,28.47,114.96,28.5,False,0.7498
221,10,1098.29,505.54,62.27,29.63,62.26,29.63,True,0.8273
221,11,937.46,533.33,50.92,32.13,50.93,32.23,True,0.8324
221,12,1110.42,644.74,62.68,41.74,62.67,41.7,True,0.8183
221,13,1406.78,271.54,86.63,6.65,86.63,6.64,True,0.7245
221,14,1463.18,532.21,87.76,32.03,87.71,32.04,True,0.8111
221,15,1173.28,347.9,68.37,14.55,68.37,14.55,True,0.7873
221,17,701.44,374.43,33.43,17.2,33.43,17.2,True,0.8193
221,18,802.94,239.49,40.37,3.21,40.37,3.21,True,0.6898
221,19,1570.02,378.38,97.44,17.59,97.43,17.62,True,0.8149
221,29,130.45,420.0,-7.78,21.64,-7.79,21.63,False,0.7282
221,35,805.91,962.64,43.0,65.85,43.0,65.85,True,0.3584
221,36,1509.78,363.9,93.2,16.15,93.2,16.13,True,0.7879
221,38,755.98,958.76,39.91,65.58,39.9,65.57,True,0.7698
221,40,954.88,949.67,52.18,64.95,52.17,64.95,True,0.7869
221,46,819.93,977.33,43.9,66.86,43.91,66.81,True,0.4729
221,50,1131.99,629.42,64.19,40.45,64.18,40.4,True,0.545
222,2,1495.89,697.0,88.18,46.02,88.18,46.0,True,0.8699
222,4,1711.22,409.09,107.28,20.59,107.28,20.58,False,0.8307
222,5,1502.9,555.25,90.26,34.07,90.27,34.06,True,0.8308
222,6,1853.46,424.28,117.33,22.05,117.38,21.92,False,0.7321
222,7,1666.3,343.24,105.15,14.08,105.15,14.05,False,0.7747
222,8,1897.62,442.71,120.12,23.8,120.12,23.78,False,0.7535
222,9,1841.14,493.02,115.02,28.49,115.02,28.49,False,0.7588
222,10,1098.3,504.4,62.28,29.53,62.26,29.53,True,0.8313
222,11,936.9,535.46,50.88,32.32,50.89,32.36,True,0.8318
222,12,1111.72,644.51,62.76,41.72,62.78,41.7,True,0.8138
222,13,1406.71,271.05,86.64,6.59,86.63,6.64,True,0.7272
222,14,1464.29,532.26,87.84,32.04,87.8,32.02,True,0.7984
222,15,1172.27,348.38,68.3,14.59,68.3,14.56,True,0.7912
222,17,701.46,374.43,33.43,17.2,33.43,17.2,True,0.8177
222,18,802.93,239.49,40.36,3.21,40.36,3.2,True,0.6848
222,19,1570.48,378.99,97.47,17.65,97.46,17.64,True,0.8116
222,29,129.89,419.78,-7.82,21.62,-7.81,21.66,False,0.7171
222,35,806.4,963.08,43.03,65.88,43.05,65.84,True,0.355
222,36,1509.64,363.85,93.19,16.14,93.2,16.11,True,0.7853
222,38,756.09,958.94,39.92,65.59,39.9,65.57,True,0.7411
222,40,954.62,949.66,52.17,64.95,52.17,64.94,True,0.7854
222,46,819.9,976.67,43.9,66.81,43.91,66.79,True,0.4031
222,50,1132.18,627.7,64.21,40.31,64.2,40.34,True,0.5616
223,2,1496.26,696.83,88.21,46.0,88.23,45.99,True,0.8724
223,4,1710.68,408.14,107.26,20.5,107.28,20.54,False,0.8323
223,5,1502.96,555.03,90.27,34.06,90.29,34.08,True,0.8264
223,6,1853.66,422.91,117.37,21.92,117.38,21.9,False,0.7193
223,7,1666.58,343.1,105.18,14.06,105.16,14.05,False,0.7788
223,8,1897.7,442.44,120.14,23.78,120.13,23.76,False,0.7585
223,9,1841.87,493.16,115.07,28.5,115.08,28.49,False,0.7745
223,10,1097.88,503.45,62.25,29.44,62.25,29.43,True,0.8406
223,11,936.52,538.82,50.86,32.62,50.86,32.52,True,0.8342
223,12,1113.39,644.25,62.88,41.69,62.89,41.69,True,0.8248
223,13,1406.66,271.6,86.62,6.65,86.63,6.65,True,0.7304
223,14,1464.82,532.39,87.87,32.05,87.89,32.0,True,0.807
223,15,1171.36,348.05,68.23,14.56,68.24,14.57,True,0.7932
223,17,701.5,374.43,33.43,17.2,33.43,17.2,True,0.8164
223,18,803.0,239.22,40.37,3.18,40.37,3.19,True,0.6877
223,19,1570.6,379.29,97.47,17.68,97.48,17.65,True,0.8136
223,29,129.54,420.54,-7.83,21.69,-7.83,21.69,False,0.7468
223,35,807.43,962.21,43.09,65.82,43.1,65.83,True,0.3697
223,36,1509.76,363.25,93.21,16.08,93.21,16.09,True,0.7861
223,38,755.88,957.82,39.9,65.52,39.88,65.58,True,0.7266
223,40,954.38,949.41,52.15,64.93,52.16,64.94,True,0.7877
223,46,820.16,976.05,43.91,66.77,43.89,66.7,True,0.455
223,50,1132.46,627.29,64.23,40.27,64.22,40.32,True,0.5805
224,2,1497.1,696.66,88.27,45.99,88.28,45.97,True,0.8785
224,4,1710.57,407.89,107.26,20.47,107.28,20.51,False,0.8337
224,5,1503.37,555.31,90.3,34.08,90.3,34.12,True,0.8195
224,6,1853.57,421.78,117.39,21.81,117.38,21.85,False,0.721
224,7,1666.43,342.91,105.17,14.04,105.17,14.05,False,0.7837
224,8,1897.59,441.95,120.14,23.73,120.13,23.74,False,0.7576
224,9,1842.62,493.09,115.12,28.49,115.13,28.5,False,0.778
224,10,1097.46,502.01,62.23,29.31,62.23,29.34,True,0.8397
224,11,936.08,539.75,50.83,32.7,50.82,32.69,True,0.832
224,12,1114.92,644.0,62.98,41.67,63.01,41.66,True,0.8253
224,13,1406.65,271.93,86.62,6.69,86.64,6.64,True,0.7387
224,14,1465.83,531.46,87.95,31.96,87.95,31.96,True,0.8124
224,15,1170.47,348.16,68.16,14.57,68.18,14.59,True,0.7881
224,17,701.66,374.43,33.44,17.2,33.44,17.2,True,0.8153
224,18,802.94,239.16,40.36,3.17,40.37,3.18,True,0.6923
224,19,1570.83,379.17,97.49,17.66,97.51,17.66,True,0.8146
224,29,128.91,421.01,-7.87,21.74,-7.85,21.72,False,0.788
224,35,808.76,961.98,43.18,65.8,43.15,65.8,True,0.4088
224,36,1509.67,362.94,93.21,16.05,93.21,16.08,True,0.7871
224,38,755.32,958.95,39.87,65.59,39.85,65.58,True,0.7663
224,40,954.16,949.3,52.14,64.92,52.15,64.94,True,0.7789
224,46,820.09,975.06,43.91,66.7,43.88,66.59,True,0.4956
224,50,1132.62,626.69,64.24,40.22,64.22,40.32,True,0.5882
225,2,1498.1,696.07,88.34,45.94,88.34,45.95,True,0.8864
225,4,1711.25,408.06,107.3,20.49,107.3,20.49,False,0.8378
225,5,1503.88,555.89,90.33,34.13,90.32,34.18,True,0.8164
225,6,1853.59,421.48,117.4,21.78,117.4,21.77,False,0.7281
225,7,1666.23,342.76,105.16,14.03,105.17,14.04,False,0.7804
225,8,1897.47,441.64,120.14,23.7,120.13,23.73,False,0.7466
225,9,1843.72,493.29,115.2,28.51,115.18,28.51,False,0.7824
225,10,1097.18,501.3,62.21,29.24,62.21,29.26,True,0.8388
225,11,935.54,541.33,50.79,32.84,50.79,32.84,True,0.834
225,12,1117.14,643.35,63.14,41.62,63.15,41.64,True,0.8366
225,13,1406.93,271.62,86.65,6.66,86.64,6.63,True,0.724
225,14,1466.73,530.69,88.02,31.9,88.0,31.92,True,0.8122
225,15,1170.02,348.42,68.13,14.6,68.13,14.6,True,0.7912
225,17,701.65,374.35,33.44,17.19,33.44,17.19,True,0.8201
225,18,803.28,239.18,40.39,3.17,40.38,3.18,True,0.695
225,19,1571.35,379.24,97.53,17.67,97.54,17.65,True,0.8088
225,29,128.85,421.44,-7.86,21.78,-7.87,21.75,False,0.7869
225,35,809.32,961.61,43.21,65.78,43.21,65.79,True,0.4926
225,36,1509.8,362.84,93.22,16.04,93.21,16.06,True,0.7874
225,38,754.21,958.98,39.8,65.6,39.81,65.58,True,0.7987
225,40,954.32,949.57,52.15,64.94,52.15,64.94,True,0.7931
225,50,1132.51,628.25,64.23,40.36,64.23,40.33,True,0.4928
226,2,1498.94,695.66,88.4,45.91,88.4,45.92,True,0.8903
226,4,1711.48,408.06,107.32,20.49,107.33,20.48,False,0.8347
226,5,1504.35,557.3,90.34,34.26,90.34,34.27,True,0.8115
226,6,1853.65,420.66,117.42,21.7,117.42,21.73,False,0.7291
226,7,1666.42,342.85,105.17,14.04,105.18,14.03,False,0.7812
226,8,1897.21,441.72,120.12,23.71,120.13,23.69,False,0.7312
226,9,1844.22,493.4,115.23,28.52,115.23,28.51,False,0.7791
226,10,1096.92,500.6,62.19,29.18,62.19,29.2,True,0.8345
226,11,934.88,542.61,50.75,32.96,50.77,32.96,True,0.8311
226,12,1119.48,643.26,63.29,41.61,63.29,41.62,True,0.8176
226,13,1407.03,271.28,86.66,6.62,86.65,6.62,True,0.719
226,14,1467.08,530.06,88.06,31.84,88.06,31.88,True,0.8091
226,15,1169.51,348.8,68.09,14.64,68.09,14.62,True,0.7815
226,17,701.63,374.35,33.44,17.19,33.44,17.19,True,0.822
226,18,803.33,239.32,40.39,3.19,40.4,3.18,True,0.6944
226,19,1571.93,378.91,97.58,17.64,97.58,17.64,True,0.806
226,29,128.92,421.12,-7.87,21.75,-7.88,21.77,False,0.7698
226,35,809.62,961.12,43.23,65.74,43.24,65.78,True,0.4816
226,36,1509.79,363.12,93.21,16.07,93.22,16.06,True,0.7832
226,38,753.58,959.05,39.76,65.6,39.79,65.58,True,0.79
226,40,954.32,949.67,52.15,64.95,52.17,64.94,True,0.7932
226,50,1132.3,629.5,64.21,40.46,64.23,40.35,True,0.4141
227,2,1499.96,695.56,88.47,45.9,88.47,45.9,True,0.885
227,4,1711.78,408.0,107.34,20.48,107.37,20.49,False,0.8373
227,5,1504.68,558.83,90.35,34.39,90.36,34.37,True,0.815
227,6,1853.49,419.91,117.43,21.63,117.43,21.71,False,0.7315
227,7,1666.6,342.8,105.18,14.03,105.2,14.03,False,0.7829
227,8,1896.86,441.75,120.09,23.71,120.13,23.65,False,0.7287
227,9,1844.94,493.3,115.29,28.51,115.29,28.51,False,0.7732
227,10,1096.66,500.15,62.17,29.14,62.18,29.16,True,0.8327
227,11,934.44,544.22,50.72,33.1,50.76,33.1,True,0.822
227,12,1121.59,643.05,63.44,41.59,63.43,41.59,True,0.815
227,13,1406.8,270.48,86.65,6.53,86.67,6.62,True,0.7175
227,14,1467.65,530.36,88.09,31.87,88.12,31.85,True,0.8061
227,15,1168.81,348.81,68.04,14.64,68.05,14.64,True,0.7731
227,17,701.6,374.36,33.44,17.19,33.45,17.18,True,0.8213
227,18,803.26,239.4,40.39,3.2,40.43,3.17,True,0.6895
227,19,1572.46,378.76,97.62,17.62,97.64,17.65,True,0.8042
227,29,128.34,421.52,-7.9,21.79,-7.9,21.78,False,0.7685
227,36,1509.77,363.09,93.21,16.07,93.24,16.06,True,0.7868
227,38,753.02,958.66,39.73,65.57,39.77,65.56,True,0.7863
227,40,954.59,949.79,52.17,64.96,52.19,64.94,True,0.7925
227,46,819.13,970.06,43.84,66.36,43.86,66.47,True,0.5407
228,1,1850.44,487.77,115.79,28.01,115.32,27.82,False,0.4833
228,2,1500.87,695.35,88.53,45.88,88.54,45.87,True,0.8797
228,4,1712.68,408.08,107.41,20.49,107.41,20.49,False,0.8303
228,5,1505.44,560.06,90.38,34.5,90.38,34.47,True,0.8115
228,6,1853.93,420.81,117.44,21.72,117.44,21.69,False,0.7297
228,7,1666.98,342.82,105.21,14.03,105.22,14.04,False,0.7867
228,8,1897.25,440.6,120.14,23.6,120.14,23.61,False,0.7234
228,9,1845.6,493.3,115.33,28.51,115.35,28.5,False,0.7334
228,10,1096.4,499.99,62.16,29.12,62.16,29.15,True,0.8341
228,11,934.97,545.56,50.75,33.22,50.76,33.21,True,0.8303
228,12,1123.76,642.98,63.58,41.59,63.54,41.58,True,0.7935
228,13,1407.36,271.01,86.69,6.59,86.68,6.62,True,0.7131
228,14,1468.78,529.95,88.18,31.83,88.16,31.84,True,0.8002
228,15,1168.54,348.72,68.02,14.63,68.01,14.67,True,0.7797
228,17,701.98,374.16,33.46,17.17,33.47,17.18,True,0.8289
228,18,804.11,239.15,40.45,3.17,40.46,3.17,True,0.6882
228,19,1573.62,378.81,97.7,17.63,97.71,17.66,True,0.8042
228,29,128.2,421.48,-7.91,21.78,-7.92,21.78,False,0.7934
228,36,1510.32,363.17,93.25,16.08,93.27,16.07,True,0.7967
228,38,753.71,957.86,39.77,65.52,39.79,65.53,True,0.8077
228,40,955.51,949.58,52.22,64.94,52.21,64.93,True,0.8005
228,46,818.93,969.23,43.82,66.3,43.84,66.37,True,0.532
229,1,1852.1,488.17,115.9,28.04,115.69,27.8,False,0.5156
229,2,1502.14,694.91,88.62,45.85,88.62,45.81,True,0.8702
229,4,1713.74,408.2,107.48,20.5,107.46,20.48,False,0.8242
229,5,1505.86,560.79,90.4,34.56,90.39,34.57,True,0.8083
229,6,1854.14,420.66,117.46,21.7,117.45,21.67,False,0.7329
229,7,1667.72,342.93,105.27,14.04,105.25,14.04,False,0.7922
229,8,1897.4,440.05,120.17,23.55,120.16,23.54,False,0.7329
229,9,1846.88,493.21,115.42,28.5,115.4,28.49,False,0.7314
229,10,1096.49,500.2,62.16,29.14,62.13,29.14,True,0.8334
229,11,935.5,547.18,50.79,33.36,50.75,33.3,True,0.8354
229,12,1125.13,642.39,63.68,41.54,63.64,41.55,True,0.7905
229,13,1407.57,271.92,86.69,6.69,86.68,6.62,True,0.7444
229,14,1469.47,529.89,88.23,31.82,88.2,31.84,True,0.7996
229,15,1167.93,349.39,67.97,14.7,67.97,14.69,True,0.7842
229,17,702.36,374.09,33.49,17.16,33.48,17.17,True,0.8224
229,18,805.0,238.89,40.52,3.14,40.49,3.15,True,0.6953
229,19,1574.96,379.31,97.79,17.68,97.77,17.68,True,0.8046
229,29,127.81,421.6,-7.94,21.79,-7.94,21.79,False,0.7913
229,30,1142.28,633.73,64.87,40.82,63.82,41.27,True,0.4308
229,35,811.44,962.06,43.34,65.81,43.26,65.78,True,0.5397
229,36,1511.26,363.05,93.32,16.06,93.29,16.08,True,0.7918
229,38,754.42,957.7,39.81,65.51,39.82,65.51,True,0.7998
229,40,955.95,949.28,52.25,64.92,52.22,64.92,True,0.7829
230,1,1853.37,486.91,116.01,27.93,116.12,27.72,False,0.473
230,2,1502.97,694.41,88.68,45.81,88.69,45.72,True,0.8651
230,4,1714.3,408.3,107.52,20.51,107.51,20.47,False,0.8188
230,5,1506.17,561.79,90.41,34.65,90.39,34.68,True,0.7984
230,6,1854.31,420.48,117.47,21.69,117.46,21.66,False,0.7359
230,7,1668.08,343.03,105.29,14.05,105.27,14.05,False,0.7877
230,8,1897.48,439.19,120.19,23.47,120.18,23.47,False,0.723
230,9,1847.53,492.9,115.48,28.48,115.44,28.49,False,0.7481
230,10,1095.63,500.22,62.1,29.15,62.09,29.14,True,0.8311
230,11,935.12,547.52,50.77,33.39,50.76,33.36,True,0.8297
230,12,1125.84,642.51,63.73,41.55,63.72,41.52,True,0.7987
230,13,1407.54,271.66,86.69,6.66,86.7,6.63,True,0.7394
230,14,1469.93,530.16,88.25,31.85,88.25,31.83,True,0.802
230,15,1167.58,349.83,67.94,14.74,67.93,14.72,True,0.7857
230,17,702.46,374.22,33.5,17.17,33.49,17.17,True,0.8231
230,18,805.21,238.79,40.54,3.13,40.52,3.14,True,0.6915
230,19,1575.82,379.81,97.85,17.73,97.83,17.71,True,0.7936
230,29,127.46,421.44,-7.97,21.78,-7.96,21.78,False,0.7923
230,36,1511.54,363.29,93.34,16.09,93.31,16.09,True,0.7911
230,38,755.24,957.1,39.86,65.47,39.89,65.49,True,0.7765
230,40,955.8,949.0,52.24,64.9,52.24,64.91,True,0.7103
230,46,818.87,968.35,43.81,66.24,43.83,66.28,True,0.5473
231,1,1856.12,482.13,116.31,27.49,116.32,27.52,False,0.3757
231,2,1504.14,691.85,88.79,45.6,88.77,45.61,True,0.8606
231,4,1714.66,407.56,107.56,20.44,107.55,20.46,False,0.8234
231,5,1506.04,562.94,90.39,34.75,90.37,34.78,True,0.803
231,6,1854.03,419.63,117.47,21.6,117.46,21.63,False,0.7251
231,7,1668.16,342.99,105.3,14.05,105.29,14.06,False,0.7854
231,8,1897.47,438.33,120.21,23.39,120.2,23.42,False,0.7085
231,9,1847.54,492.78,115.48,28.47,115.47,28.48,False,0.7307
231,10,1094.89,500.17,62.05,29.14,62.04,29.12,True,0.8306
231,11,934.8,547.99,50.74,33.43,50.76,33.41,True,0.828
231,12,1126.38,641.65,63.77,41.48,63.8,41.46,True,0.8028
231,13,1407.58,271.41,86.7,6.63,86.7,6.61,True,0.7435
231,14,1470.2,530.11,88.27,31.84,88.27,31.83,True,0.8036
231,15,1166.79,350.07,67.88,14.76,67.88,14.74,True,0.7871
231,17,702.53,374.26,33.51,17.18,33.5,17.18,True,0.8233
231,18,805.24,238.71,40.54,3.12,40.54,3.13,True,0.7023
231,19,1576.34,379.85,97.89,17.73,97.87,17.74,True,0.7987
231,29,127.06,421.56,-7.99,21.79,-7.99,21.78,False,0.7964
231,36,1511.46,363.43,93.33,16.1,93.33,16.09,True,0.7874
231,38,756.42,957.16,39.93,65.47,39.97,65.5,True,0.7785
231,40,955.83,948.86,52.24,64.89,52.24,64.9,True,0.7546
231,46,819.32,968.61,43.84,66.26,43.82,66.25,True,0.5399
232,1,1859.13,478.47,116.6,27.15,116.58,27.36,False,0.466
232,2,1504.79,689.97,88.85,45.45,88.85,45.49,True,0.8625
232,4,1715.04,407.47,107.59,20.43,107.59,20.45,False,0.8254
232,5,1505.82,565.18,90.35,34.95,90.36,34.89,True,0.8038
232,6,1853.68,419.41,117.45,21.58,117.45,21.62,False,0.7205
232,7,1668.12,343.17,105.29,14.07,105.29,14.06,False,0.7888
232,8,1897.28,437.73,120.21,23.33,120.21,23.37,False,0.6981
232,9,1847.85,492.85,115.5,28.47,115.5,28.47,False,0.7208
232,10,1094.01,500.23,61.99,29.15,61.98,29.1,True,0.8311
232,11,934.95,547.76,50.75,33.41,50.73,33.45,True,0.8327
232,12,1127.12,641.16,63.82,41.44,63.88,41.38,True,0.8041
232,13,1407.63,270.86,86.71,6.57,86.71,6.57,True,0.7457
232,14,1470.51,529.94,88.3,31.83,88.3,31.82,True,0.8065
232,15,1166.04,349.93,67.83,14.75,67.82,14.74,True,0.7859
232,17,702.58,374.41,33.51,17.19,33.51,17.18,True,0.824
232,18,805.22,238.71,40.54,3.12,40.54,3.12,True,0.7103
232,19,1576.72,380.42,97.9,17.79,97.91,17.76,True,0.8048
232,29,126.8,421.46,-8.01,21.78,-8.04,21.78,False,0.7929
232,36,1511.45,363.55,93.33,16.11,93.33,16.11,True,0.7917
232,38,758.74,957.63,40.08,65.5,40.05,65.52,True,0.7889
232,40,955.88,948.88,52.25,64.89,52.24,64.89,True,0.7851
232,46,819.1,968.63,43.83,66.26,43.81,66.22,True,0.5557
233,1,1861.32,476.85,116.79,27.0,116.85,27.19,False,0.4331
233,2,1505.51,688.71,88.91,45.35,88.92,45.35,True,0.8597
233,4,1715.5,407.49,107.62,20.43,107.63,20.45,False,0.8285
233,5,1505.48,565.87,90.32,35.01,90.34,34.98,True,0.7982
233,6,1853.48,419.59,117.43,21.6,117.43,21.62,False,0.7225
233,7,1668.17,343.38,105.29,14.09,105.3,14.06,False,0.7874
233,8,1897.17,437.82,120.2,23.34,120.22,23.32,False,0.6855
233,9,1847.8,492.96,115.49,28.48,115.52,28.47,False,0.7279
233,10,1092.66,499.0,61.89,29.03,61.92,29.06,True,0.8345
233,11,934.56,548.22,50.73,33.45,50.69,33.52,True,0.827
233,12,1129.34,639.11,63.98,41.27,63.98,41.23,True,0.8098
233,13,1407.68,270.36,86.72,6.52,86.72,6.52,True,0.75
233,14,1470.62,529.65,88.31,31.8,88.33,31.79,True,0.8092
233,15,1165.18,349.87,67.76,14.74,67.76,14.74,True,0.7869
233,17,702.61,374.28,33.51,17.18,33.52,17.16,True,0.824
233,18,805.2,238.75,40.54,3.12,40.54,3.11,True,0.7073
233,19,1577.1,380.34,97.93,17.78,97.94,17.77,True,0.8074
233,29,126.28,421.19,-8.06,21.75,-8.07,21.78,False,0.7758
233,36,1511.45,363.53,93.33,16.11,93.34,16.12,True,0.7934
233,38,759.88,958.06,40.15,65.53,40.14,65.56,True,0.7971
233,40,955.83,948.81,52.24,64.89,52.25,64.89,True,0.7548
233,46,818.43,967.46,43.79,66.18,43.8,66.21,True,0.5508
233,51,1155.55,624.41,65.81,40.03,65.93,40.03,True,0.6562
234,2,1506.48,687.1,89.0,45.22,88.99,45.26,True,0.8597
234,4,1716.16,407.68,107.67,20.45,107.67,20.45,False,0.8316
234,5,1505.52,566.89,90.31,35.1,90.33,35.05,True,0.7971
234,6,1853.42,419.97,117.42,21.64,117.42,21.63,False,0.7168
234,7,1668.13,342.88,105.3,14.04,105.31,14.05,False,0.7862
234,8,1897.4,437.52,120.22,23.31,120.24,23.28,False,0.6895
234,9,1848.45,492.86,115.54,28.47,115.56,28.47,False,0.7057
234,10,1092.08,498.93,61.85,29.03,61.88,29.01,True,0.8368
234,11,933.63,549.3,50.66,33.55,50.65,33.61,True,0.8227
234,12,1130.92,637.95,64.09,41.17,64.11,41.09,True,0.8124
234,13,1407.68,269.72,86.73,6.45,86.73,6.48,True,0.7438
234,14,1471.32,529.12,88.36,31.76,88.38,31.76,True,0.8151
234,15,1164.24,349.76,67.69,14.73,67.7,14.74,True,0.7928
234,17,702.58,374.03,33.51,17.16,33.54,17.14,True,0.8159
234,18,805.21,238.51,40.54,3.1,40.54,3.11,True,0.7074
234,19,1577.52,380.18,97.97,17.76,97.98,17.78,True,0.8113
234,29,124.89,421.44,-8.15,21.78,-8.09,21.77,False,0.7412
234,36,1511.42,363.62,93.33,16.12,93.35,16.11,True,0.7889
234,38,761.07,959.45,40.23,65.63,40.24,65.6,True,0.7941
234,40,955.96,948.79,52.25,64.89,52.26,64.89,True,0.7608
234,46,818.19,967.43,43.77,66.18,43.79,66.18,True,0.5246
234,51,1156.86,624.24,65.9,40.02,66.05,40.03,True,0.683
235,1,1868.12,479.61,117.21,27.25,117.08,27.11,False,0.4034
235,2,1507.26,686.26,89.06,45.15,89.05,45.19,True,0.8555
235,4,1716.54,407.98,107.69,20.48,107.73,20.44,False,0.8324
235,5,1505.68,566.88,90.32,35.09,90.34,35.07,True,0.7906
235,6,1852.88,420.39,117.37,21.68,117.41,21.64,False,0.7077
235,7,1668.43,342.86,105.32,14.04,105.32,14.05,False,0.7841
235,8,1897.73,436.9,120.26,23.25,120.28,23.24,False,0.6868
235,9,1849.06,492.97,115.58,28.48,115.59,28.45,False,0.698
235,10,1091.71,498.04,61.83,28.95,61.84,28.95,True,0.8319
235,11,932.48,551.81,50.58,33.77,50.58,33.72,True,0.8093
235,12,1133.3,633.68,64.26,40.81,64.25,40.95,True,0.7871
235,13,1407.78,269.51,86.74,6.43,86.74,6.43,True,0.7442
235,14,1472.21,528.59,88.43,31.71,88.45,31.73,True,0.8165
235,15,1163.22,349.68,67.62,14.73,67.65,14.73,True,0.8034
235,17,703.15,373.61,33.55,17.11,33.56,17.12,True,0.8148
235,18,805.23,238.4,40.54,3.09,40.54,3.08,True,0.7066
235,19,1578.29,380.55,98.02,17.8,98.03,17.77,True,0.8093
235,29,125.35,421.48,-8.12,21.78,-8.11,21.77,False,0.7854
235,36,1511.91,363.78,93.36,16.14,93.37,16.12,True,0.7966
235,38,762.76,960.04,40.33,65.67,40.32,65.63,True,0.7944
235,40,956.28,948.89,52.27,64.89,52.27,64.9,True,0.7595
235,46,818.09,967.23,43.76,66.17,43.72,66.13,True,0.5142
235,51,1159.62,624.39,66.09,40.03,66.16,40.03,True,0.6661
236,1,1869.46,477.31,117.36,27.04,117.25,27.07,False,0.5138
236,2,1508.0,686.06,89.11,45.13,89.11,45.14,True,0.8529
236,4,1717.51,407.7,107.77,20.45,107.79,20.43,False,0.8301
236,5,1506.1,566.87,90.35,35.09,90.35,35.09,True,0.7799
236,6,1853.31,420.07,117.41,21.65,117.42,21.64,False,0.728
236,7,1668.66,342.82,105.34,14.03,105.33,14.03,False,0.7788
236,8,1898.42,435.84,120.33,23.15,120.33,23.2,False,0.6742
236,9,1850.45,492.42,115.69,28.43,115.65,28.43,False,0.7146
236,10,1091.57,497.65,61.82,28.91,61.81,28.89,True,0.836
236,11,931.42,553.09,50.51,33.88,50.51,33.85,True,0.8113
236,12,1135.21,633.12,64.4,40.76,64.39,40.82,True,0.7873
236,13,1407.98,269.38,86.75,6.42,86.74,6.41,True,0.7407
236,14,1473.4,528.48,88.52,31.7,88.52,31.7,True,0.7971
236,15,1162.84,349.72,67.59,14.73,67.61,14.74,True,0.803
236,17,703.86,373.22,33.6,17.08,33.6,17.1,True,0.814
236,18,805.3,238.48,40.54,3.1,40.54,3.05,True,0.7032
236,19,1579.09,380.2,98.08,17.77,98.07,17.76,True,0.8082
236,29,125.57,421.34,-8.11,21.77,-8.12,21.77,False,0.7946
236,36,1512.42,363.28,93.41,16.09,93.39,16.1,True,0.7766
236,38,763.84,960.06,40.4,65.67,40.39,65.66,True,0.797
236,40,956.82,949.12,52.3,64.91,52.29,64.91,True,0.7544
236,46,818.7,966.34,43.8,66.1,43.63,66.07,True,0.3945
236,51,1163.98,624.35,66.39,40.03,66.36,40.05,True,0.59
237,1,1870.42,477.88,117.42,27.09,117.41,27.08,False,0.5689
237,2,1509.1,685.67,89.19,45.1,89.16,45.12,True,0.8532
237,4,1718.95,407.11,107.88,20.4,107.86,20.42,False,0.828
237,5,1506.58,566.76,90.38,35.08,90.37,35.1,True,0.7909
237,6,1853.62,419.73,117.44,21.61,117.42,21.64,False,0.7306
237,7,1668.61,342.83,105.33,14.03,105.36,14.03,False,0.7806
237,8,1899.19,435.76,120.39,23.15,120.39,23.17,False,0.6808
237,9,1849.68,492.02,115.65,28.4,115.71,28.41,False,0.6851
237,10,1091.1,496.7,61.79,28.82,61.8,28.83,True,0.8353
237,11,930.32,554.06,50.43,33.97,50.45,33.99,True,0.8196
237,12,1137.32,632.58,64.54,40.72,64.52,40.7,True,0.7894
237,13,1407.95,268.6,86.76,6.33,86.75,6.4,True,0.728
237,14,1474.83,528.18,88.62,31.67,88.59,31.68,True,0.8083
237,15,1162.76,349.81,67.58,14.74,67.58,14.74,True,0.7944
237,17,704.58,373.19,33.65,17.07,33.65,17.07,True,0.8157
237,18,805.41,237.73,40.55,3.01,40.55,3.02,True,0.7027
237,19,1579.62,379.82,98.13,17.73,98.12,17.75,True,0.8115
237,29,125.54,421.19,-8.11,21.75,-8.12,21.77,False,0.7821
237,36,1512.42,363.56,93.4,16.12,93.43,16.08,True,0.7828
237,38,765.0,960.1,40.47,65.67,40.48,65.65,True,0.7769
237,40,956.94,949.39,52.31,64.93,52.31,64.92,True,0.6996
237,51,1166.99,624.55,66.59,40.04,66.57,40.1,True,0.5504
238,1,1871.15,476.7,117.49,26.99,117.51,27.03,False,0.6085
238,2,1509.53,685.72,89.21,45.1,89.22,45.1,True,0.8529
238,4,1719.8,407.1,107.94,20.39,107.94,20.41,False,0.8301
238,5,1506.82,566.87,90.4,35.09,90.4,35.12,True,0.7997
238,6,1853.63,419.93,117.44,21.63,117.44,21.64,False,0.7331
238,7,1669.14,342.75,105.37,14.03,105.39,14.03,False,0.7822
238,8,1899.93,435.45,120.45,23.12,120.47,23.16,False,0.6914
238,9,1851.29,491.65,115.77,28.36,115.78,28.4,False,0.7034
238,10,1090.78,495.85,61.77,28.75,61.79,28.78,True,0.834
238,11,929.25,555.23,50.36,34.07,50.41,34.12,True,0.8265
238,12,1138.76,631.56,64.64,40.63,64.65,40.65,True,0.7869
238,13,1407.74,269.23,86.74,6.4,86.78,6.37,True,0.737
238,14,1475.44,528.08,88.66,31.66,88.66,31.68,True,0.8043
238,15,1162.37,349.94,67.55,14.75,67.56,14.73,True,0.7997
238,17,705.32,373.06,33.7,17.06,33.69,17.06,True,0.8115
238,18,805.34,237.3,40.54,2.97,40.56,3.01,True,0.6959
238,19,1580.19,379.69,98.17,17.72,98.17,17.73,True,0.8188
238,29,125.5,421.52,-8.11,21.79,-8.13,21.75,False,0.7759
238,36,1513.0,362.84,93.45,16.04,93.47,16.05,True,0.785
238,38,765.92,959.64,40.53,65.64,40.59,65.63,True,0.7641
238,40,957.03,949.39,52.32,64.93,52.33,64.92,True,0.6351
238,51,1170.24,625.78,66.81,40.15,66.81,40.13,True,0.6189
239,1,1872.08,477.14,117.55,27.03,117.61,27.04,False,0.6806
239,2,1510.1,685.71,89.25,45.1,89.26,45.06,True,0.8494
239,4,1720.64,407.08,108.01,20.39,108.02,20.39,False,0.8289
239,5,1507.11,567.71,90.41,35.17,90.43,35.15,True,0.8048
239,6,1853.83,419.88,117.45,21.63,117.46,21.64,False,0.7291
239,7,1669.97,342.68,105.44,14.02,105.44,14.03,False,0.7741
239,8,1901.18,435.95,120.53,23.16,120.55,23.17,False,0.701
239,9,1852.96,491.97,115.88,28.39,115.85,28.41,False,0.6891
239,10,1090.88,495.56,61.78,28.72,61.78,28.72,True,0.8265
239,11,929.2,557.39,50.36,34.26,50.37,34.24,True,0.8191
239,12,1140.74,630.72,64.78,40.56,64.79,40.61,True,0.809
239,13,1408.3,269.33,86.78,6.41,86.8,6.34,True,0.7395
239,14,1476.26,528.2,88.72,31.67,88.73,31.67,True,0.8077
239,15,1162.13,349.76,67.54,14.73,67.54,14.74,True,0.7924
239,17,705.72,372.99,33.73,17.05,33.74,17.05,True,0.8143
239,18,805.52,237.15,40.56,2.95,40.59,2.98,True,0.6707
239,19,1580.68,379.7,98.21,17.72,98.22,17.73,True,0.8205
239,29,125.31,421.15,-8.13,21.75,-8.14,21.73,False,0.7713
239,36,1513.8,362.41,93.52,16.0,93.5,16.04,True,0.7921
239,38,768.16,958.98,40.66,65.6,40.7,65.6,True,0.7442
239,40,957.58,949.18,52.35,64.92,52.35,64.92,True,0.6992
239,51,1172.68,627.21,66.97,40.27,67.04,40.14,True,0.5329
240,1,1874.58,477.06,117.73,27.02,117.73,27.06,False,0.7002
240,2,1510.92,685.0,89.32,45.05,89.3,45.03,True,0.85
240,4,1721.9,407.51,108.09,20.43,108.1,20.38,False,0.827
240,5,1508.19,567.61,90.48,35.16,90.45,35.21,True,0.8163
240,6,1854.28,420.49,117.47,21.69,117.47,21.65,False,0.7256
240,7,1670.64,342.92,105.48,14.04,105.49,14.03,False,0.7791
240,8,1902.77,436.59,120.63,23.22,120.62,23.16,False,0.7053
240,9,1853.78,492.3,115.93,28.42,115.93,28.42,False,0.7035
240,10,1090.87,495.22,61.78,28.69,61.79,28.68,True,0.8235
240,11,929.36,559.22,50.37,34.42,50.34,34.35,True,0.8153
240,12,1142.58,630.91,64.9,40.58,64.94,40.56,True,0.821
240,13,1409.08,268.14,86.85,6.29,86.83,6.34,True,0.7506
240,14,1477.1,528.23,88.78,31.68,88.81,31.66,True,0.8022
240,15,1162.12,349.62,67.54,14.72,67.52,14.74,True,0.7932
240,17,706.46,372.79,33.79,17.03,33.78,17.05,True,0.8094
240,18,806.26,237.67,40.61,3.01,40.63,2.97,True,0.6748
240,19,1581.65,379.56,98.28,17.7,98.27,17.74,True,0.8169
240,29,124.94,420.49,-8.17,21.69,-8.17,21.71,False,0.7347
240,36,1514.49,362.54,93.57,16.01,93.55,16.02,True,0.7983
240,38,771.84,958.77,40.89,65.58,40.85,65.58,True,0.7177
240,40,958.22,949.03,52.39,64.9,52.38,64.92,True,0.6699
240,46,813.61,964.99,43.48,66.01,43.5,66.01,True,0.3631
240,51,1177.68,625.83,67.31,40.15,67.25,40.14,True,0.6036
241,1,1876.92,477.73,117.88,27.08,117.84,27.11,False,0.7147
241,2,1511.08,684.05,89.34,44.97,89.34,44.96,True,0.8496
241,4,1722.96,406.6,108.18,20.35,108.17,20.37,False,0.8263
241,5,1508.47,568.83,90.49,35.27,90.46,35.3,True,0.8146
241,6,1854.47,420.13,117.49,21.65,117.48,21.68,False,0.7328
241,7,1671.66,342.89,105.56,14.04,105.54,14.05,False,0.7835
241,8,1903.96,436.24,120.73,23.19,120.69,23.16,False,0.7224
241,9,1854.97,492.82,116.01,28.47,116.0,28.44,False,0.7136
241,10,1090.93,494.63,61.79,28.63,61.82,28.65,True,0.8108
241,11,929.06,560.06,50.35,34.5,50.3,34.44,True,0.8154
241,12,1145.54,630.64,65.11,40.56,65.08,40.53,True,0.8034
241,13,1409.29,268.07,86.87,6.28,86.88,6.33,True,0.7529
241,14,1478.68,528.06,88.89,31.66,88.89,31.65,True,0.7877
241,15,1161.84,349.87,67.51,14.74,67.5,14.75,True,0.7878
241,17,706.86,372.84,33.82,17.04,33.82,17.04,True,0.8005
241,18,807.1,237.14,40.68,2.95,40.68,2.98,True,0.6982
241,19,1582.32,380.21,98.32,17.77,98.33,17.75,True,0.7972
241,29,124.54,420.25,-8.2,21.66,-8.2,21.69,False,0.7627
241,36,1514.58,362.6,93.57,16.02,93.59,16.02,True,0.7885
241,38,772.66,957.52,40.94,65.49,40.98,65.55,True,0.7318
241,40,958.34,949.3,52.4,64.92,52.4,64.91,True,0.7428
241,46,811.54,963.35,43.35,65.9,43.35,65.95,True,0.4535
241,51,1180.36,624.95,67.5,40.08,67.45,40.11,True,0.6742
242,1,1878.84,478.65,118.0,27.17,117.95,27.17,False,0.7005
242,2,1511.39,683.34,89.37,44.91,89.38,44.88,True,0.8449
242,4,1723.9,406.43,108.26,20.33,108.24,20.37,False,0.8176
242,5,1508.28,570.04,90.46,35.37,90.46,35.39,True,0.8106
242,6,1854.46,420.03,117.49,21.64,117.5,21.73,False,0.7258
242,7,1672.23,342.92,105.6,14.04,105.59,14.06,False,0.7795
242,8,1904.52,435.58,120.78,23.13,120.74,23.13,False,0.7132
242,9,1855.86,492.66,116.07,28.45,116.07,28.46,False,0.7019
242,10,1091.72,494.35,61.84,28.61,61.84,28.62,True,0.8245
242,11,927.5,560.3,50.24,34.52,50.27,34.49,True,0.8288
242,12,1147.6,629.66,65.25,40.47,65.21,40.5,True,0.8213
242,13,1410.18,268.31,86.93,6.3,86.93,6.32,True,0.758
242,14,1479.9,527.72,88.98,31.63,88.97,31.65,True,0.7773
242,15,1161.4,350.17,67.48,14.77,67.47,14.76,True,0.7863
242,17,707.26,372.93,33.85,17.05,33.86,17.04,True,0.7934
242,18,808.15,237.46,40.76,2.98,40.73,2.99,True,0.6644
242,19,1583.13,380.31,98.38,17.78,98.39,17.77,True,0.8014
242,29,123.93,420.03,-8.25,21.64,-8.22,21.68,False,0.7376
242,36,1515.16,362.64,93.62,16.02,93.63,16.04,True,0.7947
242,38,777.04,958.63,41.21,65.57,41.1,65.52,True,0.7452
242,40,958.9,949.48,52.43,64.94,52.42,64.89,True,0.719
242,46,807.49,963.28,43.1,65.89,43.19,65.9,True,0.4689
242,51,1182.82,624.56,67.67,40.04,67.65,40.06,True,0.6908
243,1,1879.82,479.67,118.05,27.26,118.04,27.23,False,0.699
243,2,1511.78,681.85,89.41,44.79,89.42,44.75,True,0.8469
243,4,1724.54,406.62,108.3,20.35,108.3,20.36,False,0.8157
243,5,1508.29,571.77,90.44,35.52,90.44,35.52,True,0.8141
243,6,1854.96,421.72,117.49,21.8,117.53,21.79,False,0.7188
243,7,1672.66,343.4,105.63,14.09,105.63,14.08,False,0.7799
243,8,1904.26,435.31,120.77,23.1,120.78,23.07,False,0.7014
243,9,1856.59,492.98,116.12,28.48,116.14,28.48,False,0.7002
243,10,1092.42,494.08,61.89,28.58,61.86,28.6,True,0.812
243,11,926.77,560.17,50.19,34.51,50.22,34.53,True,0.829
243,12,1149.25,629.62,65.36,40.47,65.35,40.48,True,0.8171
243,13,1410.86,268.79,86.98,6.35,86.98,6.35,True,0.7408
243,14,1480.97,527.77,89.06,31.63,89.08,31.64,True,0.8015
243,15,1160.88,350.11,67.44,14.77,67.43,14.77,True,0.7819
243,17,708.08,372.9,33.91,17.04,33.9,17.05,True,0.7952
243,18,808.44,237.59,40.78,3.0,40.78,2.99,True,0.6935
243,19,1584.42,380.4,98.47,17.79,98.46,17.79,True,0.7754
243,29,124.0,420.63,-8.23,21.7,-8.23,21.7,False,0.7732
243,36,1516.05,362.91,93.68,16.05,93.66,16.05,True,0.793
243,38,776.79,957.6,41.19,65.5,41.22,65.51,True,0.7469
243,40,958.91,948.44,52.43,64.86,52.44,64.88,True,0.6626
243,46,806.48,962.58,43.04,65.84,43.07,65.86,True,0.491
243,51,1184.89,624.34,67.81,40.03,67.82,40.04,True,0.6513
244,1,1880.84,480.08,118.11,27.3,118.12,27.29,False,0.7189
244,2,1512.4,680.44,89.47,44.68,89.46,44.59,True,0.8493
244,4,1725.54,407.1,108.36,20.39,108.34,20.37,False,0.8147
244,5,1508.35,572.98,90.43,35.63,90.4,35.65,True,0.805
244,6,1856.08,422.58,117.56,21.89,117.56,21.84,False,0.733
244,7,1673.36,343.45,105.68,14.1,105.68,14.09,False,0.79
244,8,1904.26,434.33,120.79,23.01,120.81,23.02,False,0.6987
244,9,1857.78,493.13,116.2,28.5,116.2,28.5,False,0.7192
244,10,1092.45,493.95,61.9,28.57,61.86,28.59,True,0.8135
244,11,926.56,560.37,50.18,34.52,50.17,34.56,True,0.8223
244,12,1150.54,629.21,65.45,40.44,65.46,40.45,True,0.8215
244,13,1411.68,269.22,87.04,6.4,87.02,6.38,True,0.6998
244,14,1482.52,527.87,89.16,31.64,89.18,31.63,True,0.794
244,15,1160.22,350.27,67.39,14.78,67.39,14.79,True,0.7754
244,17,708.71,373.0,33.95,17.05,33.94,17.05,True,0.7961
244,18,808.74,237.64,40.81,3.0,40.83,3.0,True,0.7101
244,19,1585.14,380.47,98.52,17.79,98.52,17.78,True,0.78
244,29,123.9,420.87,-8.24,21.72,-8.23,21.72,False,0.775
244,36,1516.72,363.29,93.72,16.09,93.7,16.06,True,0.7983
244,38,777.7,957.07,41.25,65.46,41.36,65.52,True,0.7343
244,40,958.86,948.1,52.43,64.84,52.46,64.86,True,0.4972
244,46,805.67,962.56,42.99,65.84,42.94,65.84,True,0.4479
244,51,1187.34,624.31,67.98,40.02,67.97,40.04,True,0.6495
245,1,1881.74,480.68,118.16,27.35,118.21,27.34,False,0.7369
245,2,1512.4,677.27,89.5,44.42,89.51,44.39,True,0.8451
245,4,1725.92,407.17,108.39,20.4,108.38,20.38,False,0.8164
245,5,1507.91,575.05,90.38,35.81,90.36,35.78,True,0.8052
245,6,1856.98,423.29,117.61,21.95,117.6,21.9,False,0.7473
245,7,1673.82,343.83,105.7,14.14,105.72,14.1,False,0.7938
245,8,1904.72,433.42,120.84,22.92,120.83,22.99,False,0.7034
245,9,1858.98,493.3,116.28,28.51,116.27,28.52,False,0.724
245,10,1092.14,494.09,61.87,28.59,61.84,28.57,True,0.8093
245,11,925.98,560.95,50.14,34.58,50.13,34.67,True,0.8278
245,12,1152.23,629.41,65.57,40.45,65.57,40.45,True,0.8132
245,13,1412.1,269.54,87.07,6.43,87.06,6.4,True,0.6931
245,14,1484.37,527.69,89.3,31.63,89.28,31.63,True,0.7909
245,15,1159.43,350.56,67.33,14.81,67.34,14.81,True,0.7712
245,17,709.25,373.11,33.99,17.07,33.97,17.05,True,0.7888
245,18,809.56,237.59,40.87,3.0,40.87,2.99,True,0.7284
245,19,1586.01,380.6,98.59,17.81,98.58,17.78,True,0.7921
245,29,123.93,421.36,-8.22,21.77,-8.23,21.75,False,0.7803
245,36,1516.78,363.18,93.73,16.08,93.73,16.08,True,0.8042
245,38,781.66,957.7,41.49,65.51,41.45,65.53,True,0.7344
245,40,960.08,948.07,52.5,64.84,52.49,64.83,True,0.5091
245,46,803.7,962.58,42.87,65.84,42.88,65.83,True,0.3931
245,51,1189.44,624.57,68.12,40.05,68.13,40.06,True,0.6584
246,1,1883.64,480.89,118.29,27.37,118.32,27.35,False,0.7388
246,2,1512.64,673.81,89.56,44.13,89.56,44.18,True,0.8488
246,4,1725.98,407.09,108.4,20.39,108.41,20.37,False,0.8169
246,5,1507.25,576.61,90.31,35.94,90.32,35.9,True,0.7994
246,6,1857.61,422.98,117.66,21.93,117.64,21.92,False,0.7584
246,7,1674.93,343.49,105.79,14.1,105.76,14.09,False,0.7968
246,8,1905.08,433.52,120.87,22.93,120.85,22.97,False,0.699
246,9,1859.69,493.55,116.33,28.54,116.34,28.53,False,0.7472
246,10,1091.18,494.02,61.8,28.58,61.81,28.55,True,0.7911
246,11,925.31,562.29,50.09,34.69,50.11,34.81,True,0.8368
246,12,1153.78,629.2,65.67,40.44,65.69,40.44,True,0.8115
246,13,1412.5,269.5,87.1,6.43,87.09,6.4,True,0.6913
246,14,1485.9,527.65,89.4,31.62,89.37,31.65,True,0.7871
246,15,1158.84,350.84,67.29,14.84,67.29,14.83,True,0.7759
246,17,709.48,372.96,34.01,17.05,34.0,17.05,True,0.7845
246,18,810.27,237.59,40.92,3.0,40.9,2.99,True,0.7281
246,19,1586.74,379.96,98.65,17.74,98.63,17.78,True,0.8031
246,29,123.8,421.57,-8.23,21.79,-8.22,21.77,False,0.7745
246,36,1517.08,363.1,93.75,16.07,93.74,16.08,True,0.8071
246,38,784.21,958.78,41.65,65.58,41.52,65.53,True,0.7317
246,40,960.47,947.49,52.53,64.8,52.51,64.82,True,0.4714
246,46,800.94,962.02,42.69,65.81,42.87,65.82,True,0.3784
246,51,1191.68,624.88,68.27,40.07,68.29,40.08,True,0.6265
247,1,1885.76,481.51,118.43,27.43,118.44,27.35,False,0.7357
247,2,1513.0,671.05,89.61,43.91,89.6,43.98,True,0.8474
247,4,1726.43,406.84,108.43,20.37,108.43,20.35,False,0.8208
247,5,1506.52,577.2,90.26,35.99,90.28,35.99,True,0.7714
247,6,1857.65,422.81,117.67,21.91,117.68,21.94,False,0.7476
247,7,1675.16,343.06,105.82,14.06,105.79,14.09,False,0.8
247,8,1905.06,433.95,120.86,22.97,120.86,22.99,False,0.6787
247,9,1861.16,493.84,116.42,28.56,116.42,28.55,False,0.7229
247,10,1090.46,493.42,61.76,28.52,61.76,28.53,True,0.7996
247,11,924.91,566.48,50.07,35.06,50.08,34.95,True,0.8319
247,12,1155.84,629.2,65.81,40.44,65.83,40.42,True,0.8135
247,13,1412.62,269.24,87.11,6.4,87.1,6.4,True,0.6985
247,14,1486.82,527.64,89.47,31.62,89.46,31.68,True,0.7818
247,15,1158.37,351.09,67.25,14.87,67.23,14.84,True,0.778
247,17,709.55,372.85,34.01,17.04,34.02,17.04,True,0.7816
247,18,810.68,237.35,40.95,2.97,40.94,2.99,True,0.7164
247,19,1587.16,380.25,98.68,17.77,98.68,17.78,True,0.8002
247,29,123.84,421.36,-8.23,21.77,-8.21,21.79,False,0.7676
247,36,1517.31,363.3,93.77,16.09,93.75,16.07,True,0.8023
247,38,784.64,959.35,41.68,65.62,41.6,65.53,True,0.7177
247,40,960.72,947.68,52.54,64.81,52.55,64.82,True,0.45
247,46,802.75,962.33,42.81,65.83,42.89,65.8,True,0.3984
247,51,1194.72,625.71,68.47,40.14,68.48,40.09,True,0.5974
248,1,1887.8,480.07,118.61,27.3,118.58,27.34,False,0.7487
248,2,1513.32,669.02,89.66,43.74,89.65,43.83,True,0.8457
248,4,1726.47,406.25,108.45,20.31,108.46,20.32,False,0.8249
248,5,1506.24,578.49,90.22,36.11,90.24,36.06,True,0.7745
248,6,1858.41,422.96,117.72,21.92,117.71,21.92,False,0.7586
248,7,1675.28,342.87,105.83,14.04,105.82,14.08,False,0.8053
248,8,1905.53,434.51,120.88,23.03,120.87,23.02,False,0.6718
248,9,1861.74,493.84,116.47,28.56,116.48,28.55,False,0.7325
248,10,1089.72,493.26,61.7,28.51,61.73,28.48,True,0.7979
248,11,925.0,567.8,50.07,35.18,50.05,35.12,True,0.8363
248,12,1157.9,628.88,65.95,40.41,65.99,40.42,True,0.8076
248,13,1412.66,268.78,87.12,6.35,87.11,6.38,True,0.701
248,14,1488.12,528.95,89.54,31.74,89.52,31.71,True,0.7895
248,15,1157.45,351.01,67.18,14.86,67.18,14.84,True,0.7908
248,17,709.83,372.79,34.03,17.03,34.04,17.04,True,0.7853
248,18,810.93,237.48,40.97,2.99,40.97,2.98,True,0.6928
248,19,1587.64,380.28,98.71,17.77,98.72,17.76,True,0.8236
248,29,124.21,421.92,-8.19,21.82,-8.21,21.79,False,0.7832
248,36,1517.08,362.99,93.75,16.06,93.76,16.07,True,0.826
248,38,782.22,957.39,41.53,65.49,41.59,65.51,True,0.7343
248,46,805.48,961.39,42.97,65.76,42.95,65.78,True,0.4519
248,51,1196.41,625.68,68.59,40.14,68.67,40.09,True,0.5186
249,1,1889.56,480.04,118.73,27.29,118.69,27.33,False,0.7213
249,2,1513.74,668.41,89.69,43.69,89.68,43.73,True,0.846
249,4,1727.02,406.09,108.49,20.3,108.49,20.29,False,0.8206
249,5,1506.06,578.62,90.21,36.12,90.22,36.1,True,0.7844
249,6,1858.8,423.61,117.73,21.99,117.74,21.88,False,0.7641
249,7,1675.44,343.39,105.83,14.09,105.84,14.07,False,0.8064
249,8,1905.58,435.03,120.87,23.08,120.88,23.07,False,0.6511
249,9,1863.3,493.8,116.58,28.56,116.54,28.55,False,0.723
249,10,1089.32,492.58,61.68,28.45,61.71,28.42,True,0.7978
249,11,924.51,568.59,50.04,35.24,50.03,35.29,True,0.8424
249,12,1160.81,628.53,66.15,40.38,66.18,40.41,True,0.818
249,13,1412.73,268.95,87.12,6.37,87.12,6.37,True,0.7104
249,14,1488.84,529.41,89.59,31.78,89.59,31.73,True,0.7902
249,15,1156.59,350.75,67.12,14.83,67.13,14.84,True,0.7762
249,17,710.13,372.75,34.06,17.03,34.05,17.04,True,0.7838
249,18,811.14,237.46,40.99,2.98,40.98,2.99,True,0.6695
249,19,1588.4,380.45,98.76,17.79,98.76,17.77,True,0.8269
249,29,124.43,421.79,-8.18,21.81,-8.2,21.76,False,0.7782
249,36,1517.18,363.04,93.76,16.06,93.77,16.06,True,0.8208
249,38,783.96,957.2,41.63,65.47,41.53,65.48,True,0.7104
249,46,807.54,961.04,43.1,65.74,43.05,65.73,True,0.4218
249,51,1201.43,624.74,68.93,40.06,68.86,40.08,True,0.4891
250,1,1890.79,480.32,118.82,27.32,118.79,27.33,False,0.7382
250,2,1514.02,667.98,89.71,43.66,89.71,43.68,True,0.8472
250,4,1727.28,405.54,108.52,20.24,108.52,20.27,False,0.8173
250,5,1505.96,578.98,90.2,36.15,90.2,36.12,True,0.7792
250,6,1858.93,421.97,117.78,21.83,117.78,21.82,False,0.7572
250,7,1675.73,343.37,105.85,14.09,105.84,14.07,False,0.8025
250,8,1905.9,435.43,120.88,23.11,120.87,23.15,False,0.6504
250,9,1863.9,493.62,116.62,28.54,116.57,28.55,False,0.737
250,10,1089.42,491.35,61.69,28.33,61.69,28.35,True,0.8053
250,11,923.78,570.65,49.99,35.42,50.0,35.42,True,0.8398
250,12,1164.15,628.88,66.38,40.41,66.39,40.41,True,0.8139
250,13,1412.76,268.81,87.12,6.36,87.12,6.38,True,0.7207
250,14,1489.3,529.42,89.62,31.78,89.64,31.74,True,0.7889
250,15,1155.9,350.54,67.07,14.81,67.06,14.82,True,0.7859
250,17,710.4,372.8,34.08,17.03,34.07,17.04,True,0.7923
250,18,811.27,237.08,41.0,2.94,41.0,3.01,True,0.6465
250,19,1588.94,380.03,98.81,17.75,98.8,17.78,True,0.8309
250,29,124.27,421.23,-8.2,21.76,-8.2,21.73,False,0.7733
250,36,1517.34,363.02,93.77,16.06,93.78,16.06,True,0.8183
250,38,781.26,956.1,41.46,65.4,41.48,65.45,True,0.7476
250,40,961.1,947.8,52.57,64.82,52.58,64.82,True,0.4749
250,46,808.69,961.37,43.17,65.76,43.13,65.7,True,0.5121
250,51,1203.91,624.45,69.1,40.04,69.03,40.05,True,0.6583
251,1,1891.64,480.25,118.88,27.31,118.87,27.35,False,0.7327
251,2,1514.51,667.91,89.75,43.65,89.73,43.66,True,0.8456
251,4,1727.82,405.6,108.56,20.25,108.54,20.27,False,0.8167
251,5,1505.97,578.69,90.2,36.12,90.19,36.16,True,0.7684
251,6,1859.06,420.91,117.81,21.73,117.81,21.73,False,0.748
251,7,1675.78,343.18,105.86,14.07,105.85,14.07,False,0.7949
251,8,1906.18,435.87,120.89,23.16,120.86,23.22,False,0.6539
251,9,1863.83,493.56,116.62,28.54,116.59,28.55,False,0.7433
251,10,1089.53,490.69,61.7,28.27,61.67,28.28,True,0.7987
251,11,923.35,571.99,49.96,35.54,49.96,35.54,True,0.8475
251,12,1167.8,629.04,66.63,40.42,66.61,40.43,True,0.7815
251,13,1412.74,269.06,87.12,6.38,87.11,6.39,True,0.718
251,14,1490.52,528.82,89.71,31.73,89.7,31.72,True,0.7939
251,15,1155.13,350.6,67.01,14.82,67.01,14.81,True,0.7817
251,17,710.57,372.97,34.09,17.05,34.09,17.05,True,0.7884
251,18,811.32,238.17,41.01,3.06,41.0,3.02,True,0.6528
251,19,1589.44,380.32,98.84,17.78,98.83,17.77,True,0.827
251,29,124.32,420.14,-8.22,21.65,-8.21,21.69,False,0.769
251,36,1517.76,362.87,93.81,16.05,93.79,16.06,True,0.8156
251,38,779.42,956.37,41.35,65.41,41.45,65.44,True,0.7456
251,40,961.92,947.91,52.62,64.83,52.61,64.85,True,0.4713
251,46,809.62,958.13,43.22,65.54,43.16,65.7,True,0.4954
251,51,1205.44,624.22,69.21,40.02,69.19,40.03,True,0.652
252,1,1892.6,481.51,118.92,27.43,118.98,27.38,False,0.7015
252,2,1514.68,667.98,89.76,43.66,89.75,43.66,True,0.8468
252,4,1728.16,405.78,108.58,20.27,108.56,20.28,False,0.817
252,5,1505.69,578.67,90.18,36.12,90.17,36.24,True,0.7647
252,6,1859.2,419.8,117.84,21.62,117.86,21.61,False,0.7482
252,7,1675.42,343.03,105.84,14.05,105.87,14.06,False,0.7935
252,8,1905.98,437.98,120.83,23.36,120.87,23.24,False,0.647
252,9,1863.36,493.65,116.58,28.55,116.59,28.55,False,0.7615
252,10,1088.97,489.6,61.66,28.17,61.64,28.21,True,0.8004
252,11,922.7,573.79,49.92,35.7,49.93,35.67,True,0.8457
252,12,1171.06,629.36,66.85,40.45,66.83,40.46,True,0.7687
252,13,1412.68,269.56,87.11,6.44,87.12,6.39,True,0.7216
252,14,1491.09,528.27,89.76,31.68,89.75,31.68,True,0.7881
252,15,1154.14,350.42,66.94,14.8,66.96,14.8,True,0.7695
252,17,710.6,373.01,34.09,17.06,34.11,17.06,True,0.7894
252,18,811.32,238.5,41.01,3.1,41.01,3.04,True,0.6751
252,19,1589.68,380.48,98.86,17.79,98.87,17.77,True,0.8253
252,29,124.28,419.86,-8.23,21.63,-8.21,21.67,False,0.7703
252,36,1517.9,363.02,93.81,16.06,93.81,16.06,True,0.8151
252,38,780.29,957.01,41.41,65.46,41.44,65.45,True,0.7336
252,40,962.1,948.28,52.63,64.85,52.64,64.87,True,0.4544
252,46,809.25,960.56,43.2,65.7,43.11,65.72,True,0.4826
252,51,1207.03,624.16,69.32,40.01,69.33,40.02,True,0.6883
253,1,1894.0,481.34,119.02,27.41,119.1,27.4,False,0.7209
253,2,1514.56,668.06,89.75,43.66,89.77,43.64,True,0.8416
253,4,1728.09,406.13,108.57,20.3,108.58,20.3,False,0.8161
253,5,1505.65,580.85,90.15,36.31,90.15,36.34,True,0.7595
253,6,1859.36,418.19,117.89,21.47,117.91,21.52,False,0.7599
253,7,1675.95,342.85,105.88,14.04,105.89,14.06,False,0.7997
253,8,1906.12,438.09,120.84,23.37,120.88,23.25,False,0.6687
253,9,1862.82,493.71,116.55,28.55,116.6,28.54,False,0.7647
253,10,1088.12,489.41,61.6,28.16,61.59,28.14,True,0.8021
253,11,922.34,574.87,49.9,35.79,49.91,35.78,True,0.8279
253,12,1173.97,629.64,67.04,40.47,67.03,40.47,True,0.7719
253,13,1412.55,269.23,87.1,6.4,87.12,6.4,True,0.7339
253,14,1491.69,527.8,89.81,31.64,89.81,31.62,True,0.7784
253,15,1153.57,350.33,66.9,14.79,66.9,14.81,True,0.7577
253,17,711.06,373.26,34.13,17.08,34.13,17.06,True,0.7955
253,18,811.42,237.82,41.01,3.02,41.01,3.08,True,0.6921
253,19,1590.04,380.18,98.89,17.76,98.9,17.77,True,0.819
253,29,124.61,419.8,-8.21,21.62,-8.21,21.64,False,0.759
253,36,1517.89,362.97,93.81,16.06,93.82,16.07,True,0.8111
253,38,780.48,957.32,41.42,65.48,41.47,65.49,True,0.7153
253,40,962.92,949.25,52.68,64.92,52.67,64.88,True,0.4378
253,46,807.72,961.46,43.11,65.77,43.18,65.93,True,0.392
253,51,1208.4,624.14,69.41,40.01,69.46,40.01,True,0.6768
254,1,1897.02,481.3,119.24,27.41,119.23,27.42,False,0.6877
254,2,1514.88,667.93,89.77,43.65,89.77,43.61,True,0.8395
254,4,1728.25,406.48,108.57,20.33,108.59,20.33,False,0.8114
254,5,1505.63,583.25,90.12,36.52,90.13,36.46,True,0.7573
254,6,1860.29,417.51,117.97,21.4,117.96,21.44,False,0.7601
254,7,1676.36,343.05,105.91,14.06,105.91,14.07,False,0.7941
254,8,1906.51,436.58,120.9,23.22,120.89,23.22,False,0.6538
254,9,1863.66,493.74,116.6,28.55,116.62,28.53,False,0.7524
254,10,1087.4,488.97,61.55,28.12,61.53,28.07,True,0.7956
254,11,922.02,576.23,49.88,35.91,49.88,35.86,True,0.8258
254,12,1176.92,630.36,67.24,40.53,67.23,40.48,True,0.7766
254,13,1412.82,268.98,87.13,6.37,87.13,6.42,True,0.7318
254,14,1492.16,526.93,89.85,31.56,89.88,31.55,True,0.765
254,15,1153.18,350.39,66.87,14.8,66.86,14.81,True,0.7432
254,17,711.36,373.1,34.15,17.06,34.15,17.06,True,0.7991
254,18,811.38,238.5,41.01,3.1,41.01,3.09,True,0.7288
254,19,1590.61,380.19,98.93,17.76,98.93,17.76,True,0.8207
254,29,124.86,420.68,-8.17,21.7,-8.21,21.63,False,0.7543
254,36,1518.24,363.18,93.84,16.08,93.83,16.08,True,0.8099
254,38,782.63,957.93,41.55,65.52,41.58,65.53,True,0.6598
254,40,963.13,949.53,52.69,64.94,52.7,64.88,True,0.3534
254,51,1211.16,624.23,69.6,40.02,69.6,40.02,True,0.6515
255,1,1899.78,481.79,119.42,27.46,119.39,27.41,False,0.7112
255,2,1515.16,667.15,89.8,43.59,89.78,43.57,True,0.8376
255,4,1728.78,406.89,108.6,20.37,108.59,20.36,False,0.8145
255,5,1505.66,584.52,90.11,36.63,90.12,36.55,True,0.7659
255,6,1861.06,417.43,118.03,21.39,118.02,21.38,False,0.749
255,7,1677.02,343.49,105.95,14.1,105.94,14.08,False,0.8032
255,8,1906.46,435.47,120.92,23.12,120.94,23.11,False,0.6503
255,9,1864.0,493.16,116.64,28.5,116.65,28.52,False,0.7844
255,10,1085.97,487.5,61.45,27.98,61.46,28.01,True,0.7843
255,11,921.93,576.73,49.87,35.95,49.85,35.91,True,0.827
255,12,1179.32,629.58,67.41,40.47,67.41,40.48,True,0.7831
255,13,1413.13,269.29,87.15,6.41,87.14,6.44,True,0.6924
255,14,1493.27,526.02,89.94,31.48,89.94,31.49,True,0.7687
255,15,1152.11,350.68,66.79,14.83,66.83,14.81,True,0.722
255,17,711.76,372.99,34.18,17.05,34.18,17.06,True,0.7993
255,18,811.42,238.7,41.02,3.12,41.02,3.09,True,0.7209
255,19,1591.1,380.14,98.97,17.76,98.97,17.75,True,0.8239
255,29,124.47,419.55,-8.22,21.6,-8.22,21.61,False,0.7291
255,36,1518.44,363.19,93.85,16.08,93.83,16.08,True,0.8177
255,38,783.7,958.47,41.62,65.56,41.69,65.57,True,0.6044
255,40,963.68,948.64,52.73,64.88,52.73,64.87,True,0.3674
255,51,1213.54,624.18,69.76,40.01,69.74,40.04,True,0.6219
256,1,1901.62,481.25,119.57,27.41,119.54,27.39,False,0.7093
256,2,1514.88,666.18,89.79,43.51,89.78,43.49,True,0.8385
256,4,1729.05,407.05,108.62,20.39,108.6,20.36,False,0.8137
256,5,1505.83,585.31,90.11,36.7,90.12,36.59,True,0.7717
256,6,1861.69,416.92,118.09,21.34,118.08,21.35,False,0.7517
256,7,1677.58,343.51,105.99,14.1,105.97,14.1,False,0.8035
256,8,1907.0,434.67,120.98,23.04,120.97,23.01,False,0.6581
256,9,1865.02,493.16,116.71,28.5,116.69,28.52,False,0.7689
256,10,1084.77,486.87,61.37,27.92,61.39,27.94,True,0.7761
256,11,921.66,576.76,49.85,35.96,49.81,35.96,True,0.8302
256,12,1182.0,629.49,67.59,40.46,67.58,40.47,True,0.772
256,13,1413.36,270.1,87.15,6.49,87.14,6.47,True,0.6522
256,14,1494.18,525.1,90.02,31.4,89.99,31.44,True,0.7788
256,15,1152.03,350.63,66.78,14.82,66.79,14.84,True,0.7217
256,17,712.14,372.99,34.21,17.05,34.19,17.05,True,0.8024
256,18,811.48,238.51,41.02,3.1,41.02,3.1,True,0.7332
256,19,1591.74,379.96,99.02,17.74,99.0,17.74,True,0.8196
256,29,124.44,419.42,-8.23,21.58,-8.23,21.6,False,0.7479
256,36,1518.51,363.41,93.85,16.1,93.83,16.09,True,0.8155
256,38,788.17,959.83,41.9,65.65,41.78,65.6,True,0.6373
256,40,964.28,947.9,52.76,64.83,52.75,64.84,True,0.5817
256,51,1215.75,624.75,69.91,40.06,69.89,40.06,True,0.645
257,1,1903.14,480.5,119.69,27.34,119.66,27.38,False,0.7512
257,2,1514.38,665.12,89.77,43.42,89.8,43.37,True,0.8351
257,4,1728.79,407.08,108.6,20.39,108.6,20.36,False,0.8059
257,5,1505.95,584.07,90.13,36.59,90.13,36.56,True,0.7604
257,6,1862.35,416.69,118.14,21.32,118.13,21.33,False,0.736
257,7,1677.56,343.42,105.99,14.09,105.98,14.11,False,0.7996
257,8,1907.1,432.38,121.04,22.82,121.0,22.94,False,0.6487
257,9,1865.64,493.35,116.75,28.52,116.75,28.52,False,0.781
257,10,1084.12,486.24,61.33,27.87,61.32,27.88,True,0.7856
257,11,920.4,576.77,49.76,35.96,49.77,36.01,True,0.8328
257,12,1184.78,629.54,67.78,40.46,67.75,40.43,True,0.7918
257,13,1413.29,270.43,87.15,6.53,87.14,6.52,True,0.6635
257,14,1494.76,524.9,90.06,31.38,90.04,31.38,True,0.778
257,15,1152.2,350.71,66.79,14.83,66.74,14.86,True,0.7238
257,17,712.19,372.94,34.21,17.05,34.2,17.05,True,0.7983
257,18,811.44,238.52,41.02,3.1,41.02,3.1,True,0.7438
257,19,1592.04,379.85,99.04,17.73,99.03,17.73,True,0.8168
257,29,124.17,419.24,-8.25,21.57,-8.26,21.56,False,0.7488
257,36,1518.04,363.36,93.82,16.1,93.82,16.09,True,0.8136
257,38,789.0,959.94,41.95,65.66,41.81,65.6,True,0.6301
257,40,964.5,947.08,52.78,64.77,52.77,64.8,True,0.7015
257,51,1217.76,625.27,70.04,40.1,70.01,40.08,True,0.6049
258,1,1904.48,480.42,119.79,27.33,119.75,27.36,False,0.781
258,2,1514.31,663.69,89.78,43.3,89.81,43.22,True,0.8348
258,4,1728.65,406.46,108.6,20.33,108.59,20.34,False,0.8031
258,5,1505.7,582.99,90.13,36.5,90.14,36.5,True,0.7508
258,6,1862.9,416.52,118.18,21.3,118.16,21.32,False,0.7368
258,7,1677.66,343.84,105.99,14.14,105.99,14.11,False,0.8027
258,8,1906.95,432.82,121.02,22.87,121.02,22.86,False,0.6594
258,9,1865.79,493.44,116.76,28.53,116.8,28.52,False,0.7922
258,10,1083.36,485.9,61.27,27.83,61.25,27.84,True,0.7896
258,11,919.56,577.54,49.71,36.02,49.73,36.1,True,0.827
258,12,1186.6,628.9,67.9,40.41,67.89,40.41,True,0.798
258,13,1413.34,270.84,87.14,6.57,87.14,6.55,True,0.669
258,14,1494.85,524.66,90.07,31.36,90.07,31.31,True,0.782
258,15,1151.03,351.45,66.7,14.9,66.7,14.88,True,0.7488
258,17,712.18,372.87,34.21,17.04,34.2,17.05,True,0.801
258,18,811.52,238.52,41.02,3.1,41.02,3.1,True,0.7375
258,19,1592.12,379.68,99.05,17.71,99.04,17.71,True,0.8164
258,29,123.98,418.92,-8.27,21.54,-8.29,21.54,False,0.7484
258,36,1517.68,363.53,93.79,16.11,93.79,16.09,True,0.8102
258,38,787.71,959.2,41.87,65.61,41.78,65.58,True,0.6908
258,40,964.45,946.97,52.78,64.76,52.77,64.78,True,0.695
258,46,803.64,962.03,42.86,65.81,43.2,66.1,True,0.4073
258,51,1219.33,625.55,70.15,40.13,70.15,40.09,True,0.5821
259,1,1905.15,480.85,119.83,27.37,119.82,27.33,False,0.7836
259,2,1514.56,660.44,89.84,43.04,89.82,43.06,True,0.8128
259,4,1728.24,406.17,108.58,20.3,108.57,20.33,False,0.7942
259,5,1506.05,581.42,90.17,36.36,90.14,36.47,True,0.7413
259,6,1863.05,416.62,118.19,21.31,118.2,21.32,False,0.7383
259,7,1677.62,343.73,105.99,14.13,105.99,14.12,False,0.7965
259,8,1906.9,432.45,121.02,22.83,121.04,22.8,False,0.6685
259,9,1867.28,493.48,116.87,28.53,116.87,28.52,False,0.7865
259,10,1081.95,485.56,61.17,27.8,61.17,27.8,True,0.7996
259,11,919.22,579.07,49.68,36.16,49.69,36.24,True,0.822
259,12,1188.89,628.31,68.06,40.36,68.04,40.39,True,0.8053
259,13,1413.16,270.96,87.13,6.59,87.13,6.59,True,0.6833
259,14,1494.96,523.73,90.09,31.27,90.11,31.23,True,0.7761
259,15,1150.29,351.7,66.65,14.93,66.66,14.9,True,0.7531
259,17,712.02,372.93,34.2,17.05,34.2,17.05,True,0.8003
259,18,811.54,238.47,41.03,3.09,41.02,3.08,True,0.7336
259,19,1592.12,379.48,99.05,17.69,99.06,17.7,True,0.8175
259,29,123.33,418.59,-8.32,21.5,-8.32,21.52,False,0.7438
259,36,1517.27,363.07,93.77,16.07,93.77,16.1,True,0.8095
259,38,785.28,958.23,41.72,65.54,41.67,65.54,True,0.6313
259,40,964.46,947.09,52.78,64.77,52.78,64.77,True,0.6527
259,51,1220.23,625.21,70.21,40.1,70.3,40.09,True,0.4472
260,1,1905.62,480.48,119.87,27.33,119.88,27.33,False,0.7822
260,2,1514.26,657.73,89.85,42.81,89.83,42.92,True,0.8197
260,4,1727.8,406.06,108.55,20.29,108.55,20.32,False,0.8021
260,5,1505.69,581.2,90.15,36.34,90.13,36.54,True,0.7504
260,6,1863.43,416.65,118.22,21.32,118.23,21.33,False,0.7277
260,7,1677.74,343.61,106.0,14.11,106.0,14.13,False,0.7937
260,8,1907.01,431.65,121.05,22.75,121.05,22.78,False,0.6496
260,9,1868.16,493.23,116.93,28.51,116.94,28.53,False,0.7797
260,10,1080.79,485.09,61.09,27.76,61.08,27.76,True,0.8052
260,11,918.7,581.93,49.65,36.4,49.67,36.43,True,0.8261
260,12,1190.03,628.59,68.14,40.38,68.18,40.35,True,0.8092
260,13,1413.06,271.03,87.12,6.59,87.13,6.64,True,0.6951
260,14,1495.34,522.23,90.13,31.14,90.15,31.17,True,0.7874
260,15,1149.6,351.61,66.59,14.92,66.6,14.93,True,0.7622
260,17,711.9,372.96,34.19,17.05,34.21,17.05,True,0.8002
260,18,811.53,238.41,41.02,3.09,41.02,3.07,True,0.7295
260,19,1592.18,379.44,99.06,17.69,99.07,17.7,True,0.8198
260,29,122.72,418.53,-8.37,21.5,-8.35,21.5,False,0.7483
260,36,1516.89,363.03,93.74,16.06,93.75,16.11,True,0.8097
260,38,781.5,956.91,41.48,65.45,41.53,65.49,True,0.6521
260,40,964.37,946.76,52.77,64.75,52.78,64.77,True,0.6477
260,51,1223.24,624.9,70.42,40.07,70.44,40.08,True,0.4703
261,1,1906.47,480.13,119.94,27.3,119.91,27.35,False,0.7642
261,2,1514.34,656.67,89.86,42.73,89.84,42.8,True,0.8213
261,4,1727.72,406.32,108.54,20.32,108.52,20.33,False,0.8034
261,5,1505.9,583.46,90.14,36.54,90.12,36.64,True,0.7374
261,6,1864.07,416.99,118.26,21.35,118.27,21.34,False,0.7157
261,7,1677.81,343.72,106.0,14.12,106.0,14.13,False,0.7897
261,8,1907.3,431.57,121.07,22.75,121.07,22.77,False,0.6358
261,9,1869.68,493.51,117.04,28.53,117.01,28.53,False,0.777
261,10,1079.09,484.76,60.97,27.73,60.98,27.73,True,0.8119
261,11,918.88,585.03,49.67,36.67,49.66,36.63,True,0.8304
261,12,1192.37,627.93,68.3,40.33,68.34,40.28,True,0.7963
261,13,1413.16,271.99,87.12,6.69,87.12,6.67,True,0.6798
261,14,1496.32,520.8,90.22,31.01,90.2,31.09,True,0.7814
261,15,1149.25,351.77,66.57,14.94,66.55,14.97,True,0.761
261,17,712.03,372.89,34.2,17.04,34.21,17.05,True,0.7975
261,18,811.47,237.94,41.02,3.04,41.02,3.05,True,0.7129
261,19,1592.6,379.5,99.09,17.7,99.08,17.71,True,0.8189
261,29,122.56,418.45,-8.38,21.49,-8.37,21.5,False,0.7435
261,36,1516.98,363.96,93.73,16.16,93.72,16.12,True,0.8018
261,38,778.98,956.57,41.32,65.43,41.41,65.46,True,0.664
261,40,964.56,947.28,52.78,64.78,52.78,64.77,True,0.6448
261,51,1226.8,624.56,70.66,40.04,70.58,40.07,True,0.607
262,1,1906.96,480.21,119.97,27.31,119.94,27.35,False,0.7541
262,2,1514.01,656.62,89.84,42.72,89.83,42.73,True,0.8184
262,4,1727.16,406.8,108.49,20.37,108.49,20.35,False,0.8167
262,5,1505.8,588.34,90.07,36.96,90.09,36.79,True,0.732
262,6,1864.99,417.15,118.32,21.37,118.31,21.35,False,0.714
262,7,1677.88,343.87,106.01,14.14,106.0,14.13,False,0.7853
262,8,1907.48,430.96,121.1,22.69,121.07,22.81,False,0.6268
262,9,1870.54,493.8,117.09,28.56,117.07,28.53,False,0.7796
262,10,1077.93,484.47,60.89,27.7,60.9,27.7,True,0.817
262,11,918.71,587.6,49.66,36.89,49.64,36.85,True,0.8181
262,12,1195.15,627.07,68.49,40.26,68.5,40.2,True,0.7821
262,13,1413.21,272.38,87.12,6.74,87.11,6.69,True,0.6785
262,14,1497.1,521.48,90.26,31.07,90.25,31.02,True,0.7807
262,15,1148.51,352.21,66.51,14.98,66.48,14.99,True,0.7839
262,17,712.55,373.01,34.24,17.06,34.22,17.05,True,0.7992
262,18,811.47,237.91,41.02,3.03,41.02,3.02,True,0.6548
262,19,1592.8,379.77,99.1,17.72,99.09,17.72,True,0.8203
262,29,122.41,418.43,-8.39,21.49,-8.39,21.51,False,0.7419
262,36,1516.58,363.85,93.71,16.14,93.68,16.13,True,0.799
262,38,778.32,956.23,41.28,65.41,41.32,65.45,True,0.6805
262,40,964.68,947.08,52.79,64.77,52.79,64.78,True,0.6583
262,51,1228.4,624.85,70.77,40.07,70.71,40.07,True,0.6969
263,1,1907.05,481.38,119.95,27.42,119.98,27.36,False,0.728
263,2,1513.46,656.57,89.81,42.72,89.8,42.69,True,0.8134
263,4,1726.66,406.92,108.45,20.38,108.47,20.38,False,0.8181
263,5,1505.86,589.12,90.07,37.02,90.06,36.97,True,0.7313
263,6,1865.46,416.98,118.36,21.35,118.35,21.35,False,0.7229
263,7,1677.76,343.84,106.0,14.14,106.0,14.14,False,0.7827
263,8,1907.82,432.38,121.09,22.82,121.07,22.9,False,0.6374
263,9,1871.2,493.54,117.14,28.54,117.11,28.54,False,0.7796
263,10,1076.59,484.13,60.8,27.67,60.81,27.68,True,0.8171
263,11,918.3,589.36,49.63,37.05,49.62,37.04,True,0.8229
263,12,1198.18,624.86,68.71,40.07,68.67,40.1,True,0.768
263,13,1412.88,272.31,87.09,6.73,87.1,6.68,True,0.7019
263,14,1497.41,520.46,90.3,30.98,90.3,30.95,True,0.7831
263,15,1147.34,352.97,66.42,15.06,66.43,15.03,True,0.7913
263,17,712.46,372.94,34.23,17.05,34.23,17.05,True,0.8012
263,18,811.41,237.52,41.01,2.99,41.01,3.0,True,0.6651
263,19,1592.75,380.02,99.09,17.75,99.09,17.73,True,0.8184
263,29,122.26,418.88,-8.39,21.53,-8.4,21.51,False,0.7377
263,36,1515.7,363.93,93.64,16.15,93.65,16.14,True,0.7883
263,38,778.14,957.17,41.27,65.47,41.27,65.45,True,0.6826
263,40,964.86,947.24,52.8,64.78,52.79,64.81,True,0.6544
263,51,1229.24,624.96,70.83,40.08,70.81,40.07,True,0.7158
264,1,1907.4,481.21,119.98,27.4,120.03,27.38,False,0.7101
264,2,1513.0,656.05,89.78,42.67,89.76,42.67,True,0.8112
264,4,1726.55,407.15,108.44,20.4,108.44,20.39,False,0.8186
264,5,1505.55,590.03,90.04,37.1,90.02,37.16,True,0.7238
264,6,1865.72,416.84,118.38,21.34,118.38,21.35,False,0.7337
264,7,1677.83,343.74,106.0,14.13,106.01,14.15,False,0.7878
264,8,1907.94,434.81,121.05,23.05,121.07,22.99,False,0.6525
264,9,1871.36,493.46,117.16,28.53,117.15,28.55,False,0.7812
264,10,1075.71,483.9,60.73,27.65,60.76,27.67,True,0.8106
264,11,917.74,591.46,49.59,37.23,49.6,37.19,True,0.8286
264,12,1200.51,623.74,68.88,39.98,68.84,40.01,True,0.7768
264,13,1412.76,272.15,87.08,6.71,87.09,6.64,True,0.7127
264,14,1497.8,519.4,90.34,30.88,90.35,30.88,True,0.7947
264,15,1146.06,353.03,66.32,15.06,66.38,15.06,True,0.7903
264,17,712.42,372.94,34.23,17.05,34.24,17.06,True,0.8002
264,18,811.36,237.26,41.01,2.96,41.02,3.0,True,0.6706
264,19,1592.74,380.09,99.09,17.76,99.1,17.74,True,0.8187
264,29,122.02,419.09,-8.41,21.55,-8.41,21.51,False,0.7379
264,36,1514.87,363.95,93.58,16.15,93.62,16.13,True,0.7885
264,38,777.93,957.23,41.26,65.47,41.25,65.44,True,0.6792
264,40,964.66,947.5,52.79,64.8,52.79,64.84,True,0.664
264,51,1229.76,624.97,70.86,40.08,70.9,40.07,True,0.7221
265,1,1908.62,480.86,120.07,27.37,120.08,27.39,False,0.6812
265,2,1511.71,655.51,89.7,42.63,89.71,42.64,True,0.822
265,4,1726.37,407.47,108.42,20.43,108.43,20.39,False,0.8199
265,5,1505.09,591.55,89.99,37.23,89.99,37.28,True,0.7207
265,6,1866.16,416.89,118.41,21.34,118.42,21.35,False,0.7534
265,7,1677.96,344.16,106.01,14.17,106.02,14.14,False,0.7919
265,8,1908.36,436.24,121.04,23.19,121.09,23.08,False,0.6684
265,9,1871.22,493.6,117.14,28.54,117.18,28.55,False,0.7869
265,10,1074.94,483.95,60.68,27.65,60.72,27.66,True,0.7985
265,11,917.36,592.82,49.57,37.34,49.59,37.31,True,0.8382
265,12,1202.06,622.65,68.99,39.88,69.04,39.96,True,0.7937
265,13,1412.58,270.58,87.09,6.54,87.09,6.57,True,0.7185
265,14,1498.5,518.84,90.39,30.83,90.4,30.78,True,0.8031
265,15,1145.87,353.27,66.31,15.09,66.33,15.09,True,0.7967
265,17,712.68,373.1,34.25,17.06,34.24,17.06,True,0.8063
265,18,811.4,237.57,41.01,3.0,41.02,3.01,True,0.6977
265,19,1592.66,379.94,99.09,17.74,99.1,17.74,True,0.8213
265,29,121.92,418.58,-8.43,21.5,-8.42,21.5,False,0.7598
265,36,1514.84,363.57,93.58,16.12,93.58,16.12,True,0.7905
265,38,777.36,956.95,41.22,65.45,41.24,65.43,True,0.6566
265,40,964.41,949.21,52.77,64.92,52.79,64.88,True,0.6031
265,51,1231.1,624.75,70.95,40.06,70.94,40.07,True,0.7124
266,1,1909.89,480.93,120.16,27.38,120.14,27.38,False,0.6779
266,2,1511.03,655.26,89.66,42.61,89.66,42.59,True,0.8213
266,4,1726.25,407.03,108.42,20.39,108.42,20.39,False,0.8229
266,5,1504.66,594.37,89.93,37.48,89.94,37.44,True,0.7205
266,6,1866.72,417.05,118.45,21.36,118.45,21.36,False,0.7535
266,7,1678.4,344.0,106.04,14.15,106.02,14.14,False,0.7854
266,8,1909.14,436.47,121.09,23.21,121.12,23.1,False,0.659
266,9,1872.0,493.77,117.2,28.56,117.2,28.56,False,0.7864
266,10,1074.93,484.24,60.68,27.68,60.69,27.65,True,0.7787
266,11,917.42,594.1,49.57,37.45,49.57,37.4,True,0.8319
266,12,1204.22,622.42,69.14,39.86,69.23,39.96,True,0.7961
266,13,1412.54,269.94,87.09,6.48,87.09,6.49,True,0.7093
266,14,1499.19,516.8,90.47,30.65,90.45,30.7,True,0.8074
266,15,1145.97,353.52,66.32,15.11,66.29,15.12,True,0.7922
266,17,712.72,373.22,34.25,17.08,34.25,17.07,True,0.7996
266,18,811.69,237.9,41.04,3.03,41.03,3.02,True,0.6364
266,19,1592.99,379.76,99.11,17.72,99.11,17.74,True,0.8198
266,29,121.94,418.19,-8.43,21.47,-8.44,21.49,False,0.7729
266,36,1514.66,363.37,93.57,16.1,93.55,16.1,True,0.7871
266,38,777.36,956.03,41.22,65.39,41.23,65.41,True,0.6579
266,40,964.72,949.71,52.79,64.95,52.79,64.9,True,0.6914
266,51,1233.35,624.85,71.11,40.07,70.97,40.07,True,0.7172
267,1,1910.75,480.92,120.22,27.38,120.2,27.38,False,0.6525
267,2,1510.22,654.89,89.61,42.58,89.61,42.53,True,0.8262
267,4,1726.09,406.89,108.41,20.37,108.4,20.38,False,0.8263
267,5,1504.56,595.53,89.9,37.58,89.9,37.62,True,0.7263
267,6,1867.36,417.26,118.49,21.38,118.47,21.36,False,0.7511
267,7,1678.51,343.82,106.05,14.13,106.03,14.14,False,0.7778
267,8,1909.93,435.57,121.17,23.13,121.17,23.03,False,0.6481
267,9,1872.61,493.91,117.24,28.57,117.21,28.56,False,0.7844
267,10,1075.3,483.8,60.71,27.64,60.67,27.64,True,0.7655
267,11,917.36,594.69,49.57,37.5,49.55,37.46,True,0.8307
267,12,1209.16,623.9,69.46,39.99,69.41,39.98,True,0.8206
267,13,1412.44,269.24,87.09,6.4,87.09,6.39,True,0.7026
267,14,1499.5,515.97,90.5,30.57,90.49,30.65,True,0.7998
267,15,1145.78,353.9,66.3,15.15,66.25,15.13,True,0.7837
267,17,712.76,373.26,34.25,17.08,34.25,17.07,True,0.7981
267,18,811.88,238.29,41.05,3.08,41.04,3.04,True,0.6067
267,19,1593.18,379.82,99.13,17.73,99.11,17.73,True,0.8199
267,29,121.77,418.05,-8.45,21.45,-8.46,21.49,False,0.7681
267,36,1514.38,363.2,93.55,16.08,93.52,16.08,True,0.787
267,38,777.51,955.76,41.23,65.37,41.22,65.4,True,0.6952
267,40,964.78,949.81,52.8,64.96,52.79,64.92,True,0.6943
268,1,1911.29,480.93,120.26,27.38,120.26,27.37,False,0.6455
268,2,1509.34,653.74,89.56,42.48,89.56,42.46,True,0.8267
268,4,1725.78,406.76,108.39,20.36,108.39,20.37,False,0.8353
268,5,1504.34,598.32,89.86,37.82,89.85,37.78,True,0.7326
268,6,1867.46,417.15,118.5,21.37,118.49,21.37,False,0.7513
268,7,1678.05,343.62,106.02,14.11,106.03,14.13,False,0.7966
268,8,1910.26,433.24,121.25,22.91,121.24,22.89,False,0.6553
268,9,1872.72,494.03,117.24,28.58,117.23,28.57,False,0.7841
268,10,1074.78,483.77,60.67,27.64,60.64,27.63,True,0.7579
268,11,916.82,594.61,49.53,37.5,49.54,37.5,True,0.8365
268,12,1212.17,624.95,69.66,40.08,69.58,40.02,True,0.8366
268,13,1412.08,268.26,87.08,6.3,87.08,6.32,True,0.7109
268,14,1500.09,515.88,90.54,30.57,90.53,30.64,True,0.8108
268,15,1144.68,354.1,66.22,15.17,66.19,15.14,True,0.7869
268,17,712.68,373.01,34.25,17.06,34.25,17.07,True,0.7995
268,18,811.74,237.9,41.04,3.03,41.04,3.05,True,0.6604
268,19,1592.92,379.85,99.11,17.73,99.11,17.73,True,0.8261
268,29,121.22,418.36,-8.48,21.48,-8.48,21.5,False,0.7746
268,36,1513.52,362.97,93.49,16.06,93.48,16.06,True,0.7844
268,38,777.23,955.82,41.21,65.38,41.22,65.4,True,0.7067
268,40,964.82,948.87,52.8,64.89,52.8,64.91,True,0.7115
269,1,1911.76,480.87,120.3,27.37,120.31,27.36,False,0.6363
269,2,1508.42,652.35,89.51,42.37,89.5,42.37,True,0.8293
269,4,1725.67,406.74,108.38,20.36,108.37,20.36,False,0.8306
269,5,1504.12,600.3,89.82,37.98,89.8,37.93,True,0.7354
269,6,1867.51,417.21,118.5,21.37,118.49,21.38,False,0.7554
269,7,1678.05,343.75,106.02,14.13,106.02,14.13,False,0.7937
269,8,1910.62,431.29,121.32,22.72,121.31,22.73,False,0.6613
269,9,1872.67,493.93,117.24,28.57,117.24,28.56,False,0.7865
269,10,1073.66,483.49,60.59,27.61,60.6,27.61,True,0.7627
269,11,916.79,594.67,49.53,37.5,49.53,37.57,True,0.8396
269,12,1213.92,625.09,69.78,40.09,69.74,40.07,True,0.8315
269,13,1411.94,267.46,87.08,6.21,87.07,6.27,True,0.7045
269,14,1500.68,516.73,90.57,30.64,90.56,30.66,True,0.8105
269,15,1143.28,353.68,66.12,15.13,66.1,15.14,True,0.7925
269,17,712.66,372.96,34.24,17.05,34.24,17.07,True,0.8048
269,18,811.68,238.2,41.04,3.07,41.04,3.06,True,0.687
269,19,1592.8,379.87,99.1,17.73,99.1,17.74,True,0.8261
269,29,120.82,418.86,-8.5,21.53,-8.51,21.52,False,0.7736
269,36,1512.43,362.74,93.41,16.03,93.43,16.05,True,0.7903
269,38,777.32,956.5,41.22,65.42,41.22,65.41,True,0.7017
269,40,964.91,948.67,52.8,64.88,52.8,64.89,True,0.6738
270,1,1912.68,480.68,120.37,27.35,120.35,27.36,False,0.6356
270,2,1507.04,651.02,89.44,42.26,89.46,42.25,True,0.8206
270,4,1725.41,406.73,108.36,20.36,108.35,20.36,False,0.8318
270,5,1503.34,600.98,89.76,38.04,89.76,38.06,True,0.7301
270,6,1867.43,417.32,118.49,21.38,118.49,21.38,False,0.7549
270,7,1678.01,343.77,106.02,14.13,106.01,14.13,False,0.794
270,8,1910.95,429.01,121.39,22.5,121.37,22.55,False,0.6705
270,9,1872.54,493.77,117.23,28.56,117.24,28.54,False,0.7872
270,10,1073.0,483.28,60.54,27.59,60.56,27.6,True,0.7634
270,11,916.53,595.39,49.51,37.56,49.52,37.69,True,0.8385
270,12,1215.36,625.18,69.88,40.1,69.85,40.09,True,0.8371
270,13,1411.8,267.56,87.07,6.22,87.06,6.23,True,0.7123
270,14,1501.07,517.89,90.59,30.75,90.6,30.66,True,0.8001
270,15,1141.82,353.72,66.01,15.13,65.98,15.14,True,0.7876
270,17,712.57,373.16,34.24,17.07,34.23,17.06,True,0.8102
270,18,811.74,237.99,41.04,3.04,41.04,3.07,True,0.6838
270,19,1592.72,380.06,99.09,17.75,99.08,17.74,True,0.829
270,29,120.17,419.14,-8.54,21.56,-8.55,21.55,False,0.7701
270,36,1511.84,362.69,93.37,16.03,93.37,16.04,True,0.8003
270,38,777.29,956.72,41.22,65.44,41.21,65.43,True,0.7216
270,40,964.88,948.44,52.8,64.86,52.8,64.86,True,0.6727
270,46,813.71,976.96,43.52,66.83,43.23,66.23,True,0.3552
271,1,1913.12,480.51,120.4,27.34,120.38,27.35,False,0.6249
271,2,1506.01,649.82,89.38,42.16,89.42,42.13,True,0.8258
271,4,1724.92,406.63,108.33,20.35,108.34,20.36,False,0.832
271,5,1502.45,603.06,89.67,38.22,89.71,38.14,True,0.7472
271,6,1867.35,417.42,118.49,21.39,118.49,21.39,False,0.7522
271,7,1677.68,343.87,105.99,14.14,106.01,14.13,False,0.8003
271,8,1911.1,427.87,121.43,22.39,121.42,22.42,False,0.6728
271,9,1872.47,493.39,117.24,28.52,117.25,28.52,False,0.7885
271,10,1072.42,483.09,60.5,27.58,60.52,27.57,True,0.7853
271,11,916.36,597.93,49.5,37.78,49.51,37.87,True,0.836
271,12,1216.3,625.13,69.94,40.09,69.93,40.1,True,0.8331
271,13,1411.52,267.42,87.05,6.21,87.04,6.24,True,0.7074
271,14,1501.6,517.9,90.62,30.75,90.64,30.67,True,0.8091
271,15,1139.7,353.72,65.85,15.13,65.85,15.12,True,0.7775
271,17,712.14,373.11,34.21,17.07,34.22,17.07,True,0.8091
271,18,811.6,238.47,41.03,3.09,41.04,3.08,True,0.7123
271,19,1592.34,380.17,99.06,17.76,99.07,17.75,True,0.8306
271,29,119.59,419.39,-8.58,21.58,-8.58,21.57,False,0.7654
271,36,1511.24,362.81,93.32,16.04,93.32,16.03,True,0.8123
271,38,776.9,956.91,41.2,65.45,41.21,65.44,True,0.7363
271,40,964.88,948.22,52.8,64.85,52.79,64.84,True,0.7179
272,1,1913.38,480.51,120.42,27.34,120.41,27.35,False,0.6407
272,2,1505.76,647.66,89.39,41.98,89.38,42.0,True,0.8274
272,4,1724.76,406.69,108.31,20.36,108.33,20.35,False,0.8337
272,5,1502.54,603.44,89.67,38.25,89.67,38.18,True,0.7466
272,6,1867.49,417.54,118.49,21.4,118.49,21.4,False,0.7448
272,7,1677.76,343.77,106.0,14.13,106.01,14.13,False,0.8027
272,8,1911.14,426.24,121.47,22.24,121.45,22.33,False,0.6843
272,9,1872.7,492.82,117.26,28.47,117.26,28.51,False,0.7855
272,10,1072.41,482.9,60.5,27.56,60.49,27.53,True,0.8095
272,11,916.46,601.53,49.51,38.09,49.51,38.08,True,0.8468
272,12,1217.21,625.22,70.01,40.1,69.97,40.09,True,0.8307
272,13,1410.97,267.54,87.0,6.22,87.02,6.27,True,0.7076
272,14,1502.19,516.35,90.68,30.61,90.68,30.66,True,0.8092
272,15,1137.7,353.99,65.7,15.16,65.71,15.1,True,0.7836
272,17,712.2,373.14,34.21,17.07,34.22,17.07,True,0.8084
272,18,811.66,238.56,41.04,3.1,41.03,3.09,True,0.7149
272,19,1592.26,380.08,99.05,17.75,99.06,17.76,True,0.8321
272,29,118.7,419.5,-8.64,21.59,-8.62,21.58,False,0.7716
272,36,1510.6,362.9,93.28,16.05,93.27,16.02,True,0.806
272,38,776.99,956.88,41.2,65.45,41.21,65.44,True,0.7256
272,40,964.76,947.73,52.79,64.81,52.79,64.82,True,0.6938
273,1,1913.36,480.54,120.42,27.34,120.42,27.35,False,0.626
273,2,1505.26,646.24,89.37,41.86,89.36,41.88,True,0.8281
273,4,1724.86,406.75,108.32,20.36,108.32,20.33,False,0.8335
273,5,1502.03,602.89,89.65,38.21,89.64,38.22,True,0.7423
273,6,1867.57,417.62,118.5,21.41,118.5,21.4,False,0.7408
273,7,1677.94,343.8,106.01,14.13,106.01,14.13,False,0.7998
273,8,1911.3,426.39,121.48,22.25,121.47,22.3,False,0.6973
273,9,1872.97,492.78,117.28,28.47,117.27,28.5,False,0.7868
273,10,1072.06,482.15,60.48,27.49,60.47,27.48,True,0.8123
273,11,916.5,605.19,49.52,38.4,49.52,38.31,True,0.8551
273,12,1217.52,625.18,70.03,40.1,70.0,40.09,True,0.8299
273,13,1410.85,268.51,86.98,6.32,87.0,6.29,True,0.7224
273,14,1502.88,516.24,90.73,30.6,90.73,30.61,True,0.8146
273,15,1135.9,353.01,65.57,15.06,65.59,15.08,True,0.774
273,17,712.24,373.13,34.21,17.07,34.22,17.07,True,0.809
273,18,811.62,238.62,41.03,3.11,41.03,3.11,True,0.7181
273,19,1592.1,380.1,99.04,17.76,99.04,17.76,True,0.8308
273,29,118.49,419.4,-8.66,21.58,-8.66,21.58,False,0.768
273,36,1509.84,362.43,93.23,16.0,93.21,16.02,True,0.8097
273,38,777.23,956.63,41.22,65.43,41.21,65.43,True,0.7366
273,40,964.6,947.49,52.78,64.8,52.79,64.79,True,0.6714
274,1,1913.4,480.82,120.42,27.37,120.43,27.35,False,0.6043
274,2,1504.55,644.71,89.34,41.73,89.36,41.77,True,0.8255
274,4,1724.64,406.08,108.32,20.3,108.32,20.31,False,0.8329
274,5,1501.49,602.69,89.61,38.19,89.62,38.19,True,0.7395
274,6,1867.48,417.54,118.49,21.4,118.5,21.41,False,0.7436
274,7,1678.04,343.83,106.02,14.14,106.01,14.14,False,0.7966
274,8,1911.4,426.78,121.48,22.29,121.48,22.28,False,0.7044
274,9,1873.13,493.33,117.28,28.52,117.29,28.5,False,0.7929
274,10,1071.68,481.62,60.45,27.44,60.46,27.42,True,0.8128
274,11,916.62,607.21,49.53,38.57,49.52,38.5,True,0.8527
274,12,1217.28,624.98,70.01,40.08,70.02,40.08,True,0.8272
274,13,1410.98,268.89,86.99,6.37,86.99,6.3,True,0.7166
274,14,1503.34,516.05,90.77,30.58,90.79,30.58,True,0.8007
274,15,1134.1,352.5,65.44,15.01,65.46,15.04,True,0.7765
274,17,712.21,373.18,34.21,17.07,34.22,17.07,True,0.8055
274,18,811.62,238.66,41.03,3.12,41.03,3.11,True,0.7174
274,19,1592.04,380.1,99.04,17.76,99.04,17.76,True,0.8299
274,29,118.04,419.36,-8.69,21.58,-8.71,21.58,False,0.7641
274,36,1508.8,362.4,93.15,16.0,93.14,16.02,True,0.8
274,38,777.31,956.23,41.22,65.41,41.22,65.42,True,0.7319
274,40,964.45,947.12,52.78,64.77,52.78,64.77,True,0.7079
275,1,1913.54,481.01,120.42,27.38,120.43,27.35,False,0.5713
275,2,1504.28,643.79,89.33,41.66,89.35,41.69,True,0.8242
275,4,1724.61,405.78,108.32,20.27,108.32,20.29,False,0.8313
275,5,1501.25,603.08,89.59,38.22,89.59,38.13,True,0.7332
275,6,1867.66,417.57,118.51,21.41,118.5,21.4,False,0.7394
275,7,1678.09,343.81,106.02,14.13,106.01,14.13,False,0.7928
275,8,1911.54,426.98,121.48,22.31,121.48,22.28,False,0.6933
275,9,1873.32,493.46,117.3,28.53,117.3,28.51,False,0.7921
275,10,1071.44,480.67,60.44,27.35,60.42,27.35,True,0.8189
275,11,916.62,608.51,49.53,38.69,49.52,38.64,True,0.8534
275,12,1217.6,624.7,70.03,40.06,70.03,40.06,True,0.8243
275,13,1410.94,268.62,86.99,6.34,86.99,6.31,True,0.7185
275,14,1504.41,515.46,90.85,30.53,90.83,30.59,True,0.7911
275,15,1133.15,352.93,65.37,15.05,65.35,14.99,True,0.7676
275,17,712.58,373.24,34.24,17.08,34.23,17.07,True,0.8069
275,18,811.66,238.61,41.04,3.11,41.03,3.12,True,0.7097
275,19,1591.95,380.04,99.03,17.75,99.03,17.77,True,0.8272
275,29,117.4,419.36,-8.74,21.58,-8.75,21.57,False,0.7473
275,36,1507.72,362.73,93.06,16.03,93.07,16.01,True,0.7873
275,38,777.34,956.34,41.22,65.41,41.22,65.41,True,0.7456
275,40,964.53,946.67,52.78,64.74,52.77,64.76,True,0.6957
276,1,1913.78,480.5,120.45,27.34,120.43,27.38,False,0.5388
276,2,1504.45,643.11,89.35,41.6,89.34,41.62,True,0.8214
276,4,1724.59,405.75,108.32,20.26,108.32,20.27,False,0.832
276,5,1500.74,601.22,89.58,38.06,89.55,38.08,True,0.7269
276,6,1867.68,417.63,118.51,21.41,118.51,21.39,False,0.7357
276,7,1677.9,343.99,106.01,14.15,106.02,14.13,False,0.7929
276,8,1911.48,426.95,121.48,22.31,121.48,22.28,False,0.7023
276,9,1873.58,493.35,117.32,28.52,117.31,28.52,False,0.7932
276,10,1071.04,479.87,60.41,27.28,60.38,27.28,True,0.8221
276,11,916.55,609.11,49.53,38.74,49.51,38.72,True,0.8491
276,12,1217.57,624.49,70.03,40.04,70.04,40.04,True,0.8242
276,13,1410.98,267.93,87.0,6.26,86.98,6.31,True,0.7092
276,14,1505.22,516.21,90.9,30.6,90.88,30.59,True,0.78
276,15,1131.36,351.86,65.24,14.94,65.23,14.96,True,0.7666
276,17,712.78,373.16,34.25,17.07,34.24,17.07,True,0.8064
276,18,811.64,238.73,41.03,3.12,41.03,3.14,True,0.7045
276,19,1591.78,380.31,99.02,17.78,99.03,17.78,True,0.8214
276,29,116.52,419.19,-8.81,21.56,-8.81,21.58,False,0.7573
276,36,1506.72,362.67,92.99,16.03,93.0,16.02,True,0.7885
276,38,777.42,956.16,41.23,65.4,41.21,65.39,True,0.7362
276,40,964.4,946.35,52.77,64.72,52.76,64.74,True,0.6213
277,1,1913.53,480.56,120.43,27.34,120.42,27.41,False,0.5068
277,2,1504.28,642.93,89.34,41.58,89.33,41.58,True,0.8183
277,4,1724.46,405.71,108.31,20.26,108.31,20.24,False,0.8342
277,5,1499.69,600.25,89.52,37.98,89.51,38.01,True,0.714
277,6,1867.64,417.38,118.51,21.39,118.52,21.38,False,0.733
277,7,1677.92,343.68,106.01,14.12,106.01,14.11,False,0.7993
277,8,1911.53,426.51,121.49,22.26,121.47,22.23,False,0.6973
277,9,1873.56,493.24,117.32,28.51,117.32,28.52,False,0.8009
277,10,1069.89,479.06,60.33,27.2,60.33,27.19,True,0.834
277,11,916.2,609.6,49.5,38.78,49.49,38.76,True,0.8552
277,12,1218.01,624.37,70.06,40.03,70.04,40.03,True,0.8271
277,13,1410.72,267.99,86.98,6.27,86.97,6.28,True,0.7143
277,14,1505.48,516.74,90.91,30.64,90.92,30.56,True,0.7811
277,15,1129.96,351.49,65.14,14.91,65.11,14.94,True,0.7809
277,17,712.86,373.25,34.26,17.08,34.24,17.08,True,0.8054
277,18,811.52,239.04,41.03,3.16,41.02,3.14,True,0.709
277,19,1591.82,380.39,99.02,17.78,99.02,17.78,True,0.821
277,29,115.55,419.33,-8.87,21.57,-8.87,21.58,False,0.7581
277,36,1505.84,362.5,92.93,16.01,92.93,16.01,True,0.7974
277,38,776.82,956.03,41.19,65.39,41.21,65.38,True,0.7228
277,40,964.04,946.84,52.75,64.75,52.76,64.75,True,0.5143
278,1,1913.7,482.15,120.41,27.49,120.42,27.42,False,0.3997
278,2,1504.04,642.51,89.33,41.55,89.32,41.55,True,0.8125
278,4,1724.44,405.53,108.31,20.24,108.32,20.21,False,0.8315
278,5,1498.78,599.68,89.46,37.93,89.47,37.91,True,0.6987
278,6,1867.77,417.07,118.52,21.36,118.52,21.36,False,0.7373
278,7,1678.0,343.66,106.02,14.12,105.99,14.08,False,0.8002
278,8,1911.1,425.95,121.47,22.21,121.47,22.17,False,0.6991
278,9,1873.93,493.27,117.34,28.51,117.33,28.51,False,0.8033
278,10,1069.16,478.03,60.28,27.11,60.28,27.11,True,0.8424
278,11,915.88,609.92,49.48,38.81,49.46,38.8,True,0.8525
278,12,1217.74,623.85,70.05,39.99,70.03,40.01,True,0.8266
278,13,1410.58,268.36,86.96,6.31,86.94,6.25,True,0.7079
278,14,1506.11,516.06,90.96,30.58,90.96,30.54,True,0.7823
278,15,1127.41,351.39,64.95,14.9,64.98,14.92,True,0.7731
278,17,712.73,373.18,34.25,17.07,34.23,17.07,True,0.8066
278,18,811.42,239.26,41.02,3.18,41.02,3.14,True,0.709
278,19,1591.88,380.7,99.02,17.82,99.01,17.78,True,0.8184
278,29,114.55,419.5,-8.94,21.59,-8.94,21.57,False,0.7574
278,36,1504.94,362.62,92.86,16.02,92.85,15.99,True,0.7982
278,38,777.09,955.37,41.2,65.35,41.22,65.38,True,0.7326
278,40,963.84,946.62,52.74,64.74,52.74,64.78,True,0.4805
279,1,1913.77,482.2,120.41,27.49,120.42,27.44,False,0.3681
279,2,1503.36,642.25,89.29,41.53,89.3,41.53,True,0.8122
279,4,1724.26,404.97,108.31,20.19,108.33,20.18,False,0.8357
279,5,1497.86,598.72,89.41,37.85,89.44,37.84,True,0.6766
279,6,1867.75,416.69,118.53,21.32,118.53,21.34,False,0.7275
279,7,1677.44,342.93,105.99,14.04,105.97,14.05,False,0.794
279,8,1910.38,424.54,121.45,22.07,121.46,22.1,False,0.7013
279,9,1873.51,493.32,117.31,28.52,117.34,28.51,False,0.8015
279,10,1068.12,476.84,60.21,27.0,60.22,27.04,True,0.8423
279,11,914.88,609.91,49.41,38.8,49.42,38.85,True,0.836
279,12,1217.24,624.18,70.01,40.01,70.03,39.99,True,0.828
279,13,1409.58,267.65,86.9,6.23,86.91,6.23,True,0.7108
279,14,1506.46,514.76,91.0,30.46,91.0,30.51,True,0.783
279,15,1125.82,351.62,64.83,14.92,64.86,14.93,True,0.7801
279,17,712.0,373.22,34.2,17.08,34.22,17.07,True,0.8048
279,18,811.13,238.75,41.0,3.12,41.02,3.15,True,0.7064
279,19,1591.36,380.21,98.99,17.77,99.0,17.78,True,0.8147
279,29,113.7,419.5,-9.0,21.59,-8.99,21.57,False,0.7385
279,36,1503.8,361.94,92.79,15.95,92.78,15.96,True,0.7969
279,38,777.22,955.71,41.21,65.37,41.22,65.37,True,0.7239
279,40,963.82,947.6,52.74,64.81,52.73,64.8,True,0.6179
280,2,1503.02,641.97,89.27,41.5,89.27,41.5,True,0.8163
280,4,1724.3,404.21,108.33,20.11,108.35,20.16,False,0.8403
280,5,1497.27,597.38,89.38,37.73,89.44,37.77,True,0.6707
280,6,1867.82,416.55,118.54,21.31,118.55,21.32,False,0.7221
280,7,1676.24,342.18,105.91,13.97,105.95,14.03,False,0.7951
280,8,1909.98,423.99,121.44,22.02,121.46,22.03,False,0.6987
280,9,1873.95,493.2,117.35,28.5,117.37,28.52,False,0.7976
280,10,1067.28,476.34,60.15,26.95,60.16,26.99,True,0.837
280,11,914.42,610.44,49.38,38.85,49.39,38.97,True,0.8365
280,12,1217.23,623.8,70.01,39.98,70.01,39.97,True,0.8245
280,13,1409.04,267.11,86.86,6.18,86.89,6.19,True,0.7173
280,14,1506.9,514.06,91.04,30.4,91.02,30.51,True,0.7787
280,15,1124.52,351.86,64.73,14.94,64.75,14.93,True,0.7865
280,17,711.91,373.18,34.19,17.07,34.21,17.07,True,0.8046
280,18,811.15,238.65,41.0,3.11,41.02,3.14,True,0.7085
280,19,1591.32,380.13,98.98,17.76,99.0,17.77,True,0.8075
280,29,112.95,419.18,-9.07,21.56,-9.05,21.55,False,0.7527
280,36,1502.49,361.82,92.69,15.94,92.72,15.92,True,0.7997
280,38,777.76,955.93,41.25,65.38,41.25,65.37,True,0.7264
280,40,963.33,948.38,52.71,64.86,52.72,64.81,True,0.5421
280,46,810.32,970.24,43.29,66.37,43.17,66.14,True,0.3672
281,2,1502.78,641.6,89.25,41.47,89.25,41.47,True,0.8176
281,4,1724.88,404.29,108.37,20.12,108.37,20.13,False,0.8379
281,5,1498.28,597.22,89.45,37.72,89.43,37.69,True,0.6804
281,6,1868.24,416.7,118.57,21.32,118.56,21.3,False,0.7294
281,7,1676.2,342.43,105.91,13.99,105.93,13.99,False,0.7799
281,8,1910.06,423.29,121.46,21.95,121.46,21.96,False,0.7013
281,9,1874.71,493.48,117.39,28.53,117.39,28.52,False,0.7948
281,10,1066.6,475.95,60.11,26.92,60.1,26.95,True,0.8297
281,11,913.82,612.16,49.34,39.0,49.35,39.16,True,0.8266
281,12,1217.34,623.35,70.02,39.94,69.98,39.94,True,0.823
281,13,1408.94,266.89,86.86,6.15,86.87,6.11,True,0.7174
281,14,1507.32,514.69,91.07,30.46,91.04,30.54,True,0.7733
281,15,1123.66,352.05,64.66,14.96,64.66,14.93,True,0.7828
281,17,712.04,373.21,34.2,17.07,34.19,17.07,True,0.7986
281,18,811.54,239.05,41.03,3.16,41.03,3.12,True,0.6886
281,19,1591.57,380.14,99.0,17.76,98.99,17.75,True,0.8104
281,29,112.79,418.72,-9.09,21.52,-9.1,21.53,False,0.7648
281,36,1501.84,361.2,92.65,15.88,92.67,15.84,True,0.8054
281,38,778.24,955.69,41.27,65.37,41.28,65.39,True,0.7253
281,40,963.53,947.85,52.72,64.82,52.71,64.82,True,0.5503
281,46,811.28,970.12,43.35,66.36,43.16,66.08,True,0.3589
282,2,1502.29,641.15,89.23,41.44,89.24,41.43,True,0.8304
282,4,1725.4,404.31,108.41,20.12,108.39,20.1,False,0.8422
282,5,1498.7,595.93,89.5,37.61,89.42,37.71,True,0.7156
282,6,1868.36,416.47,118.58,21.3,118.57,21.29,False,0.7377
282,7,1676.36,342.65,105.91,14.02,105.91,13.96,False,0.7881
282,8,1909.98,422.6,121.47,21.89,121.45,21.91,False,0.7015
282,9,1875.36,493.61,117.44,28.54,117.42,28.52,False,0.7969
282,10,1066.03,476.42,60.06,26.96,60.05,26.93,True,0.8318
282,11,913.4,617.1,49.32,39.41,49.33,39.41,True,0.8208
282,12,1216.69,623.01,69.98,39.91,69.93,39.91,True,0.8293
282,13,1408.99,266.08,86.87,6.07,86.86,6.04,True,0.7242
282,14,1507.3,516.86,91.04,30.65,91.07,30.59,True,0.783
282,15,1122.78,351.7,64.6,14.93,64.58,14.92,True,0.8014
282,17,712.08,373.14,34.2,17.07,34.19,17.07,True,0.7975
282,18,811.8,238.73,41.05,3.12,41.04,3.1,True,0.6823
282,19,1591.52,379.88,99.0,17.73,98.99,17.74,True,0.8148
282,29,112.22,418.5,-9.13,21.5,-9.15,21.5,False,0.7528
282,36,1501.22,360.25,92.62,15.79,92.61,15.77,True,0.8114
282,38,778.71,956.22,41.31,65.4,41.33,65.4,True,0.7266
282,40,963.3,948.04,52.7,64.84,52.7,64.8,True,0.4862
283,2,1502.23,640.6,89.23,41.39,89.23,41.39,True,0.8306
283,4,1725.51,403.98,108.42,20.09,108.4,20.09,False,0.8402
283,5,1497.68,595.34,89.43,37.56,89.39,37.77,True,0.7047
283,6,1868.43,416.15,118.59,21.27,118.58,21.28,False,0.7384
283,7,1676.03,341.69,105.91,13.92,105.91,13.94,False,0.795
283,8,1909.72,422.16,121.46,21.85,121.44,21.87,False,0.7128
283,9,1875.53,493.46,117.45,28.53,117.45,28.53,False,0.7989
283,10,1064.74,476.15,59.97,26.93,59.99,26.91,True,0.8154
283,11,913.2,621.01,49.31,39.75,49.3,39.7,True,0.8193
283,12,1215.08,622.45,69.88,39.87,69.85,39.88,True,0.8231
283,13,1408.84,264.86,86.87,5.94,86.85,5.98,True,0.7252
283,14,1507.87,517.75,91.07,30.73,91.09,30.62,True,0.8009
283,15,1121.48,351.54,64.5,14.91,64.48,14.9,True,0.7891
283,17,711.82,373.01,34.18,17.06,34.17,17.06,True,0.7976
283,18,811.89,238.27,41.05,3.07,41.04,3.05,True,0.6525
283,19,1591.45,379.72,99.0,17.72,98.99,17.74,True,0.8144
283,29,111.5,418.19,-9.19,21.47,-9.2,21.48,False,0.7704
283,36,1500.52,358.79,92.58,15.64,92.55,15.7,True,0.8167
283,38,779.69,956.74,41.37,65.44,41.39,65.4,True,0.7101
283,40,963.12,946.89,52.69,64.76,52.68,64.77,True,0.3715
284,2,1501.99,640.28,89.22,41.36,89.23,41.35,True,0.8317
284,4,1725.35,403.86,108.41,20.08,108.41,20.07,False,0.8331
284,5,1496.86,599.73,89.33,37.94,89.32,37.9,True,0.7071
284,6,1868.41,415.99,118.59,21.25,118.58,21.26,False,0.7375
284,7,1675.85,341.47,105.9,13.9,105.91,13.91,False,0.7951
284,8,1909.18,422.23,121.42,21.85,121.43,21.82,False,0.7245
284,9,1875.73,493.32,117.47,28.52,117.46,28.52,False,0.8036
284,10,1064.36,475.75,59.95,26.9,59.91,26.86,True,0.8193
284,11,912.74,624.76,49.28,40.06,49.28,39.96,True,0.8181
284,12,1213.69,622.12,69.78,39.84,69.73,39.87,True,0.8143
284,13,1408.66,264.33,86.86,5.88,86.84,5.91,True,0.7209
284,14,1508.4,517.31,91.11,30.69,91.12,30.64,True,0.8078
284,15,1119.97,351.18,64.39,14.88,64.34,14.89,True,0.7906
284,17,711.51,373.07,34.16,17.06,34.15,17.05,True,0.8002
284,18,811.86,237.91,41.05,3.03,41.04,2.98,True,0.6422
284,19,1591.18,379.94,98.98,17.74,98.98,17.73,True,0.8088
284,29,110.73,418.07,-9.25,21.45,-9.27,21.46,False,0.791
284,36,1499.23,358.44,92.49,15.6,92.49,15.63,True,0.8107
284,38,781.43,956.23,41.47,65.41,41.44,65.39,True,0.7081
284,40,962.77,946.65,52.67,64.74,52.65,64.74,True,0.3839
284,54,1243.16,624.06,71.78,40.0,71.78,40.0,True,0.5456
285,2,1501.94,639.51,89.22,41.3,89.23,41.31,True,0.8217
285,4,1725.16,403.6,108.4,20.06,108.4,20.06,False,0.8179
285,5,1495.64,600.52,89.24,38.0,89.21,38.11,True,0.6769
285,6,1868.16,415.81,118.58,21.24,118.58,21.25,False,0.7404
285,7,1676.13,341.09,105.93,13.86,105.91,13.87,False,0.7857
285,8,1908.94,421.73,121.41,21.81,121.41,21.79,False,0.7293
285,9,1875.88,493.25,117.48,28.51,117.47,28.51,False,0.7993
285,10,1062.92,475.09,59.85,26.84,59.84,26.79,True,0.8122
285,11,912.39,627.35,49.26,40.28,49.28,40.16,True,0.8179
285,12,1210.9,621.98,69.59,39.83,69.6,39.9,True,0.8047
285,13,1407.96,264.04,86.81,5.85,86.81,5.85,True,0.7135
285,14,1508.86,515.86,91.16,30.56,91.15,30.67,True,0.8061
285,15,1117.86,350.86,64.24,14.84,64.19,14.88,True,0.7732
285,17,711.1,372.94,34.13,17.05,34.13,17.04,True,0.7968
285,18,811.58,236.58,41.02,2.89,41.03,2.9,True,0.6328
285,19,1590.88,379.97,98.95,17.74,98.97,17.72,True,0.8038
285,29,109.54,418.03,-9.34,21.45,-9.36,21.44,False,0.7867
285,36,1498.32,358.06,92.43,15.57,92.43,15.57,True,0.8157
285,38,782.3,955.88,41.53,65.38,41.53,65.38,True,0.7069
285,40,961.61,945.94,52.6,64.69,52.63,64.71,True,0.5185
285,54,1243.2,624.07,71.78,40.0,71.78,40.0,True,0.5791
286,2,1502.06,639.17,89.23,41.27,89.23,41.28,True,0.8117
286,4,1724.91,403.25,108.39,20.02,108.39,20.05,False,0.8268
286,5,1494.24,604.86,89.09,38.37,89.11,38.37,True,0.6417
286,6,1868.06,415.75,118.57,21.23,118.6,21.24,False,0.7438
286,7,1675.7,340.78,105.9,13.83,105.9,13.84,False,0.7881
286,8,1908.6,420.7,121.41,21.71,121.39,21.75,False,0.7348
286,9,1875.84,493.21,117.48,28.5,117.48,28.51,False,0.7883
286,10,1061.36,473.4,59.74,26.68,59.76,26.72,True,0.8218
286,11,912.26,627.87,49.25,40.32,49.27,40.29,True,0.8218
286,12,1208.67,622.7,69.44,39.89,69.48,40.0,True,0.7983
286,13,1407.4,263.9,86.77,5.83,86.79,5.81,True,0.7218
286,14,1509.52,516.0,91.2,30.58,91.19,30.69,True,0.7909
286,15,1114.38,351.22,63.98,14.88,64.04,14.88,True,0.7581
286,17,710.6,372.65,34.09,17.02,34.1,17.02,True,0.793
286,18,811.49,235.49,41.01,2.77,41.02,2.83,True,0.6127
286,19,1590.91,379.84,98.96,17.73,98.97,17.7,True,0.8203
286,29,107.9,417.75,-9.46,21.42,-9.46,21.43,False,0.7722
286,36,1497.23,357.77,92.35,15.54,92.37,15.54,True,0.8182
286,38,782.4,954.94,41.53,65.32,41.6,65.35,True,0.6695
286,40,961.49,945.97,52.59,64.69,52.61,64.7,True,0.5531
286,54,1243.08,624.07,71.77,40.0,71.78,40.0,True,0.6036
287,2,1502.26,638.86,89.25,41.25,89.24,41.24,True,0.8131
287,4,1724.76,403.39,108.38,20.04,108.38,20.03,False,0.817
287,5,1492.83,608.62,88.95,38.69,89.03,38.55,True,0.6171
287,6,1868.36,415.94,118.59,21.25,118.61,21.24,False,0.7356
287,7,1675.59,340.73,105.89,13.82,105.89,13.82,False,0.7847
287,8,1908.13,420.89,121.37,21.72,121.38,21.69,False,0.7391
287,9,1875.86,493.25,117.48,28.51,117.49,28.5,False,0.7942
287,10,1060.36,472.77,59.67,26.62,59.68,26.63,True,0.8172
287,11,912.72,628.88,49.29,40.41,49.26,40.33,True,0.828
287,12,1207.3,624.97,69.33,40.08,69.37,40.14,True,0.7771
287,13,1407.04,262.98,86.76,5.74,86.77,5.74,True,0.73
287,14,1510.11,518.1,91.22,30.77,91.22,30.75,True,0.7965
287,15,1112.27,351.35,63.82,14.89,63.88,14.88,True,0.7637
287,17,710.4,372.45,34.07,17.0,34.08,16.99,True,0.7868
287,18,811.46,235.12,41.01,2.73,41.01,2.76,True,0.641
287,19,1590.98,379.14,98.97,17.66,98.97,17.64,True,0.8177
287,29,106.28,417.71,-9.58,21.42,-9.56,21.41,False,0.7676
287,36,1496.54,357.63,92.3,15.52,92.32,15.52,True,0.8207
287,38,786.09,955.52,41.76,65.36,41.64,65.34,True,0.6578
287,40,961.68,945.75,52.6,64.68,52.6,64.68,True,0.4788
287,54,1243.2,624.1,71.78,40.01,71.78,40.0,True,0.6032
288,2,1502.04,638.5,89.24,41.21,89.23,41.19,True,0.8121
288,4,1724.64,403.5,108.36,20.05,108.38,20.0,False,0.8126
288,5,1493.17,610.56,88.95,38.86,88.96,38.71,True,0.6138
288,6,1869.16,415.83,118.65,21.24,118.64,21.24,False,0.734
288,7,1675.36,340.58,105.88,13.81,105.86,13.81,False,0.7818
288,8,1907.62,420.33,121.35,21.67,121.37,21.62,False,0.7346
288,9,1875.72,493.04,117.47,28.49,117.5,28.46,False,0.7883
288,10,1059.56,471.88,59.61,26.54,59.61,26.52,True,0.8225
288,11,912.28,628.4,49.26,40.37,49.24,40.34,True,0.8249
288,12,1206.56,628.18,69.27,40.35,69.28,40.29,True,0.7571
288,13,1406.82,263.0,86.74,5.74,86.74,5.72,True,0.7238
288,14,1510.85,518.96,91.26,30.84,91.24,30.84,True,0.809
288,15,1111.27,351.44,63.75,14.9,63.73,14.88,True,0.7763
288,17,710.14,372.2,34.05,16.97,34.06,16.96,True,0.7861
288,18,811.42,234.95,41.0,2.71,41.0,2.7,True,0.6325
288,19,1590.88,378.76,98.97,17.62,98.97,17.57,True,0.8144
288,29,104.96,417.48,-9.68,21.4,-9.67,21.38,False,0.7603
288,36,1496.14,357.32,92.28,15.49,92.25,15.52,True,0.8135
288,38,785.42,954.72,41.72,65.3,41.65,65.32,True,0.6386
288,40,961.79,946.44,52.61,64.72,52.59,64.66,True,0.411
288,54,1243.45,624.13,71.8,40.01,71.78,40.0,True,0.6108
289,2,1501.88,637.8,89.24,41.16,89.23,41.13,True,0.8052
289,4,1724.62,402.88,108.37,19.99,108.38,19.97,False,0.8199
289,5,1492.58,610.23,88.92,38.83,88.91,38.8,True,0.6182
289,6,1869.55,416.0,118.68,21.25,118.66,21.24,False,0.7381
289,7,1674.81,340.39,105.84,13.79,105.84,13.8,False,0.7888
289,8,1907.48,419.02,121.37,21.55,121.35,21.56,False,0.719
289,9,1876.31,492.87,117.52,28.47,117.52,28.41,False,0.7789
289,10,1058.25,470.9,59.52,26.45,59.55,26.44,True,0.824
289,11,911.8,627.2,49.22,40.27,49.21,40.43,True,0.8313
289,12,1205.73,630.43,69.2,40.54,69.21,40.44,True,0.75
289,13,1406.68,261.22,86.75,5.55,86.7,5.68,True,0.6764
289,14,1511.44,520.46,91.28,30.98,91.26,30.9,True,0.7967
289,15,1109.61,351.45,63.62,14.9,63.61,14.85,True,0.7826
289,17,710.14,371.7,34.05,16.93,34.04,16.92,True,0.783
289,18,811.34,234.66,41.0,2.68,40.98,2.65,True,0.6274
289,19,1590.74,376.96,98.99,17.45,98.96,17.49,True,0.8166
289,29,103.94,417.06,-9.76,21.36,-9.76,21.36,False,0.7591
289,36,1495.38,357.42,92.22,15.5,92.18,15.52,True,0.8078
289,38,784.3,955.44,41.65,65.35,41.63,65.3,True,0.6097
289,40,961.62,945.02,52.6,64.63,52.58,64.64,True,0.6189
289,54,1243.24,624.08,71.78,40.0,71.79,40.0,True,0.631
290,2,1501.29,636.63,89.21,41.06,89.22,41.07,True,0.8072
290,4,1724.8,402.08,108.4,19.91,108.38,19.93,False,0.8242
290,5,1492.18,609.83,88.89,38.8,88.88,38.83,True,0.6485
290,6,1869.8,415.82,118.7,21.24,118.69,21.23,False,0.7423
290,7,1674.42,340.58,105.81,13.81,105.82,13.78,False,0.7873
290,8,1907.02,418.09,121.36,21.46,121.34,21.48,False,0.7215
290,9,1876.26,491.22,117.55,28.32,117.55,28.36,False,0.7911
290,10,1057.88,469.58,59.5,26.32,59.49,26.34,True,0.8167
290,11,911.21,628.23,49.18,40.35,49.17,40.57,True,0.8281
290,12,1205.04,631.19,69.15,40.6,69.16,40.55,True,0.751
290,13,1406.02,262.97,86.68,5.73,86.66,5.65,True,0.7008
290,14,1511.12,521.04,91.26,31.03,91.28,30.9,True,0.7956
290,15,1107.8,350.63,63.49,14.82,63.5,14.82,True,0.7796
290,17,709.78,371.25,34.02,16.88,34.02,16.89,True,0.7789
290,18,810.94,233.94,40.96,2.6,40.96,2.62,True,0.6826
290,19,1590.01,376.16,98.95,17.37,98.94,17.43,True,0.8085
290,29,102.84,416.71,-9.85,21.32,-9.83,21.33,False,0.766
290,36,1493.6,357.92,92.08,15.55,92.1,15.51,True,0.8215
290,38,783.08,954.44,41.57,65.28,41.56,65.27,True,0.6528
290,40,960.96,944.71,52.56,64.6,52.56,64.63,True,0.7077
290,46,803.46,955.35,42.83,65.34,43.01,65.81,True,0.3805
290,54,1243.29,623.99,71.79,40.0,71.79,40.0,True,0.6422
291,2,1500.94,635.67,89.2,40.98,89.23,41.01,True,0.8138
291,4,1724.48,401.57,108.39,19.86,108.39,19.88,False,0.8239
291,5,1491.55,610.27,88.84,38.84,88.84,38.79,True,0.6595
291,6,1869.69,415.63,118.7,21.22,118.71,21.22,False,0.7175
291,7,1674.14,340.15,105.79,13.76,105.79,13.77,False,0.7716
291,8,1906.36,417.37,121.32,21.39,121.34,21.38,False,0.7122
291,9,1876.46,490.59,117.58,28.26,117.58,28.3,False,0.7699
291,10,1057.11,468.9,59.44,26.26,59.44,26.24,True,0.8271
291,11,910.08,632.85,49.11,40.74,49.14,40.79,True,0.8235
291,12,1204.44,631.37,69.1,40.62,69.12,40.6,True,0.7523
291,13,1404.66,262.31,86.58,5.66,86.61,5.59,True,0.7253
291,14,1510.96,519.2,91.27,30.87,91.29,30.88,True,0.797
291,15,1106.34,350.02,63.38,14.76,63.39,14.78,True,0.7931
291,17,709.36,370.83,33.99,16.84,33.99,16.86,True,0.7801
291,18,810.67,233.47,40.94,2.55,40.94,2.58,True,0.6957
291,19,1589.25,376.05,98.9,17.36,98.92,17.38,True,0.7958
291,29,102.07,416.54,-9.91,21.31,-9.9,21.31,False,0.773
291,36,1492.52,357.8,92.0,15.54,92.02,15.51,True,0.8143
291,38,780.86,953.62,41.43,65.22,41.48,65.24,True,0.6965
291,40,960.64,943.88,52.54,64.55,52.54,64.6,True,0.627
291,46,802.75,957.25,42.79,65.48,42.92,65.65,True,0.4487
291,54,1243.17,623.98,71.78,40.0,71.78,40.0,True,0.6309
292,2,1501.28,635.19,89.23,40.94,89.24,40.94,True,0.7943
292,4,1724.58,401.3,108.4,19.83,108.39,19.85,False,0.8394
292,5,1490.5,609.96,88.78,38.81,88.8,38.74,True,0.6634
292,6,1870.18,415.37,118.74,21.19,118.73,21.19,False,0.7244
292,7,1673.78,339.81,105.77,13.73,105.76,13.76,False,0.7771
292,8,1906.08,416.67,121.32,21.32,121.32,21.31,False,0.7104
292,9,1876.99,490.34,117.62,28.24,117.59,28.24,False,0.7664
292,10,1056.32,467.7,59.39,26.15,59.39,26.15,True,0.8249
292,11,909.64,637.6,49.09,41.14,49.1,41.09,True,0.8289
292,12,1204.34,631.67,69.1,40.64,69.09,40.6,True,0.76
292,13,1404.06,261.26,86.55,5.55,86.55,5.55,True,0.7272
292,14,1511.3,518.0,91.31,30.76,91.31,30.78,True,0.7919
292,15,1104.86,349.7,63.28,14.73,63.28,14.74,True,0.7842
292,17,709.26,370.9,33.98,16.85,33.96,16.84,True,0.7874
292,18,810.38,233.44,40.92,2.55,40.91,2.54,True,0.7255
292,19,1589.24,376.13,98.89,17.36,98.89,17.36,True,0.8024
292,29,101.43,416.31,-9.96,21.28,-9.97,21.28,False,0.7627
292,36,1491.46,357.24,91.93,15.48,91.92,15.5,True,0.821
292,38,780.56,953.04,41.41,65.18,41.4,65.21,True,0.7102
292,40,960.18,945.26,52.51,64.64,52.52,64.58,True,0.6568
292,46,802.56,957.67,42.78,65.5,42.83,65.49,True,0.4525
292,54,1243.25,624.08,71.78,40.0,71.78,40.0,True,0.6294
293,2,1501.89,634.66,89.27,40.89,89.26,40.88,True,0.7825
293,4,1724.37,401.3,108.39,19.83,108.37,19.84,False,0.8345
293,5,1489.86,608.55,88.75,38.69,88.75,38.71,True,0.6744
293,6,1870.28,415.26,118.75,21.18,118.74,21.15,False,0.719
293,7,1673.55,339.94,105.75,13.74,105.74,13.74,False,0.7808
293,8,1905.76,415.29,121.33,21.19,121.28,21.25,False,0.7059
293,9,1876.88,489.94,117.62,28.21,117.6,28.21,False,0.7595
293,10,1055.51,466.27,59.34,26.02,59.34,26.08,True,0.8326
293,11,909.52,641.5,49.08,41.47,49.08,41.4,True,0.8252
293,12,1203.82,631.27,69.06,40.61,69.06,40.59,True,0.7678
293,13,1403.03,260.55,86.48,5.48,86.49,5.47,True,0.739
293,14,1511.9,517.98,91.35,30.76,91.34,30.67,True,0.7924
293,15,1103.73,349.36,63.19,14.69,63.18,14.72,True,0.7864
293,17,708.32,370.59,33.91,16.82,33.93,16.81,True,0.7851
293,18,810.17,233.36,40.9,2.54,40.88,2.52,True,0.7472
293,19,1588.98,376.09,98.87,17.36,98.85,17.35,True,0.7963
293,29,100.7,416.02,-10.02,21.26,-10.03,21.26,False,0.7654
293,36,1490.26,357.13,91.85,15.47,91.83,15.49,True,0.8131
293,38,779.14,952.86,41.32,65.17,41.34,65.2,True,0.7142
293,40,960.12,944.2,52.51,64.57,52.5,64.56,True,0.5307
293,46,803.79,958.44,42.86,65.56,42.84,65.53,True,0.4953
293,54,1243.28,624.1,71.79,40.01,71.76,40.0,True,0.6217
294,2,1501.88,634.01,89.28,40.84,89.28,40.83,True,0.7705
294,4,1723.95,401.42,108.35,19.84,108.36,19.84,False,0.8379
294,5,1489.18,607.13,88.72,38.57,88.72,38.68,True,0.6831
294,6,1869.99,414.35,118.75,21.1,118.74,21.13,False,0.731
294,7,1672.8,339.9,105.7,13.74,105.71,13.74,False,0.7762
294,8,1904.78,415.11,121.26,21.17,121.24,21.2,False,0.7153
294,9,1876.54,489.74,117.6,28.19,117.61,28.19,False,0.7605
294,10,1054.77,466.13,59.28,26.0,59.29,26.01,True,0.8337
294,11,909.08,644.65,49.06,41.73,49.08,41.63,True,0.824
294,12,1203.36,630.46,69.04,40.54,69.04,40.57,True,0.7786
294,13,1402.43,259.0,86.45,5.31,86.44,5.41,True,0.7261
294,14,1511.75,515.1,91.37,30.5,91.36,30.56,True,0.7945
294,15,1101.86,349.42,63.05,14.7,63.09,14.7,True,0.7871
294,17,708.09,370.29,33.89,16.79,33.91,16.79,True,0.7885
294,18,809.44,232.73,40.84,2.47,40.85,2.5,True,0.7488
294,19,1588.24,376.02,98.82,17.35,98.82,17.35,True,0.7868
294,29,99.66,415.8,-10.1,21.24,-10.09,21.22,False,0.7585
294,36,1488.88,357.09,91.74,15.47,91.74,15.47,True,0.7739
294,38,778.06,953.38,41.26,65.21,41.34,65.18,True,0.7287
294,40,959.36,943.67,52.46,64.53,52.48,64.55,True,0.4
294,46,803.9,958.48,42.87,65.56,42.87,65.53,True,0.459
294,54,1242.64,624.07,71.74,40.0,71.75,40.0,True,0.6028
295,2,1502.26,633.17,89.32,40.77,89.3,40.78,True,0.7617
295,4,1723.71,401.54,108.33,19.86,108.33,19.84,False,0.8345
295,5,1488.56,608.08,88.66,38.65,88.7,38.69,True,0.6715
295,6,1869.83,414.08,118.74,21.07,118.73,21.11,False,0.7301
295,7,1672.56,339.8,105.68,13.73,105.69,13.73,False,0.7724
295,8,1903.39,415.11,121.16,21.17,121.18,21.15,False,0.7044
295,9,1876.49,489.49,117.6,28.16,117.6,28.16,False,0.761
295,10,1054.04,465.71,59.23,25.96,59.24,25.97,True,0.831
295,11,909.46,646.7,49.08,41.9,49.08,41.79,True,0.8231
295,12,1202.88,630.48,69.0,40.54,69.01,40.55,True,0.7889
295,13,1401.58,259.34,86.38,5.35,86.4,5.35,True,0.7288
295,14,1511.73,514.45,91.38,30.44,91.38,30.46,True,0.7958
295,15,1100.97,349.39,62.99,14.7,63.0,14.68,True,0.808
295,17,708.0,369.95,33.88,16.75,33.88,16.75,True,0.7929
295,18,808.9,232.8,40.8,2.48,40.82,2.49,True,0.7511
295,19,1587.74,375.9,98.79,17.34,98.79,17.34,True,0.7844
295,29,98.92,415.35,-10.16,21.19,-10.15,21.19,False,0.7696
295,36,1487.06,357.11,91.61,15.47,91.66,15.45,True,0.7917
295,38,778.68,953.23,41.29,65.2,41.32,65.17,True,0.7148
295,40,959.3,943.56,52.46,64.52,52.48,64.5,True,0.4419
295,46,804.21,958.44,42.89,65.56,42.91,65.51,True,0.4703
295,54,1242.3,624.09,71.72,40.01,71.74,40.0,True,0.6004
296,2,1501.97,632.59,89.3,40.72,89.31,40.75,True,0.7557
296,4,1723.4,401.37,108.31,19.84,108.3,19.83,False,0.8257
296,5,1489.08,608.28,88.7,38.67,88.67,38.77,True,0.6845
296,6,1869.6,414.28,118.72,21.09,118.72,21.08,False,0.7338
296,7,1672.26,339.91,105.66,13.74,105.66,13.71,False,0.7739
296,8,1902.54,414.7,121.11,21.13,121.11,21.11,False,0.7135
296,9,1876.36,489.34,117.6,28.15,117.6,28.14,False,0.7609
296,10,1053.51,465.49,59.19,25.94,59.2,25.94,True,0.8343
296,11,909.47,646.92,49.08,41.92,49.1,41.9,True,0.8275
296,12,1202.84,630.36,69.0,40.53,68.99,40.52,True,0.7928
296,13,1401.25,259.27,86.36,5.34,86.36,5.3,True,0.7441
296,14,1511.54,513.4,91.38,30.34,91.39,30.35,True,0.7977
296,15,1100.2,349.09,62.93,14.67,62.9,14.65,True,0.8038
296,17,707.9,369.61,33.87,16.72,33.86,16.73,True,0.7861
296,18,808.65,232.73,40.78,2.47,40.8,2.47,True,0.7399
296,19,1587.24,375.69,98.75,17.32,98.77,17.32,True,0.7817
296,29,98.32,414.95,-10.22,21.15,-10.21,21.15,False,0.7694
296,36,1486.4,356.96,91.56,15.46,91.59,15.41,True,0.8041
296,38,780.62,952.55,41.41,65.15,41.33,65.16,True,0.7078
296,40,959.42,942.81,52.46,64.47,52.5,64.47,True,0.461
296,46,805.4,957.42,42.96,65.49,42.92,65.47,True,0.4609
296,54,1242.36,624.03,71.72,40.0,71.73,40.0,True,0.5892
297,2,1502.38,632.31,89.33,40.7,89.3,40.7,True,0.754
297,4,1722.62,401.14,108.26,19.82,108.28,19.81,False,0.8166
297,5,1489.04,610.46,88.67,38.85,88.63,38.94,True,0.6834
297,6,1869.54,414.56,118.71,21.12,118.72,21.05,False,0.7261
297,7,1672.04,339.56,105.65,13.7,105.65,13.69,False,0.7752
297,8,1901.65,414.09,121.06,21.07,121.05,21.03,False,0.6951
297,9,1876.31,488.9,117.6,28.11,117.61,28.12,False,0.7604
297,10,1053.23,465.18,59.17,25.91,59.17,25.9,True,0.8378
297,11,910.06,647.36,49.12,41.95,49.11,41.96,True,0.8278
297,12,1202.4,630.35,68.97,40.53,68.97,40.51,True,0.7942
297,13,1400.5,258.6,86.31,5.27,86.32,5.29,True,0.7487
297,14,1511.72,512.48,91.4,30.26,91.4,30.29,True,0.8001
297,15,1098.84,348.8,62.83,14.64,62.81,14.61,True,0.7962
297,17,707.53,369.31,33.84,16.69,33.84,16.69,True,0.7832
297,18,808.5,232.75,40.77,2.47,40.8,2.45,True,0.727
297,19,1587.06,375.57,98.74,17.31,98.75,17.29,True,0.7757
297,29,97.7,414.4,-10.27,21.1,-10.25,21.1,False,0.7781
297,36,1485.8,356.14,91.53,15.37,91.52,15.37,True,0.8105
297,38,779.14,952.46,41.32,65.14,41.36,65.14,True,0.7243
297,46,805.44,956.14,42.96,65.4,42.94,65.43,True,0.5182
297,54,1242.6,624.03,71.74,40.0,71.73,40.0,True,0.5708
298,2,1502.09,632.34,89.31,40.7,89.28,40.67,True,0.758
298,4,1722.41,400.67,108.25,19.77,108.26,19.77,False,0.824
298,5,1488.63,613.67,88.61,39.12,88.59,39.12,True,0.6929
298,6,1869.24,413.81,118.7,21.04,118.72,21.03,False,0.7215
298,7,1671.76,339.13,105.63,13.66,105.65,13.64,False,0.7757
298,8,1900.36,413.34,120.98,21.0,121.0,20.95,False,0.6516
298,9,1876.45,488.82,117.61,28.1,117.62,28.1,False,0.7605
298,10,1052.64,464.68,59.13,25.87,59.15,25.86,True,0.8366
298,11,910.39,647.91,49.15,42.0,49.12,42.05,True,0.8297
298,12,1202.03,629.65,68.95,40.47,68.94,40.48,True,0.7914
298,13,1400.16,258.24,86.28,5.23,86.29,5.27,True,0.763
298,14,1511.8,511.87,91.42,30.2,91.41,30.24,True,0.8051
298,15,1097.34,347.88,62.72,14.54,62.7,14.55,True,0.7947
298,17,707.04,369.2,33.81,16.68,33.82,16.67,True,0.7826
298,18,809.02,232.5,40.81,2.44,40.81,2.43,True,0.7466
298,19,1586.84,375.23,98.73,17.27,98.74,17.26,True,0.7845
298,29,97.58,414.1,-10.29,21.07,-10.29,21.04,False,0.7779
298,36,1485.26,355.41,91.5,15.3,91.45,15.32,True,0.8147
298,38,780.26,951.99,41.39,65.11,41.39,65.11,True,0.7211
298,40,960.24,942.0,52.51,64.41,52.53,64.44,True,0.3586
298,46,805.2,955.56,42.94,65.36,42.94,65.37,True,0.4616
298,54,1242.6,624.02,71.74,40.0,71.73,40.0,True,0.5422
299,2,1501.02,631.44,89.25,40.62,89.25,40.65,True,0.7565
299,4,1722.05,400.44,108.23,19.75,108.25,19.73,False,0.8218
299,5,1487.92,617.09,88.52,39.41,88.54,39.31,True,0.7014
299,6,1869.3,412.82,118.73,20.95,118.74,20.99,False,0.7139
299,7,1671.82,338.52,105.65,13.6,105.67,13.57,False,0.7733
299,8,1899.5,411.26,120.96,20.8,120.96,20.9,False,0.6351
299,9,1876.66,488.55,117.64,28.08,117.64,28.07,False,0.7595
299,10,1052.58,464.3,59.13,25.83,59.14,25.81,True,0.8344
299,11,910.26,648.37,49.14,42.04,49.13,42.21,True,0.8285
299,12,1201.49,629.51,68.91,40.46,68.88,40.45,True,0.7931
299,13,1399.82,258.53,86.26,5.26,86.26,5.24,True,0.7532
299,14,1511.72,512.09,91.41,30.22,91.42,30.19,True,0.8161
299,15,1095.56,347.32,62.59,14.49,62.56,14.48,True,0.7823
299,17,706.94,368.73,33.8,16.63,33.81,16.65,True,0.7754
299,18,809.45,232.07,40.84,2.4,40.83,2.41,True,0.7497
299,19,1586.93,374.72,98.74,17.22,98.75,17.23,True,0.7827
299,29,97.6,413.07,-10.31,20.97,-10.32,20.98,False,0.773
299,36,1483.57,354.79,91.38,15.24,91.38,15.26,True,0.8011
299,38,780.34,951.85,41.39,65.1,41.39,65.1,True,0.7286
299,40,961.38,941.91,52.59,64.41,52.57,64.41,True,0.564
299,46,805.36,955.04,42.95,65.32,42.92,65.33,True,0.4274
299,54,1242.53,624.01,71.74,40.0,71.73,40.0,True,0.5319
300,2,1500.37,631.21,89.21,40.6,89.21,40.62,True,0.7564
300,4,1721.96,399.86,108.24,19.69,108.26,19.66,False,0.8275
300,5,1487.37,618.66,88.46,39.55,88.49,39.49,True,0.7113
300,6,1869.64,412.6,118.76,20.93,118.76,20.93,False,0.7208
300,7,1671.86,337.69,105.67,13.51,105.69,13.5,False,0.7729
300,8,1898.5,410.8,120.9,20.75,120.91,20.85,False,0.6502
300,9,1876.84,488.22,117.65,28.05,117.65,28.06,False,0.7669
300,10,1052.49,463.48,59.13,25.76,59.13,25.74,True,0.8345
300,11,909.78,652.31,49.11,42.36,49.14,42.46,True,0.8204
300,12,1200.49,628.73,68.85,40.4,68.81,40.43,True,0.7996
300,13,1399.46,258.63,86.23,5.27,86.25,5.21,True,0.7546
300,14,1511.8,511.57,91.42,30.18,91.44,30.15,True,0.8176
300,15,1093.37,346.5,62.43,14.4,62.42,14.41,True,0.7797
300,17,706.98,368.8,33.8,16.64,33.81,16.62,True,0.7816
300,18,809.73,231.96,40.86,2.39,40.85,2.38,True,0.7377
300,19,1586.88,374.24,98.75,17.18,98.75,17.2,True,0.7783
300,29,97.38,412.19,-10.34,20.89,-10.34,20.93,False,0.7829
300,36,1481.86,354.52,91.26,15.21,91.31,15.22,True,0.8151
300,38,780.96,951.14,41.43,65.05,41.4,65.08,True,0.7186
300,40,962.06,941.56,52.63,64.38,52.61,64.38,True,0.6671
300,46,804.66,954.78,42.9,65.3,42.9,65.31,True,0.4519
300,54,1242.38,624.02,71.73,40.0,71.73,40.0,True,0.5195
301,2,1499.7,631.23,89.16,40.61,89.17,40.59,True,0.764
301,4,1722.28,398.96,108.28,19.6,108.28,19.61,False,0.8286
301,5,1487.48,619.55,88.46,39.62,88.44,39.63,True,0.7161
301,6,1870.07,412.22,118.8,20.89,118.79,20.89,False,0.7379
301,7,1672.46,336.35,105.74,13.38,105.7,13.44,False,0.7772
301,8,1898.51,411.99,120.88,20.87,120.88,20.79,False,0.6747
301,9,1877.1,488.0,117.68,28.03,117.67,28.03,False,0.7741
301,10,1052.71,462.58,59.14,25.67,59.12,25.65,True,0.8227
301,11,910.16,656.54,49.14,42.71,49.14,42.76,True,0.8206
301,12,1198.66,628.84,68.72,40.41,68.72,40.41,True,0.8014
301,13,1399.56,257.8,86.24,5.18,86.23,5.2,True,0.7622
301,14,1512.17,510.87,91.46,30.11,91.46,30.1,True,0.8209
301,15,1090.94,345.82,62.25,14.34,62.27,14.37,True,0.7736
301,17,707.01,368.52,33.8,16.61,33.81,16.59,True,0.78
301,18,809.97,231.83,40.88,2.37,40.87,2.33,True,0.7242
301,19,1587.18,374.21,98.77,17.17,98.77,17.16,True,0.7818
301,29,97.06,412.19,-10.37,20.89,-10.36,20.88,False,0.7898
301,36,1481.44,354.02,91.23,15.16,91.24,15.18,True,0.8127
301,38,780.91,951.66,41.43,65.09,41.38,65.06,True,0.7199
301,40,962.51,941.56,52.66,64.38,52.64,64.36,True,0.7193
301,46,803.9,954.56,42.86,65.29,42.87,65.29,True,0.5111
301,54,1242.34,624.05,71.72,40.0,71.72,40.0,True,0.5009
301,59,795.71,948.14,42.33,64.84,41.17,65.01,True,0.3687
302,2,1498.94,630.85,89.12,40.57,89.14,40.57,True,0.7696
302,4,1722.66,398.01,108.32,19.51,108.31,19.55,False,0.8241
302,5,1487.04,621.03,88.42,39.75,88.41,39.72,True,0.729
302,6,1870.16,411.77,118.81,20.85,118.81,20.88,False,0.74
302,7,1672.42,336.16,105.74,13.36,105.72,13.38,False,0.7792
302,8,1897.92,411.66,120.84,20.84,120.87,20.74,False,0.6772
302,9,1877.16,487.88,117.68,28.02,117.7,27.99,False,0.7694
302,10,1052.5,461.59,59.13,25.58,59.11,25.55,True,0.8238
302,11,910.5,662.18,49.17,43.18,49.14,43.09,True,0.8241
302,12,1196.99,628.8,68.61,40.4,68.62,40.39,True,0.8112
302,13,1399.34,257.23,86.23,5.12,86.22,5.18,True,0.7629
302,14,1512.62,510.11,91.5,30.04,91.49,30.04,True,0.827
302,15,1088.82,345.44,62.1,14.3,62.13,14.34,True,0.7789
302,17,707.5,367.8,33.83,16.54,33.82,16.56,True,0.7715
302,18,810.05,231.05,40.88,2.29,40.87,2.28,True,0.7015
302,19,1587.19,373.88,98.78,17.14,98.78,17.13,True,0.7718
302,29,97.15,411.59,-10.37,20.83,-10.39,20.84,False,0.7953
302,36,1480.76,354.06,91.18,15.17,91.18,15.14,True,0.8181
302,38,779.46,951.02,41.34,65.04,41.33,65.04,True,0.7321
302,40,962.4,940.86,52.65,64.33,52.67,64.34,True,0.5731
302,46,803.49,954.27,42.83,65.27,42.83,65.32,True,0.5369
302,54,1242.08,624.0,71.71,40.0,71.7,40.0,True,0.4879
303,2,1498.5,630.5,89.09,40.54,89.12,40.56,True,0.7615
303,4,1722.66,397.71,108.33,19.48,108.33,19.51,False,0.8202
303,5,1486.22,621.79,88.35,39.81,88.39,39.79,True,0.7469
303,6,1870.42,411.65,118.84,20.84,118.85,20.86,False,0.7306
303,7,1672.0,336.13,105.71,13.35,105.74,13.33,False,0.7893
303,8,1897.46,409.99,120.84,20.67,120.86,20.71,False,0.6717
303,9,1877.46,487.3,117.72,27.96,117.75,27.96,False,0.7497
303,10,1051.9,460.02,59.09,25.43,59.1,25.42,True,0.8258
303,11,909.94,666.14,49.14,43.51,49.14,43.38,True,0.8286
303,12,1195.49,628.35,68.51,40.36,68.53,40.38,True,0.8184
303,13,1398.88,257.68,86.19,5.17,86.21,5.12,True,0.748
303,14,1512.87,509.31,91.52,29.97,91.54,29.97,True,0.8308
303,15,1087.24,345.55,61.98,14.31,61.99,14.32,True,0.7904
303,17,707.36,367.55,33.82,16.51,33.83,16.53,True,0.7818
303,18,809.94,230.43,40.87,2.22,40.88,2.23,True,0.7064
303,19,1587.2,373.15,98.79,17.07,98.79,17.1,True,0.7814
303,29,96.74,411.28,-10.41,20.8,-10.43,20.82,False,0.7972
303,36,1480.02,353.57,91.13,15.12,91.15,15.1,True,0.8193
303,38,778.68,950.38,41.29,65.0,41.27,65.04,True,0.7333
303,40,962.86,940.52,52.68,64.31,52.67,64.32,True,0.6508
303,46,803.25,954.1,42.82,65.26,42.81,65.37,True,0.4787
303,54,1241.64,623.96,71.68,39.99,71.7,40.0,True,0.3967
303,61,1242.15,618.63,71.74,39.54,71.75,39.53,True,0.5101
304,2,1498.82,630.49,89.11,40.54,89.12,40.55,True,0.7621
304,4,1723.02,397.61,108.36,19.47,108.35,19.49,False,0.8192
304,5,1486.55,622.41,88.37,39.86,88.38,39.85,True,0.734
304,6,1870.84,412.1,118.86,20.88,118.9,20.82,False,0.7307
304,7,1672.22,335.83,105.73,13.32,105.78,13.28,False,0.7731
304,8,1897.51,408.66,120.88,20.55,120.86,20.66,False,0.6912
304,9,1878.3,486.69,117.79,27.91,117.82,27.92,False,0.7589
304,10,1051.7,458.52,59.08,25.29,59.07,25.3,True,0.8179
304,11,909.8,668.44,49.13,43.69,49.12,43.61,True,0.8302
304,12,1193.8,628.45,68.4,40.37,68.45,40.38,True,0.8179
304,13,1398.91,257.55,86.2,5.15,86.22,5.05,True,0.7568
304,14,1513.44,508.71,91.57,29.92,91.59,29.9,True,0.8305
304,15,1085.85,345.84,61.87,14.34,61.87,14.3,True,0.8013
304,17,707.62,367.39,33.84,16.5,33.84,16.5,True,0.7711
304,18,810.06,229.8,40.88,2.15,40.87,2.15,True,0.6994
304,19,1587.38,373.12,98.8,17.07,98.83,17.06,True,0.7746
304,29,95.78,411.32,-10.48,20.8,-10.49,20.79,False,0.7842
304,36,1479.7,353.05,91.12,15.06,91.13,15.07,True,0.824
304,38,776.46,950.65,41.15,65.02,41.21,65.04,True,0.7414
304,40,963.41,940.28,52.71,64.29,52.68,64.31,True,0.6467
304,46,802.27,957.14,42.76,65.47,42.78,65.34,True,0.4013
304,54,1241.62,623.99,71.67,40.0,71.81,39.79,True,0.4209
304,61,1242.2,618.59,71.75,39.54,71.76,39.52,True,0.5025
305,2,1499.26,630.53,89.14,40.55,89.13,40.54,True,0.7617
305,4,1723.17,397.86,108.36,19.5,108.37,19.48,False,0.8148
305,5,1486.52,623.21,88.36,39.93,88.37,39.87,True,0.7254
305,6,1871.98,411.58,118.95,20.83,118.97,20.76,False,0.7219
305,7,1673.02,335.11,105.8,13.25,105.83,13.22,False,0.7726
305,8,1897.68,409.56,120.87,20.63,120.87,20.6,False,0.6902
305,9,1879.4,486.44,117.87,27.88,117.92,27.87,False,0.7443
305,10,1051.33,456.96,59.06,25.15,59.04,25.17,True,0.807
305,11,909.58,669.92,49.12,43.82,49.09,43.73,True,0.8309
305,12,1193.73,628.41,68.39,40.37,68.4,40.37,True,0.8153
305,13,1398.86,255.96,86.21,4.98,86.22,4.98,True,0.7495
305,14,1514.16,507.48,91.64,29.81,91.64,29.83,True,0.8311
305,15,1084.38,345.8,61.76,14.33,61.77,14.26,True,0.8022
305,17,707.9,367.08,33.86,16.47,33.83,16.47,True,0.7708
305,18,809.99,229.35,40.87,2.1,40.85,2.08,True,0.6997
305,19,1587.64,372.75,98.83,17.03,98.87,17.0,True,0.7611
305,29,95.03,410.99,-10.54,20.77,-10.56,20.75,False,0.7869
305,36,1479.53,352.56,91.11,15.01,91.12,15.01,True,0.8122
305,38,776.64,951.33,41.16,65.06,41.15,65.03,True,0.7168
305,40,962.79,940.33,52.67,64.3,52.69,64.3,True,0.6287
305,54,1241.97,624.02,71.7,40.0,71.94,39.58,True,0.3556
305,61,1242.6,618.23,71.77,39.51,71.77,39.5,True,0.5785
306,2,1499.41,630.59,89.15,40.55,89.15,40.54,True,0.7727
306,4,1723.67,397.73,108.4,19.48,108.41,19.46,False,0.8165
306,5,1487.01,622.95,88.39,39.91,88.37,39.86,True,0.7333
306,6,1872.85,410.2,119.05,20.69,119.04,20.67,False,0.6981
306,7,1674.26,333.92,105.92,13.13,105.88,13.14,False,0.7808
306,8,1897.88,409.46,120.89,20.62,120.88,20.54,False,0.6979
306,9,1881.46,485.85,118.03,27.83,118.03,27.81,False,0.779
306,10,1050.63,455.81,59.01,25.04,59.01,25.05,True,0.8256
306,11,908.66,670.41,49.05,43.86,49.06,43.77,True,0.837
306,12,1193.29,628.63,68.36,40.39,68.35,40.36,True,0.8155
306,13,1399.14,254.75,86.25,4.85,86.23,4.9,True,0.7587
306,14,1515.12,507.04,91.71,29.77,91.69,29.76,True,0.8278
306,15,1082.9,344.53,61.66,14.21,61.67,14.2,True,0.8004
306,17,707.6,367.11,33.83,16.47,33.81,16.43,True,0.7704
306,18,809.78,228.35,40.85,1.99,40.82,2.0,True,0.7211
306,19,1588.92,372.26,98.93,16.98,98.91,16.94,True,0.792
306,29,93.74,410.57,-10.64,20.73,-10.67,20.71,False,0.7852
306,36,1479.66,352.11,91.12,14.97,91.11,14.94,True,0.8177
306,38,776.02,951.23,41.12,65.06,41.11,65.03,True,0.7349
306,46,802.12,958.23,42.76,65.54,42.75,65.31,True,0.366
306,61,1242.8,617.74,71.79,39.47,71.77,39.46,True,0.6022
307,2,1499.6,630.28,89.17,40.53,89.16,40.53,True,0.7642
307,4,1723.84,397.75,108.41,19.49,108.44,19.43,False,0.8147
307,5,1486.54,622.01,88.37,39.83,88.37,39.82,True,0.7363
307,6,1873.51,408.72,119.13,20.55,119.13,20.55,False,0.6863
307,7,1674.82,333.03,105.97,13.04,105.94,13.07,False,0.777
307,8,1897.54,408.54,120.88,20.53,120.9,20.44,False,0.6804
307,9,1883.32,485.24,118.18,27.77,118.16,27.77,False,0.78
307,10,1050.18,454.58,58.98,24.92,58.96,24.95,True,0.8196
307,11,908.37,669.31,49.03,43.77,49.02,43.82,True,0.8327
307,12,1192.95,628.24,68.34,40.35,68.32,40.34,True,0.8157
307,13,1399.05,254.01,86.25,4.77,86.24,4.8,True,0.7573
307,14,1515.73,506.3,91.76,29.7,91.75,29.68,True,0.8241
307,15,1081.68,343.7,61.57,14.12,61.58,14.12,True,0.8096
307,17,707.32,366.34,33.81,16.39,33.79,16.37,True,0.7682
307,18,809.14,227.72,40.8,1.92,40.76,1.93,True,0.7272
307,19,1589.4,371.12,98.98,16.87,98.95,16.86,True,0.7841
307,29,92.47,409.84,-10.75,20.66,-10.78,20.65,False,0.7861
307,36,1479.66,351.26,91.14,14.88,91.11,14.87,True,0.8092
307,38,774.85,950.79,41.05,65.03,41.09,65.03,True,0.6927
307,61,1242.62,617.2,71.78,39.42,71.78,39.42,True,0.6028
308,2,1499.5,630.11,89.16,40.51,89.18,40.5,True,0.7589
308,4,1724.72,396.6,108.5,19.37,108.48,19.38,False,0.8232
308,5,1485.86,621.04,88.34,39.75,88.38,39.76,True,0.7406
308,6,1874.02,407.1,119.2,20.39,119.22,20.43,False,0.6918
308,7,1674.9,332.44,105.99,12.98,106.0,12.99,False,0.788
308,8,1897.06,406.61,120.89,20.35,120.93,20.29,False,0.6944
308,9,1884.64,484.23,118.29,27.68,118.3,27.71,False,0.7732
308,10,1049.06,453.99,58.9,24.87,58.91,24.87,True,0.8259
308,11,907.46,668.77,48.97,43.72,48.99,43.96,True,0.8274
308,12,1191.9,627.67,68.27,40.31,68.28,40.32,True,0.8195
308,13,1398.99,253.68,86.25,4.74,86.26,4.73,True,0.7568
308,14,1515.94,505.1,91.79,29.59,91.79,29.61,True,0.8222
308,15,1080.47,342.59,61.48,14.01,61.51,14.01,True,0.8094
308,17,706.36,365.64,33.73,16.32,33.76,16.3,True,0.7814
308,18,807.8,227.17,40.69,1.86,40.71,1.86,True,0.735
308,19,1589.2,369.96,98.99,16.75,99.0,16.8,True,0.7687
308,29,90.34,408.95,-10.92,20.57,-10.92,20.57,False,0.7812
308,36,1478.76,350.12,91.08,14.77,91.1,14.81,True,0.8145
308,38,774.8,950.39,41.05,65.0,41.07,65.03,True,0.5678
308,61,1242.43,616.55,71.77,39.37,71.78,39.39,True,0.6607
309,2,1499.77,629.86,89.18,40.49,89.21,40.47,True,0.7688
309,4,1724.98,395.75,108.53,19.29,108.53,19.31,False,0.8174
309,5,1486.3,620.31,88.37,39.69,88.39,39.69,True,0.742
309,6,1875.07,405.8,119.3,20.27,119.33,20.33,False,0.7101
309,7,1675.34,332.11,106.03,12.95,106.06,12.92,False,0.7823
309,8,1896.91,403.66,120.95,20.06,120.95,20.17,False,0.6751
309,9,1886.24,484.09,118.41,27.67,118.43,27.65,False,0.7782
309,10,1048.3,453.06,58.85,24.78,58.85,24.8,True,0.8309
309,11,907.08,671.37,48.95,43.93,48.97,44.15,True,0.8285
309,12,1191.15,627.23,68.22,40.27,68.25,40.3,True,0.8198
309,13,1399.01,252.99,86.26,4.66,86.27,4.66,True,0.757
309,14,1516.3,504.45,91.83,29.53,91.84,29.56,True,0.8207
309,15,1079.94,341.98,61.45,13.95,61.44,13.92,True,0.7959
309,17,706.16,364.38,33.71,16.2,33.73,16.23,True,0.7732
309,18,806.81,226.46,40.61,1.78,40.67,1.81,True,0.7015
309,19,1589.66,369.37,99.03,16.69,99.05,16.73,True,0.7822
309,29,88.52,408.26,-11.07,20.51,-11.05,20.49,False,0.7904
309,36,1478.72,349.65,91.09,14.72,91.09,14.75,True,0.8217
309,38,775.04,950.52,41.06,65.01,41.06,65.03,True,0.6808
309,61,1242.45,616.26,71.78,39.34,71.78,39.35,True,0.643
310,2,1500.26,629.17,89.22,40.43,89.26,40.44,True,0.7682
310,4,1725.36,395.34,108.57,19.25,108.59,19.23,False,0.8092
310,5,1486.66,619.5,88.41,39.62,88.42,39.61,True,0.7475
310,6,1876.89,405.45,119.44,20.24,119.46,20.24,False,0.7106
310,7,1676.08,331.39,106.1,12.87,106.12,12.85,False,0.7857
310,8,1897.4,402.1,121.02,19.91,121.02,20.01,False,0.6839
310,9,1888.18,483.29,118.57,27.59,118.56,27.6,False,0.7475
310,10,1047.71,452.82,58.81,24.76,58.8,24.72,True,0.8273
310,11,907.18,678.39,48.96,44.51,48.97,44.42,True,0.8191
310,12,1191.15,627.5,68.22,40.29,68.23,40.26,True,0.8193
310,13,1399.2,252.85,86.27,4.65,86.29,4.57,True,0.7592
310,14,1516.9,503.92,91.88,29.48,91.91,29.49,True,0.8196
310,15,1078.99,340.32,61.38,13.78,61.38,13.81,True,0.7916
310,17,706.17,363.7,33.71,16.13,33.71,16.16,True,0.7867
310,18,806.82,226.24,40.61,1.76,40.62,1.75,True,0.7059
310,19,1590.34,369.46,99.08,16.7,99.1,16.65,True,0.7906
310,29,87.16,407.01,-11.2,20.39,-11.18,20.4,False,0.781
310,36,1478.6,349.52,91.08,14.71,91.09,14.68,True,0.821
310,38,774.94,951.08,41.06,65.05,41.07,65.04,True,0.689
310,61,1242.48,616.15,71.78,39.33,71.78,39.32,True,0.638
311,2,1501.37,628.9,89.3,40.41,89.35,40.4,True,0.7585
311,4,1725.78,394.45,108.62,19.16,108.66,19.15,False,0.8094
311,5,1487.2,618.58,88.45,39.54,88.48,39.56,True,0.7524
311,6,1878.7,405.12,119.58,20.2,119.6,20.16,False,0.7132
311,7,1677.1,330.41,106.19,12.77,106.2,12.79,False,0.777
311,8,1897.66,403.07,121.02,20.0,121.12,19.83,False,0.6446
311,9,1889.8,482.7,118.69,27.54,118.71,27.56,False,0.7528
311,10,1046.44,451.7,58.72,24.65,58.75,24.63,True,0.8255
311,11,907.1,682.39,48.96,44.83,48.98,44.74,True,0.8213
311,12,1190.96,627.2,68.21,40.27,68.22,40.23,True,0.824
311,13,1399.46,251.23,86.31,4.47,86.31,4.47,True,0.7504
311,14,1518.12,503.93,91.96,29.48,92.0,29.44,True,0.8284
311,15,1077.86,339.69,61.3,13.72,61.3,13.72,True,0.7988
311,17,706.04,363.73,33.7,16.13,33.7,16.07,True,0.7942
311,18,806.96,226.13,40.62,1.75,40.6,1.66,True,0.685
311,19,1591.26,368.74,99.16,16.63,99.17,16.58,True,0.7856
311,29,85.83,406.26,-11.31,20.31,-11.3,20.33,False,0.7881
311,36,1478.52,349.01,91.08,14.66,91.1,14.61,True,0.824
311,38,775.21,951.31,41.07,65.06,41.06,65.03,True,0.7427
311,61,1242.27,615.78,71.77,39.3,71.8,39.3,True,0.6504
312,2,1503.22,628.36,89.44,40.36,89.44,40.36,True,0.7473
312,4,1727.36,393.53,108.75,19.07,108.73,19.08,False,0.7876
312,5,1488.26,617.78,88.54,39.47,88.54,39.51,True,0.735
312,6,1881.04,403.99,119.78,20.09,119.77,20.1,False,0.7302
312,7,1678.26,329.73,106.29,12.7,106.3,12.7,False,0.7653
312,8,1899.34,400.27,121.2,19.73,121.27,19.63,False,0.5975
312,9,1891.8,482.6,118.84,27.53,118.87,27.51,False,0.744
312,10,1046.35,450.6,58.71,24.55,58.7,24.54,True,0.8336
312,11,907.58,685.48,49.0,45.09,48.99,45.04,True,0.8301
312,12,1191.26,626.17,68.23,40.18,68.22,40.19,True,0.8237
312,13,1399.71,249.97,86.35,4.34,86.35,4.36,True,0.7426
312,14,1520.01,502.9,92.11,29.39,92.1,29.38,True,0.8249
312,15,1077.51,338.59,61.27,13.6,61.2,13.6,True,0.8004
312,17,706.3,362.7,33.71,16.03,33.69,15.99,True,0.7962
312,18,806.49,224.67,40.58,1.59,40.59,1.57,True,0.6984
312,19,1592.04,367.01,99.24,16.46,99.24,16.51,True,0.7795
312,29,85.0,405.45,-11.39,20.24,-11.41,20.26,False,0.7993
312,36,1478.62,347.84,91.1,14.54,91.11,14.52,True,0.8118
312,38,775.46,951.32,41.09,65.06,41.05,65.02,True,0.731
312,61,1242.9,615.17,71.81,39.25,71.81,39.27,True,0.6789
313,2,1505.4,627.51,89.59,40.29,89.55,40.32,True,0.7427
313,4,1728.21,392.36,108.83,18.96,108.81,19.0,False,0.7853
313,5,1489.38,617.76,88.61,39.47,88.61,39.47,True,0.7228
313,6,1882.62,403.18,119.91,20.01,119.97,20.02,False,0.7297
313,7,1679.45,329.22,106.39,12.65,106.4,12.61,False,0.7325
313,8,1901.18,397.34,121.4,19.45,121.45,19.4,False,0.5704
313,9,1894.35,482.18,119.03,27.49,119.05,27.47,False,0.7297
313,10,1045.49,449.26,58.65,24.42,58.65,24.42,True,0.8347
313,11,907.76,688.34,49.01,45.32,49.0,45.24,True,0.8369
313,12,1191.31,625.54,68.24,40.13,68.21,40.15,True,0.8166
313,13,1399.94,248.96,86.38,4.23,86.39,4.24,True,0.746
313,14,1521.68,502.03,92.24,29.31,92.21,29.34,True,0.8316
313,15,1075.16,337.88,61.1,13.53,61.09,13.51,True,0.7704
313,17,706.2,361.21,33.69,15.88,33.69,15.9,True,0.8053
313,18,806.59,223.17,40.58,1.42,40.57,1.46,True,0.7195
313,19,1593.06,366.43,99.33,16.4,99.33,16.41,True,0.7732
313,29,83.28,405.08,-11.52,20.2,-11.52,20.2,False,0.8127
313,36,1478.8,346.45,91.13,14.4,91.13,14.42,True,0.8088
313,38,774.24,950.24,41.01,64.99,41.03,65.01,True,0.7481
313,46,802.02,952.5,42.73,65.15,42.7,65.28,True,0.3747
313,61,1243.26,615.24,71.84,39.26,71.83,39.23,True,0.6703
313,63,1908.8,387.93,122.18,18.53,122.28,18.34,False,0.5847
314,2,1506.55,627.42,89.67,40.29,89.66,40.27,True,0.7475
314,4,1729.02,392.27,108.89,18.95,108.9,18.92,False,0.7898
314,5,1490.5,617.24,88.69,39.43,88.7,39.42,True,0.7106
314,6,1885.72,402.4,120.16,19.94,120.18,19.92,False,0.7373
314,7,1680.76,328.06,106.51,12.53,106.51,12.52,False,0.7596
314,8,1904.32,393.13,121.73,19.04,121.56,19.25,False,0.5313
314,9,1896.88,481.14,119.23,27.4,119.24,27.42,False,0.7498
314,10,1044.71,447.98,58.6,24.3,58.62,24.31,True,0.8354
314,11,907.62,690.12,49.01,45.46,49.02,45.37,True,0.8439
314,12,1190.47,625.17,68.19,40.1,68.19,40.12,True,0.8276
314,13,1400.35,247.92,86.42,4.12,86.44,4.12,True,0.7353
314,14,1522.75,501.5,92.32,29.26,92.31,29.28,True,0.8369
314,15,1072.81,336.49,60.93,13.39,60.98,13.41,True,0.8008
314,17,705.86,360.03,33.66,15.76,33.67,15.8,True,0.8079
314,18,806.58,222.22,40.57,1.32,40.54,1.34,True,0.682
314,19,1593.73,365.92,99.38,16.35,99.42,16.32,True,0.787
314,29,81.99,404.44,-11.63,20.14,-11.64,20.15,False,0.8106
314,36,1478.72,345.41,91.14,14.29,91.15,14.32,True,0.82
314,38,774.53,949.85,41.03,64.96,40.98,64.98,True,0.748
314,46,800.89,952.28,42.66,65.13,42.67,65.21,True,0.3765
314,61,1243.58,614.54,71.86,39.2,71.86,39.2,True,0.6726
314,63,1909.56,386.3,122.27,18.37,122.34,18.24,False,0.6125
315,2,1507.75,627.0,89.76,40.25,89.75,40.24,True,0.7218
315,4,1729.82,391.44,108.97,18.87,108.98,18.84,False,0.7843
315,5,1491.83,617.28,88.78,39.43,88.77,39.37,True,0.7039
315,6,1888.96,401.43,120.42,19.84,120.39,19.82,False,0.7069
315,7,1681.76,326.59,106.61,12.38,106.61,12.42,False,0.7688
315,8,1905.62,390.44,121.89,18.77,121.67,19.09,False,0.4379
315,9,1900.1,480.91,119.47,27.37,119.42,27.36,False,0.7734
315,10,1044.49,446.63,58.59,24.17,58.58,24.19,True,0.834
315,11,907.95,690.38,49.03,45.48,49.04,45.46,True,0.8455
315,12,1190.08,625.02,68.16,40.08,68.15,40.1,True,0.8231
315,13,1401.0,247.11,86.48,4.03,86.5,4.01,True,0.728
315,14,1523.89,501.27,92.4,29.24,92.41,29.21,True,0.8372
315,15,1071.5,335.77,60.83,13.32,60.86,13.33,True,0.7845
315,17,706.06,359.48,33.67,15.71,33.65,15.71,True,0.8056
315,18,805.87,221.15,40.51,1.2,40.51,1.25,True,0.7097
315,19,1595.22,364.37,99.52,16.2,99.51,16.25,True,0.7825
315,29,80.32,404.13,-11.76,20.11,-11.77,20.1,False,0.8082
315,36,1479.04,344.68,91.18,14.22,91.18,14.21,True,0.8262
315,38,772.99,950.08,40.93,64.98,40.94,64.95,True,0.7281
315,46,799.78,952.33,42.6,65.13,42.62,65.11,True,0.4422
315,61,1243.96,613.99,71.89,39.15,71.88,39.18,True,0.672
315,63,1910.35,383.67,122.39,18.11,122.37,18.25,False,0.5728
316,2,1508.82,626.13,89.84,40.18,89.82,40.23,True,0.7278
316,4,1730.81,390.28,109.06,18.76,109.06,18.78,False,0.7891
316,5,1492.93,615.96,88.87,39.32,88.85,39.31,True,0.6955
316,6,1891.64,400.07,120.64,19.71,120.62,19.72,False,0.6865
316,7,1683.26,326.15,106.73,12.34,106.72,12.32,False,0.7813
316,9,1902.41,480.21,119.65,27.31,119.59,27.29,False,0.7719
316,10,1043.9,445.84,58.54,24.1,58.55,24.08,True,0.8397
316,11,908.42,690.54,49.06,45.5,49.05,45.57,True,0.8436
316,12,1189.37,625.24,68.11,40.1,68.11,40.11,True,0.8169
316,13,1402.25,245.75,86.59,3.88,86.57,3.9,True,0.7193
316,14,1525.16,500.73,92.5,29.19,92.5,29.14,True,0.8417
316,15,1070.58,334.87,60.77,13.23,60.75,13.24,True,0.7918
316,17,705.59,358.78,33.63,15.64,33.63,15.63,True,0.8154
316,18,805.28,221.04,40.47,1.19,40.47,1.17,True,0.7179
316,19,1596.7,364.06,99.63,16.17,99.61,16.2,True,0.7715
316,29,78.37,403.64,-11.91,20.06,-11.89,20.06,False,0.8128
316,36,1479.3,343.78,91.21,14.13,91.22,14.11,True,0.8109
316,38,771.66,949.06,40.85,64.91,40.93,64.94,True,0.6716
316,46,799.84,951.87,42.6,65.1,42.56,65.1,True,0.4535
316,61,1244.14,614.07,71.9,39.16,71.9,39.14,True,0.6821
316,63,1911.55,382.24,122.51,17.97,122.42,18.18,False,0.5688
317,2,1509.4,626.39,89.88,40.2,89.88,40.22,True,0.7216
317,4,1731.78,389.53,109.15,18.68,109.15,18.7,False,0.7926
317,5,1493.42,614.71,88.92,39.21,88.93,39.23,True,0.7243
317,6,1894.02,398.98,120.84,19.61,120.84,19.62,False,0.7161
317,7,1684.1,324.94,106.82,12.21,106.83,12.24,False,0.7738
317,9,1903.21,479.26,119.72,27.22,119.73,27.23,False,0.777
317,10,1043.46,444.47,58.52,23.97,58.52,23.97,True,0.8402
317,11,908.63,691.19,49.07,45.55,49.06,45.73,True,0.8429
317,12,1188.51,625.34,68.05,40.11,68.07,40.12,True,0.8062
317,13,1402.78,244.87,86.64,3.79,86.65,3.75,True,0.722
317,14,1526.23,498.92,92.6,29.03,92.59,29.07,True,0.8359
317,15,1069.06,334.35,60.65,13.17,60.67,13.15,True,0.8141
317,17,705.32,357.95,33.61,15.56,33.62,15.56,True,0.8108
317,18,804.61,220.44,40.41,1.12,40.43,1.08,True,0.7267
317,19,1597.58,363.93,99.7,16.15,99.72,16.15,True,0.7776
317,29,76.95,403.08,-12.02,20.01,-12.02,20.0,False,0.8039
317,36,1479.54,342.68,91.24,14.02,91.28,14.0,True,0.8092
317,38,771.93,949.35,40.86,64.93,40.96,64.95,True,0.6525
317,61,1244.26,613.67,71.92,39.12,71.92,39.11,True,0.6813
317,63,1912.62,385.55,122.52,18.29,122.47,18.12,False,0.4269
318,2,1510.2,626.77,89.93,40.23,89.95,40.23,True,0.726
318,4,1732.72,388.87,109.23,18.62,109.24,18.63,False,0.7769
318,5,1494.3,613.88,88.99,39.14,89.01,39.15,True,0.7213
318,6,1896.4,397.84,121.04,19.5,121.02,19.55,False,0.7157
318,7,1685.13,324.11,106.91,12.13,106.94,12.16,False,0.7831
318,9,1904.86,478.42,119.86,27.14,119.84,27.18,False,0.7489
318,10,1042.95,443.41,58.48,23.87,58.49,23.86,True,0.8395
318,11,908.52,695.08,49.07,45.86,49.07,45.97,True,0.8434
318,12,1188.1,625.69,68.02,40.14,68.03,40.15,True,0.8052
318,13,1403.49,243.65,86.71,3.66,86.72,3.6,True,0.7168
318,14,1527.22,498.23,92.68,28.96,92.68,28.99,True,0.8275
318,15,1068.14,333.33,60.59,13.07,60.59,13.08,True,0.8234
318,17,705.1,357.14,33.59,15.47,33.59,15.48,True,0.8024
318,18,804.28,219.41,40.38,1.01,40.41,1.01,True,0.7191
318,19,1599.05,363.6,99.81,16.12,99.81,16.12,True,0.768
318,29,75.54,402.79,-12.13,19.98,-12.16,19.92,False,0.7805
318,36,1480.53,341.61,91.33,13.91,91.34,13.9,True,0.8007
318,38,773.63,949.45,40.97,64.93,41.05,64.97,True,0.6338
318,61,1244.64,613.17,71.94,39.08,71.94,39.07,True,0.6799
319,2,1511.43,627.04,90.01,40.25,90.03,40.27,True,0.7305
319,4,1734.14,388.54,109.34,18.59,109.33,18.55,False,0.7951
319,5,1495.85,612.92,89.11,39.06,89.07,39.09,True,0.7443
319,6,1898.95,397.39,121.24,19.45,121.2,19.47,False,0.7374
319,7,1687.18,324.01,107.07,12.12,107.05,12.08,False,0.7818
319,9,1906.28,478.06,119.97,27.11,119.93,27.14,False,0.7592
319,10,1042.64,442.13,58.46,23.75,58.46,23.75,True,0.8417
319,11,908.52,700.12,49.08,46.27,49.08,46.28,True,0.8364
319,12,1187.64,626.15,67.99,40.18,68.0,40.16,True,0.7989
319,13,1404.48,241.29,86.82,3.4,86.78,3.46,True,0.6966
319,14,1528.59,497.82,92.78,28.93,92.77,28.91,True,0.8297
319,15,1067.02,332.44,60.51,12.98,60.5,13.0,True,0.8067
319,17,705.1,356.41,33.58,15.4,33.58,15.41,True,0.8169
319,18,804.42,218.28,40.39,0.89,40.39,0.92,True,0.713
319,19,1600.46,363.54,99.92,16.11,99.91,16.06,True,0.7855
319,29,74.07,401.47,-12.27,19.85,-12.29,19.83,False,0.7716
319,36,1481.52,339.97,91.42,13.74,91.42,13.81,True,0.8049
319,38,777.18,950.57,41.19,65.01,41.16,65.0,True,0.6061
319,61,1244.72,612.57,71.95,39.03,71.96,39.03,True,0.6931
320,2,1513.02,627.59,90.11,40.3,90.13,40.3,True,0.7427
320,4,1734.98,387.41,109.42,18.48,109.43,18.47,False,0.799
320,5,1496.52,612.42,89.16,39.02,89.11,39.07,True,0.7582
320,6,1900.55,397.63,121.35,19.47,121.35,19.4,False,0.7355
320,7,1688.54,323.06,107.19,12.02,107.17,11.99,False,0.7816
320,9,1907.02,478.17,120.02,27.12,120.02,27.12,False,0.7424
320,10,1042.14,440.77,58.43,23.62,58.44,23.64,True,0.8405
320,11,908.66,705.04,49.09,46.66,49.08,46.63,True,0.8351
320,12,1187.37,626.45,67.97,40.2,67.98,40.18,True,0.7919
320,13,1404.73,240.21,86.85,3.28,86.85,3.32,True,0.721
320,14,1529.52,497.03,92.86,28.85,92.86,28.85,True,0.8263
320,15,1065.74,332.14,60.41,12.95,60.41,12.9,True,0.8259
320,17,704.82,355.76,33.56,15.34,33.57,15.34,True,0.8176
320,18,804.41,217.77,40.39,0.83,40.39,0.81,True,0.7096
320,19,1601.34,362.72,100.0,16.03,100.02,15.98,True,0.7927
320,29,72.07,400.09,-12.45,19.71,-12.42,19.74,False,0.7943
320,36,1482.54,339.57,91.5,13.7,91.52,13.72,True,0.8009
320,38,779.77,951.16,41.36,65.05,41.26,65.03,True,0.5586
320,61,1245.08,611.9,71.98,38.97,71.98,38.98,True,0.6526
321,2,1515.08,628.27,90.24,40.36,90.25,40.34,True,0.7267
321,4,1736.12,386.29,109.53,18.37,109.53,18.39,False,0.8056
321,5,1496.4,612.61,89.15,39.03,89.16,39.07,True,0.7675
321,6,1902.34,396.2,121.51,19.34,121.49,19.34,False,0.7359
321,7,1689.57,322.16,107.28,11.93,107.28,11.9,False,0.7829
321,9,1907.91,478.1,120.08,27.11,120.09,27.12,False,0.7195
321,10,1041.95,439.88,58.42,23.54,58.41,23.54,True,0.8416
321,11,908.55,709.76,49.09,47.04,49.08,46.96,True,0.8301
321,12,1187.22,626.25,67.96,40.19,67.96,40.2,True,0.7869
321,13,1405.08,239.06,86.89,3.16,86.92,3.2,True,0.7097
321,14,1530.67,496.47,92.95,28.8,92.95,28.77,True,0.8251
321,15,1064.95,331.02,60.36,12.83,60.33,12.8,True,0.8279
321,17,704.94,355.12,33.56,15.27,33.56,15.26,True,0.816
321,18,804.64,216.97,40.4,0.74,40.39,0.7,True,0.6898
321,19,1602.6,361.51,100.11,15.91,100.13,15.88,True,0.7911
321,29,70.68,398.94,-12.57,19.6,-12.57,19.64,False,0.7779
321,36,1483.84,339.33,91.6,13.68,91.62,13.63,True,0.8067
321,38,780.4,951.66,41.4,65.09,41.36,65.06,True,0.607
321,61,1245.4,611.51,72.01,38.94,72.0,38.94,True,0.6224
322,2,1517.11,628.36,90.38,40.36,90.37,40.37,True,0.7288
322,4,1737.57,385.48,109.65,18.29,109.64,18.29,False,0.8097
322,5,1496.68,613.44,89.16,39.1,89.19,39.08,True,0.7773
322,6,1903.62,395.21,121.63,19.24,121.61,19.26,False,0.7173
322,7,1690.7,320.58,107.39,11.77,107.38,11.8,False,0.7912
322,9,1909.06,478.2,120.16,27.12,120.16,27.11,False,0.6984
322,10,1041.51,438.87,58.39,23.44,58.39,23.45,True,0.8408
322,11,908.11,713.32,49.06,47.33,49.06,47.22,True,0.8295
322,12,1187.08,626.03,67.95,40.17,67.94,40.22,True,0.7846
322,13,1406.24,238.29,86.99,3.08,86.98,3.12,True,0.7294
322,14,1531.66,495.61,93.03,28.72,93.04,28.67,True,0.8374
322,15,1062.62,329.32,60.19,12.66,60.25,12.7,True,0.7683
322,17,704.88,354.42,33.55,15.2,33.55,15.16,True,0.8188
322,18,804.86,215.62,40.41,0.59,40.38,0.58,True,0.714
322,19,1604.12,359.89,100.25,15.75,100.22,15.76,True,0.7911
322,29,69.16,398.41,-12.69,19.55,-12.71,19.55,False,0.7879
322,36,1485.46,338.38,91.74,13.58,91.72,13.56,True,0.8171
322,38,780.41,951.45,41.4,65.07,41.37,65.1,True,0.6187
322,46,798.16,951.32,42.49,65.06,42.52,65.12,True,0.3733
322,54,1249.64,611.94,72.29,38.98,72.07,39.34,True,0.3594
322,59,767.79,950.48,40.61,65.01,41.02,65.06,True,0.5173
322,61,1245.76,611.09,72.03,38.9,72.02,38.89,True,0.5716
323,2,1518.98,628.97,90.5,40.42,90.49,40.38,True,0.7343
323,4,1738.52,384.78,109.73,18.22,109.74,18.21,False,0.8081
323,5,1497.35,613.77,89.2,39.13,89.22,39.1,True,0.7698
323,6,1904.41,394.82,121.7,19.2,121.71,19.16,False,0.6701
323,7,1691.43,319.61,107.47,11.67,107.49,11.7,False,0.7786
323,9,1909.88,478.23,120.22,27.13,120.25,27.09,False,0.6711
323,10,1041.14,438.11,58.36,23.37,58.37,23.37,True,0.8519
323,11,908.02,715.53,49.06,47.5,49.04,47.4,True,0.8325
323,12,1186.53,627.04,67.91,40.25,67.93,40.24,True,0.7776
323,13,1406.86,238.34,87.04,3.08,87.05,3.05,True,0.7283
323,14,1532.76,493.53,93.13,28.53,93.15,28.58,True,0.8305
323,15,1062.36,328.34,60.17,12.56,60.2,12.58,True,0.8221
323,17,704.76,353.34,33.54,15.09,33.53,15.06,True,0.8134
323,18,804.39,214.25,40.37,0.44,40.36,0.43,True,0.6905
323,19,1605.06,358.26,100.35,15.59,100.32,15.67,True,0.7863
323,29,67.28,397.68,-12.85,19.48,-12.85,19.48,False,0.7814
323,36,1486.56,337.11,91.84,13.45,91.84,13.47,True,0.8141
323,38,781.06,951.84,41.44,65.1,41.35,65.13,True,0.6531
323,46,797.64,951.78,42.46,65.1,42.5,65.16,True,0.4168
323,54,1250.2,611.1,72.34,38.91,72.22,39.1,True,0.4618
323,61,1245.97,610.57,72.05,38.86,72.04,38.85,True,0.498
324,2,1520.82,628.81,90.63,40.4,90.6,40.39,True,0.7553
324,4,1740.05,383.7,109.87,18.11,109.84,18.13,False,0.8138
324,5,1498.16,613.39,89.26,39.1,89.26,39.12,True,0.7843
324,6,1906.0,393.51,121.84,19.07,121.79,19.05,False,0.6911
324,7,1692.84,318.87,107.59,11.59,107.6,11.57,False,0.7823
324,9,1911.27,477.54,120.34,27.06,120.34,27.06,False,0.6124
324,10,1040.76,437.21,58.34,23.28,58.34,23.27,True,0.8561
324,11,907.32,716.44,49.01,47.58,49.01,47.5,True,0.836
324,12,1186.67,627.57,67.92,40.3,67.92,40.28,True,0.7819
324,13,1407.8,237.81,87.12,3.02,87.11,2.98,True,0.7224
324,14,1534.06,492.5,93.24,28.44,93.25,28.49,True,0.8282
324,15,1061.94,327.82,60.14,12.51,60.14,12.46,True,0.8137
324,17,704.68,351.49,33.52,14.91,33.52,14.96,True,0.8087
324,18,803.88,212.9,40.32,0.29,40.34,0.27,True,0.7221
324,19,1605.55,357.58,100.39,15.52,100.42,15.57,True,0.788
324,29,65.35,396.96,-13.01,19.41,-13.0,19.41,False,0.7858
324,36,1487.68,336.4,91.93,13.38,91.94,13.36,True,0.8165
324,38,778.16,952.82,41.26,65.17,41.3,65.16,True,0.6512
324,46,797.71,953.76,42.47,65.23,42.47,65.21,True,0.4466
324,54,1250.6,610.22,72.37,38.83,72.36,38.86,True,0.3796
324,61,1245.78,609.79,72.04,38.79,72.04,38.83,True,0.4833
325,2,1521.99,628.43,90.71,40.37,90.7,40.41,True,0.7596
325,4,1740.96,383.22,109.94,18.06,109.95,18.06,False,0.8091
325,5,1499.24,614.08,89.33,39.16,89.33,39.1,True,0.7866
325,6,1905.98,392.32,121.87,18.96,121.87,18.9,False,0.7209
325,7,1694.38,318.24,107.71,11.53,107.71,11.48,False,0.7716
325,9,1912.63,477.32,120.44,27.04,120.43,27.0,False,0.5479
325,10,1040.5,436.4,58.32,23.21,58.32,23.18,True,0.8543
325,11,906.6,715.94,48.96,47.54,48.98,47.56,True,0.8347
325,12,1186.5,627.75,67.9,40.31,67.91,40.3,True,0.7861
325,13,1408.6,236.99,87.19,2.93,87.18,2.88,True,0.7369
325,14,1536.19,492.13,93.4,28.41,93.37,28.41,True,0.8235
325,15,1061.9,326.34,60.14,12.36,60.11,12.33,True,0.792
325,17,704.44,350.77,33.5,14.83,33.5,14.85,True,0.8088
325,18,803.97,210.98,40.32,0.08,40.31,0.11,True,0.7361
325,19,1606.82,358.15,100.48,15.58,100.52,15.48,True,0.774
325,29,63.74,396.3,-13.14,19.35,-13.15,19.32,False,0.7904
325,36,1489.35,335.12,92.07,13.25,92.03,13.27,True,0.8153
325,38,777.8,953.37,41.24,65.21,41.2,65.2,True,0.6375
325,46,797.53,954.67,42.46,65.3,42.47,65.3,True,0.3811
325,54,1250.85,609.89,72.39,38.8,72.39,38.81,True,0.546
325,61,1245.9,609.64,72.05,38.78,72.05,38.81,True,0.3716
326,2,1523.06,628.89,90.78,40.41,90.81,40.41,True,0.7786
326,4,1741.86,382.43,110.02,17.99,110.07,17.98,False,0.8125
326,5,1499.79,613.34,89.37,39.1,89.39,39.07,True,0.795
326,6,1905.97,390.55,121.91,18.78,121.94,18.7,False,0.7372
326,7,1695.35,316.14,107.83,11.31,107.84,11.39,False,0.7779
326,9,1913.5,476.11,120.53,26.93,120.48,26.96,False,0.519
326,10,1040.36,434.97,58.31,23.07,58.3,23.07,True,0.8499
326,11,906.32,715.8,48.95,47.53,48.95,47.66,True,0.8356
326,12,1186.5,628.13,67.9,40.35,67.91,40.3,True,0.7784
326,13,1408.73,235.68,87.22,2.79,87.24,2.75,True,0.7502
326,14,1537.12,491.59,93.47,28.36,93.5,28.35,True,0.8142
326,15,1060.62,324.7,60.05,12.19,60.06,12.19,True,0.7942
326,17,704.47,350.07,33.49,14.76,33.49,14.75,True,0.7949
326,18,803.66,209.71,40.29,-0.06,40.28,-0.04,False,0.7521
326,19,1608.37,356.68,100.62,15.43,100.61,15.41,True,0.7621
326,29,61.78,395.23,-13.3,19.24,-13.3,19.24,False,0.789
326,36,1489.84,334.13,92.12,13.15,92.13,13.18,True,0.8198
326,38,776.22,953.88,41.14,65.24,41.04,65.24,True,0.6457
326,54,1251.03,609.66,72.4,38.78,72.41,38.77,True,0.6153
327,2,1524.8,629.22,90.89,40.44,90.93,40.41,True,0.7864
327,4,1744.06,381.7,110.2,17.91,110.18,17.92,False,0.8094
327,5,1501.11,612.33,89.47,39.01,89.46,39.04,True,0.7941
327,6,1906.51,387.54,122.02,18.49,122.0,18.49,False,0.7336
327,7,1697.18,315.91,107.97,11.29,107.96,11.29,False,0.7728
327,9,1914.12,474.97,120.6,26.82,120.52,26.93,False,0.4651
327,10,1039.97,433.87,58.28,22.97,58.28,22.96,True,0.8469
327,11,906.02,717.17,48.93,47.63,48.93,47.86,True,0.8383
327,12,1186.56,627.61,67.91,40.3,67.92,40.29,True,0.7789
327,13,1409.59,233.64,87.31,2.57,87.28,2.61,True,0.7494
327,14,1539.25,491.0,93.63,28.3,93.62,28.29,True,0.822
327,15,1060.3,323.19,60.03,12.03,60.01,12.04,True,0.7948
327,17,703.99,349.2,33.45,14.68,33.48,14.68,True,0.79
327,18,803.33,208.28,40.26,-0.22,40.26,-0.17,False,0.7416
327,19,1609.68,355.36,100.74,15.3,100.74,15.32,True,0.7635
327,29,60.31,394.22,-13.43,19.14,-13.47,19.16,False,0.7944
327,36,1490.94,333.58,92.21,13.1,92.22,13.1,True,0.8164
327,46,797.79,955.65,42.48,65.36,42.48,65.39,True,0.4324
327,54,1251.43,609.27,72.43,38.75,72.44,38.74,True,0.6653
327,59,766.92,952.92,40.57,65.18,40.95,65.08,True,0.6631
328,2,1526.88,629.21,91.03,40.44,91.06,40.41,True,0.7808
328,4,1745.63,380.97,110.33,17.84,110.31,17.84,False,0.811
328,5,1501.84,612.06,89.53,38.99,89.54,38.98,True,0.7907
328,6,1906.48,384.7,122.08,18.21,122.06,18.26,False,0.722
328,7,1698.5,315.4,108.08,11.23,108.09,11.17,False,0.7631
328,10,1039.61,432.45,58.26,22.83,58.27,22.82,True,0.8472
328,11,905.63,722.1,48.91,48.03,48.92,48.13,True,0.832
328,12,1186.8,627.07,67.93,40.26,67.94,40.27,True,0.779
328,13,1409.91,232.56,87.34,2.45,87.34,2.46,True,0.7642
328,14,1540.76,490.22,93.74,28.23,93.75,28.24,True,0.8264
328,15,1059.12,321.72,59.94,11.88,59.94,11.9,True,0.7978
328,17,704.39,348.35,33.48,14.59,33.48,14.61,True,0.7895
328,18,802.94,207.82,40.23,-0.27,40.24,-0.29,False,0.7504
328,19,1610.94,354.65,100.84,15.22,100.86,15.19,True,0.7713
328,29,57.8,393.49,-13.63,19.07,-13.66,19.07,False,0.7762
328,36,1491.98,333.07,92.3,13.04,92.29,13.01,True,0.8253
328,46,798.06,957.66,42.5,65.5,42.48,65.45,True,0.4622
328,54,1251.9,608.78,72.47,38.71,72.46,38.71,True,0.7012
328,59,766.61,953.18,40.55,65.19,40.61,65.15,True,0.6788
328,66,1912.08,390.19,122.37,18.75,122.39,18.69,False,0.4364
329,2,1529.48,628.62,91.22,40.39,91.2,40.39,True,0.7879
329,4,1746.7,380.59,110.42,17.8,110.45,17.77,False,0.8147
329,5,1502.98,611.66,89.61,38.95,89.61,38.94,True,0.7813
329,6,1906.44,382.58,122.13,18.0,122.13,18.03,False,0.7159
329,7,1699.94,313.97,108.21,11.09,108.23,11.08,False,0.7787
329,10,1039.24,431.04,58.24,22.7,58.26,22.69,True,0.8327
329,11,905.42,728.88,48.9,48.56,48.91,48.49,True,0.8308
329,12,1187.09,626.74,67.95,40.23,67.96,40.24,True,0.7854
329,13,1409.94,231.42,87.36,2.33,87.4,2.31,True,0.7624
329,14,1542.57,489.58,93.88,28.17,93.87,28.19,True,0.8088
329,15,1058.1,320.49,59.87,11.76,59.86,11.77,True,0.806
329,17,704.39,348.04,33.48,14.56,33.49,14.53,True,0.7837
329,18,802.36,206.85,40.18,-0.38,40.23,-0.41,False,0.7428
329,19,1612.68,353.01,101.0,15.06,100.97,15.1,True,0.7709
329,29,54.9,392.57,-13.87,18.98,-13.85,18.98,False,0.7888
329,36,1492.98,332.12,92.38,12.95,92.38,12.93,True,0.8269
329,46,797.76,958.4,42.49,65.56,42.48,65.5,True,0.4793
329,54,1252.17,608.39,72.49,38.68,72.49,38.68,True,0.7079
329,59,769.02,953.33,40.7,65.2,40.61,65.19,True,0.7101
329,66,1912.28,388.93,122.41,18.62,122.39,18.69,False,0.3956
330,2,1531.55,628.23,91.36,40.35,91.35,40.38,True,0.7964
330,4,1748.51,379.04,110.58,17.65,110.57,17.71,False,0.8325
330,5,1504.19,610.69,89.7,38.87,89.69,38.89,True,0.7813
330,6,1906.64,380.85,122.18,17.83,122.19,17.81,False,0.7401
330,7,1701.7,312.68,108.37,10.95,108.36,10.95,False,0.7898
330,10,1039.7,429.25,58.27,22.52,58.26,22.55,True,0.8482
330,11,905.57,733.31,48.92,48.91,48.91,48.87,True,0.8283
330,12,1187.69,626.53,67.99,40.21,67.99,40.21,True,0.7999
330,13,1410.86,229.75,87.45,2.14,87.45,2.18,True,0.7486
330,14,1544.3,489.23,94.01,28.14,93.99,28.13,True,0.8181
330,15,1057.15,319.3,59.8,11.64,59.77,11.65,True,0.7566
330,17,704.83,346.97,33.5,14.45,33.5,14.45,True,0.7853
330,18,803.08,205.58,40.23,-0.52,40.22,-0.54,False,0.7546
330,19,1613.93,352.02,101.11,14.96,101.08,15.02,True,0.775
330,29,52.28,391.94,-14.07,18.92,-14.05,18.91,False,0.7885
330,36,1493.76,330.76,92.46,12.81,92.46,12.83,True,0.8347
330,46,797.58,958.11,42.48,65.54,42.46,65.54,True,0.5335
330,54,1252.74,607.89,72.53,38.63,72.52,38.65,True,0.7068
331,2,1533.48,628.08,91.5,40.34,91.5,40.39,True,0.8032
331,4,1750.11,379.05,110.7,17.65,110.69,17.65,False,0.8355
331,5,1505.02,610.57,89.76,38.86,89.76,38.85,True,0.7759
331,6,1906.75,378.81,122.24,17.63,122.25,17.61,False,0.766
331,7,1703.25,311.47,108.51,10.83,108.5,10.82,False,0.725
331,10,1039.54,428.28,58.26,22.43,58.27,22.42,True,0.8431
331,11,905.4,738.41,48.91,49.32,48.92,49.2,True,0.8235
331,12,1187.84,626.16,68.0,40.18,68.02,40.19,True,0.8067
331,13,1411.62,228.82,87.52,2.04,87.52,2.07,True,0.7568
331,14,1545.62,488.92,94.11,28.11,94.12,28.08,True,0.8277
331,15,1055.38,318.41,59.67,11.54,59.69,11.53,True,0.7986
331,17,705.16,346.11,33.52,14.37,33.51,14.39,True,0.7827
331,18,803.22,204.25,40.24,-0.67,40.22,-0.69,False,0.7021
331,19,1614.94,352.07,101.18,14.97,101.2,14.92,True,0.7806
331,29,50.17,390.84,-14.25,18.81,-14.23,18.85,False,0.7878
331,36,1494.7,330.28,92.54,12.76,92.56,12.72,True,0.8403
331,38,772.4,954.44,40.91,65.28,40.9,65.27,True,0.7012
331,46,797.05,958.43,42.44,65.56,42.44,65.56,True,0.5377
331,54,1252.77,607.71,72.53,38.62,72.54,38.61,True,0.7243
332,2,1535.58,628.82,91.63,40.4,91.64,40.43,True,0.8055
332,4,1751.4,378.68,110.8,17.62,110.82,17.58,False,0.8315
332,5,1506.06,609.7,89.84,38.79,89.84,38.8,True,0.759
332,6,1907.05,376.21,122.32,17.37,122.32,17.44,False,0.7985
332,7,1704.41,309.81,108.63,10.66,108.65,10.69,False,0.7282
332,10,1039.72,426.78,58.28,22.29,58.28,22.28,True,0.8494
332,11,905.45,741.07,48.92,49.52,48.94,49.42,True,0.8304
332,12,1188.62,626.11,68.06,40.18,68.06,40.16,True,0.8161
332,13,1412.26,227.76,87.59,1.93,87.58,1.97,True,0.7344
332,14,1547.18,487.94,94.23,28.02,94.24,28.02,True,0.8214
332,15,1054.2,317.34,59.58,11.43,59.62,11.43,True,0.7936
332,17,705.1,345.4,33.51,14.29,33.52,14.3,True,0.7672
332,18,803.01,202.72,40.21,-0.84,40.22,-0.84,False,0.6988
332,19,1616.16,351.24,101.28,14.88,101.29,14.85,True,0.7949
332,29,48.12,390.63,-14.41,18.79,-14.4,18.79,False,0.8007
332,36,1495.74,328.74,92.64,12.6,92.67,12.6,True,0.8276
332,38,768.2,954.64,40.65,65.29,40.78,65.29,True,0.6758
332,46,796.1,958.29,42.39,65.55,42.42,65.54,True,0.527
332,54,1253.1,607.37,72.56,38.59,72.57,38.57,True,0.719
333,2,1538.18,629.84,91.79,40.49,91.78,40.49,True,0.8068
333,4,1753.22,377.91,110.95,17.54,110.96,17.52,False,0.8236
333,5,1507.06,609.62,89.91,38.78,89.91,38.75,True,0.7659
333,6,1907.54,374.53,122.4,17.21,122.4,17.28,False,0.7991
333,7,1706.3,308.84,108.79,10.56,108.8,10.57,False,0.8195
333,10,1039.79,425.55,58.29,22.17,58.27,22.15,True,0.8432
333,11,905.97,742.88,48.95,49.67,48.96,49.58,True,0.8324
333,12,1189.37,625.79,68.11,40.15,68.09,40.13,True,0.8148
333,13,1413.18,227.75,87.66,1.93,87.64,1.86,True,0.7343
333,14,1549.04,487.21,94.37,27.95,94.35,27.97,True,0.8281
333,15,1053.47,316.02,59.53,11.3,59.55,11.32,True,0.7946
333,17,705.36,345.14,33.53,14.27,33.54,14.24,True,0.7795
333,18,803.14,201.09,40.22,-1.02,40.23,-0.99,False,0.7117
333,19,1617.49,349.7,101.41,14.73,101.4,14.78,True,0.8084
333,29,46.21,390.21,-14.56,18.75,-14.56,18.72,False,0.7977
333,36,1497.58,327.63,92.79,12.49,92.77,12.5,True,0.8303
333,38,766.48,955.47,40.55,65.35,40.65,65.29,True,0.6817
333,46,796.1,958.88,42.39,65.59,42.4,65.48,True,0.5569
333,54,1253.38,606.75,72.58,38.54,72.6,38.53,True,0.7065
334,2,1540.14,631.08,91.91,40.59,91.92,40.54,True,0.8144
334,4,1754.87,376.99,111.09,17.45,111.1,17.44,False,0.8276
334,5,1508.05,608.72,89.99,38.7,89.97,38.69,True,0.7753
334,6,1908.11,373.82,122.46,17.14,122.48,17.14,False,0.8034
334,7,1708.04,307.85,108.94,10.45,108.96,10.45,False,0.8246
334,10,1039.63,423.59,58.28,21.98,58.26,22.02,True,0.8504
334,11,906.82,743.0,49.01,49.68,48.99,49.67,True,0.8383
334,12,1189.71,625.21,68.13,40.1,68.12,40.09,True,0.8183
334,13,1413.57,226.56,87.7,1.79,87.69,1.74,True,0.7571
334,14,1550.5,486.64,94.49,27.9,94.47,27.89,True,0.8305
334,15,1053.19,315.31,59.51,11.22,59.5,11.21,True,0.7866
334,17,705.77,343.9,33.55,14.14,33.54,14.15,True,0.78
334,18,803.09,200.07,40.21,-1.13,40.23,-1.14,False,0.7193
334,19,1618.4,349.32,101.48,14.69,101.52,14.67,True,0.8096
334,29,44.39,389.4,-14.71,18.67,-14.73,18.64,False,0.7827
334,36,1499.11,326.41,92.92,12.36,92.87,12.38,True,0.8389
334,38,768.54,954.6,40.67,65.29,40.54,65.29,True,0.7108
334,46,796.26,957.28,42.39,65.48,42.39,65.4,True,0.4864
334,54,1254.08,606.12,72.63,38.48,72.63,38.47,True,0.7282
335,2,1542.47,631.25,92.07,40.61,92.06,40.62,True,0.8346
335,4,1756.98,375.97,111.26,17.35,111.25,17.35,False,0.8158
335,5,1508.66,607.83,90.04,38.63,90.04,38.65,True,0.774
335,6,1909.2,373.04,122.56,17.06,122.57,17.04,False,0.7748
335,7,1710.36,306.72,109.14,10.34,109.15,10.31,False,0.81
335,10,1039.09,422.34,58.24,21.86,58.24,21.91,True,0.8515
335,11,907.19,743.3,49.03,49.7,49.01,49.82,True,0.8381
335,12,1189.87,624.42,68.15,40.03,68.13,40.05,True,0.8196
335,13,1413.78,224.71,87.74,1.59,87.75,1.59,True,0.7262
335,14,1551.52,486.14,94.56,27.86,94.58,27.82,True,0.8207
335,15,1052.46,314.26,59.46,11.12,59.47,11.07,True,0.7963
335,17,706.02,343.62,33.57,14.11,33.55,14.05,True,0.7837
335,18,803.7,198.5,40.25,-1.31,40.23,-1.27,False,0.7087
335,19,1620.26,348.53,101.63,14.61,101.64,14.56,True,0.8059
335,29,42.2,388.34,-14.89,18.57,-14.92,18.52,False,0.7965
335,36,1499.54,325.83,92.96,12.3,92.97,12.26,True,0.8419
335,38,765.13,954.03,40.46,65.25,40.47,65.29,True,0.6881
335,46,796.56,953.63,42.4,65.22,42.4,65.36,True,0.4286
335,54,1254.68,605.39,72.68,38.42,72.67,38.42,True,0.7196
336,2,1544.73,631.32,92.22,40.61,92.19,40.7,True,0.8522
336,4,1758.64,374.99,111.41,17.25,111.4,17.27,False,0.8237
336,5,1509.02,607.06,90.08,38.56,90.11,38.6,True,0.7844
336,6,1910.32,371.86,122.67,16.94,122.64,16.95,False,0.7573
336,7,1712.32,305.81,109.3,10.24,109.33,10.17,False,0.8144
336,10,1038.71,421.61,58.22,21.79,58.21,21.81,True,0.8512
336,11,907.1,744.5,49.03,49.79,49.02,50.03,True,0.8377
336,12,1189.74,624.01,68.14,40.0,68.13,40.0,True,0.8224
336,13,1413.87,223.55,87.76,1.46,87.81,1.41,True,0.581
336,14,1552.88,484.66,94.68,27.72,94.67,27.77,True,0.8319
336,15,1051.97,312.74,59.43,10.96,59.43,10.93,True,0.8063
336,17,705.89,342.02,33.55,13.95,33.56,13.94,True,0.7837
336,18,803.86,197.61,40.26,-1.41,40.24,-1.38,False,0.7064
336,19,1621.9,346.73,101.79,14.43,101.76,14.47,True,0.7976
336,29,39.96,386.8,-15.09,18.42,-15.11,18.4,False,0.7775
336,36,1500.7,324.56,93.06,12.17,93.05,12.14,True,0.8428
336,38,763.62,954.05,40.37,65.25,40.4,65.29,True,0.6752
336,46,796.58,952.94,42.4,65.18,42.4,65.33,True,0.4368
336,54,1254.95,604.45,72.7,38.34,72.7,38.36,True,0.7044
337,2,1546.67,633.48,92.33,40.79,92.33,40.76,True,0.8554
337,4,1760.32,374.23,111.54,17.18,111.54,17.17,False,0.8356
337,5,1510.67,607.11,90.19,38.57,90.17,38.55,True,0.8016
337,6,1911.06,371.19,122.74,16.87,122.72,16.85,False,0.7475
337,7,1714.94,303.07,109.56,9.96,109.5,10.04,False,0.8186
337,10,1038.26,421.25,58.18,21.76,58.17,21.72,True,0.8453
337,11,907.05,750.27,49.03,50.25,49.01,50.32,True,0.8253
337,12,1189.59,623.49,68.13,39.95,68.12,39.95,True,0.8193
337,13,1414.93,220.75,87.88,1.16,87.88,1.24,True,0.65
337,14,1554.28,484.37,94.78,27.69,94.76,27.71,True,0.8182
337,15,1051.66,310.82,59.41,10.76,59.38,10.79,True,0.8065
337,17,706.26,340.43,33.57,13.79,33.57,13.83,True,0.7879
337,18,803.51,196.89,40.23,-1.49,40.24,-1.49,False,0.7072
337,19,1623.16,345.72,101.9,14.33,101.88,14.37,True,0.7954
337,29,37.28,384.68,-15.34,18.21,-15.3,18.28,False,0.7988
337,36,1501.3,322.89,93.13,12.0,93.11,12.02,True,0.8356
337,38,762.35,954.61,40.29,65.29,40.3,65.31,True,0.6917
337,46,796.42,954.99,42.4,65.32,42.4,65.33,True,0.5177
337,54,1255.47,604.16,72.74,38.31,72.74,38.31,True,0.7242
338,2,1548.48,634.5,92.44,40.88,92.46,40.82,True,0.8432
338,4,1762.1,373.46,111.69,17.1,111.68,17.08,False,0.822
338,5,1511.44,606.97,90.24,38.55,90.25,38.51,True,0.7916
338,6,1911.35,369.89,122.79,16.75,122.77,16.73,False,0.7408
338,7,1716.46,302.28,109.69,9.88,109.69,9.93,False,0.8099
338,10,1037.5,420.17,58.13,21.66,58.13,21.63,True,0.8432
338,11,906.59,756.3,49.01,50.72,48.99,50.69,True,0.8314
338,12,1189.04,622.9,68.1,39.9,68.1,39.93,True,0.8271
338,13,1415.9,219.85,87.97,1.06,87.96,1.1,True,0.673
338,14,1555.12,484.08,94.85,27.67,94.84,27.65,True,0.8238
338,15,1050.57,309.21,59.33,10.6,59.31,10.63,True,0.8061
338,17,706.51,339.45,33.58,13.69,33.58,13.7,True,0.7957
338,18,803.64,196.29,40.23,-1.56,40.23,-1.6,False,0.7032
338,19,1624.57,345.3,102.01,14.28,102.0,14.27,True,0.7999
338,29,34.97,383.9,-15.52,18.13,-15.48,18.16,False,0.7949
338,36,1501.68,321.65,93.18,11.88,93.18,11.89,True,0.8306
338,38,760.68,955.68,40.19,65.37,40.24,65.34,True,0.6946
338,46,796.3,956.76,42.39,65.44,42.41,65.4,True,0.5361
338,54,1255.88,603.64,72.77,38.27,72.79,38.25,True,0.7153
339,2,1550.49,635.04,92.57,40.93,92.61,40.87,True,0.8288
339,4,1763.52,372.29,111.82,16.98,111.82,16.98,False,0.8294
339,5,1512.24,605.78,90.31,38.45,90.32,38.48,True,0.7869
339,6,1911.42,368.66,122.82,16.62,122.81,16.59,False,0.7375
339,7,1718.12,301.52,109.83,9.8,109.86,9.82,False,0.8252
339,10,1036.65,418.85,58.07,21.53,58.09,21.53,True,0.8383
339,11,905.53,761.86,48.94,51.15,48.97,51.07,True,0.8306
339,12,1188.72,622.64,68.08,39.88,68.08,39.89,True,0.8238
339,13,1416.56,218.63,88.03,0.92,88.05,0.97,True,0.6759
339,14,1555.91,483.72,94.91,27.63,94.92,27.6,True,0.8349
339,15,1049.42,308.32,59.25,10.5,59.24,10.49,True,0.7958
339,17,706.78,338.58,33.59,13.6,33.59,13.58,True,0.7976
339,18,803.76,195.08,40.24,-1.69,40.23,-1.74,False,0.7057
339,19,1625.38,344.31,102.09,14.18,102.12,14.19,True,0.8055
339,29,33.58,383.2,-15.64,18.06,-15.64,18.06,False,0.793
339,36,1502.19,320.41,93.23,11.75,93.23,11.77,True,0.8351
339,38,760.81,955.82,40.2,65.38,40.18,65.36,True,0.6929
339,46,796.48,957.7,42.41,65.51,42.43,65.49,True,0.4736
339,54,1256.68,603.1,72.83,38.22,72.83,38.2,True,0.709
340,2,1553.06,634.77,92.74,40.9,92.79,40.88,True,0.8299
340,4,1765.08,371.11,111.96,16.87,111.94,16.89,False,0.8217
340,5,1513.59,605.3,90.41,38.41,90.39,38.45,True,0.7956
340,6,1911.18,367.09,122.84,16.47,122.84,16.44,False,0.7412
340,7,1721.02,301.35,110.05,9.78,110.02,9.73,False,0.8184
340,10,1036.14,417.49,58.04,21.4,58.04,21.41,True,0.8376
340,11,905.36,766.96,48.94,51.54,48.94,51.39,True,0.8338
340,12,1188.4,622.83,68.06,39.9,68.06,39.85,True,0.8181
340,13,1418.32,218.51,88.17,0.91,88.13,0.86,True,0.7029
340,14,1556.98,482.62,95.0,27.53,95.0,27.53,True,0.8267
340,15,1048.01,306.64,59.14,10.33,59.15,10.37,True,0.7816
340,17,707.0,337.08,33.6,13.45,33.59,13.48,True,0.7941
340,18,803.52,193.56,40.21,-1.86,40.22,-1.91,False,0.6888
340,19,1627.06,343.76,102.22,14.13,102.24,14.09,True,0.8063
340,29,31.58,382.4,-15.81,17.98,-15.79,17.98,False,0.7865
340,36,1502.72,319.54,93.29,11.66,93.27,11.67,True,0.8276
340,38,759.88,956.36,40.14,65.41,40.14,65.36,True,0.7012
340,46,797.09,958.51,42.45,65.56,42.48,65.53,True,0.4946
340,54,1257.48,602.03,72.89,38.13,72.88,38.14,True,0.691
341,2,1556.59,634.15,92.99,40.85,92.99,40.86,True,0.8362
341,4,1766.34,370.38,112.07,16.79,112.08,16.8,False,0.8223
341,5,1514.43,605.61,90.46,38.44,90.47,38.4,True,0.7992
341,6,1910.75,364.61,122.87,16.22,122.86,16.28,False,0.7529
341,7,1722.45,300.6,110.17,9.7,110.19,9.64,False,0.8148
341,10,1035.82,416.22,58.02,21.28,58.01,21.3,True,0.839
341,11,905.04,768.99,48.92,51.7,48.9,51.62,True,0.8386
341,12,1188.04,621.74,68.04,39.81,68.04,39.82,True,0.8173
341,13,1418.74,217.49,88.22,0.8,88.2,0.76,True,0.7133
341,14,1557.93,481.88,95.08,27.46,95.08,27.46,True,0.8351
341,15,1046.71,305.76,59.05,10.24,59.06,10.24,True,0.7774
341,17,707.32,336.11,33.62,13.35,33.59,13.38,True,0.796
341,18,803.7,191.43,40.22,-2.1,40.2,-2.07,False,0.6961
341,19,1629.09,342.62,102.39,14.01,102.35,13.99,True,0.8031
341,29,30.41,381.59,-15.91,17.9,-15.92,17.91,False,0.7994
341,36,1502.92,318.43,93.32,11.55,93.32,11.56,True,0.8303
341,38,758.87,955.67,40.08,65.37,40.15,65.35,True,0.7112
341,46,798.02,959.36,42.51,65.62,42.81,65.54,True,0.4963
341,54,1257.94,601.21,72.93,38.06,72.93,38.08,True,0.681
342,2,1559.62,633.87,93.2,40.83,93.21,40.83,True,0.842
342,4,1767.58,369.62,112.17,16.72,112.21,16.74,False,0.8215
342,5,1515.36,605.14,90.53,38.4,90.54,38.37,True,0.8022
342,6,1910.37,363.67,122.86,16.13,122.89,16.11,False,0.7445
342,7,1724.39,298.78,110.35,9.51,110.35,9.54,False,0.8269
342,10,1034.96,415.44,57.95,21.2,57.98,21.18,True,0.838
342,11,904.6,770.87,48.89,51.84,48.87,51.76,True,0.8357
342,12,1187.96,621.16,68.03,39.76,68.03,39.79,True,0.8208
342,13,1418.96,215.84,88.26,0.62,88.27,0.64,True,0.7368
342,14,1559.02,480.99,95.17,27.38,95.18,27.38,True,0.836
342,15,1045.62,305.03,58.97,10.16,58.96,10.11,True,0.7898
342,17,706.76,335.48,33.57,13.29,33.59,13.28,True,0.7906
342,18,803.29,189.52,40.18,-2.32,40.19,-2.23,False,0.7015
342,19,1630.07,341.07,102.49,13.86,102.48,13.9,True,0.8128
342,29,28.53,380.7,-16.07,17.82,-16.05,17.84,False,0.7832
342,36,1503.28,317.99,93.35,11.5,93.38,11.46,True,0.8271
342,38,759.47,954.2,40.11,65.26,40.17,65.35,True,0.6705
342,54,1258.37,600.67,72.96,38.02,72.97,38.03,True,0.6895
343,2,1563.0,633.6,93.43,40.8,93.45,40.81,True,0.8356
343,4,1770.0,369.01,112.36,16.66,112.36,16.66,False,0.8009
343,5,1516.52,604.18,90.62,38.32,90.61,38.35,True,0.8115
343,6,1910.48,361.93,122.91,15.95,122.93,15.94,False,0.7471
343,7,1726.41,297.69,110.53,9.4,110.5,9.43,False,0.8279
343,10,1035.0,414.36,57.96,21.1,57.95,21.06,True,0.8337
343,11,903.65,771.13,48.83,51.86,48.84,51.83,True,0.8297
343,12,1187.66,621.24,68.01,39.76,68.01,39.75,True,0.8287
343,13,1419.46,215.22,88.3,0.55,88.33,0.47,True,0.7343
343,14,1560.15,480.05,95.26,27.29,95.28,27.3,True,0.8332
343,15,1044.44,303.32,58.88,9.98,58.88,10.0,True,0.7973
343,17,706.5,334.51,33.55,13.19,33.59,13.19,True,0.7977
343,18,803.28,189.18,40.17,-2.36,40.18,-2.4,False,0.7242
343,19,1631.14,340.25,102.58,13.77,102.6,13.79,True,0.8034
343,29,27.34,380.54,-16.16,17.8,-16.19,17.76,False,0.7831
343,36,1504.03,316.55,93.43,11.35,93.44,11.37,True,0.8261
343,38,761.34,954.94,40.23,65.32,40.17,65.33,True,0.7003
343,54,1259.2,600.24,73.02,37.98,73.01,37.99,True,0.6629
344,2,1566.74,633.31,93.69,40.78,93.67,40.79,True,0.8465
344,4,1771.77,368.79,112.5,16.64,112.5,16.59,False,0.8037
344,5,1517.47,603.88,90.69,38.29,90.69,38.32,True,0.816
344,6,1910.58,360.37,122.96,15.8,122.99,15.78,False,0.7484
344,7,1727.85,297.05,110.65,9.33,110.67,9.32,False,0.8139
344,10,1034.53,412.39,57.93,20.91,57.92,20.92,True,0.84
344,11,903.02,770.95,48.79,51.85,48.8,51.91,True,0.8332
344,12,1187.25,620.96,67.99,39.74,67.99,39.72,True,0.8364
344,13,1420.04,213.06,88.38,0.31,88.4,0.3,True,0.748
344,14,1561.62,479.27,95.38,27.22,95.39,27.21,True,0.8367
344,15,1043.05,302.15,58.78,9.86,58.8,9.87,True,0.8058
344,17,707.1,333.72,33.59,13.11,33.59,13.11,True,0.8046
344,18,803.26,187.93,40.17,-2.5,40.17,-2.56,False,0.7408
344,19,1632.57,339.79,102.7,13.73,102.71,13.68,True,0.806
344,29,25.74,379.42,-16.31,17.69,-16.36,17.67,False,0.7783
344,36,1504.99,315.52,93.51,11.25,93.51,11.27,True,0.8232
344,38,762.38,955.75,40.3,65.37,40.19,65.33,True,0.711
344,46,800.52,958.2,42.66,65.54,43.16,65.54,True,0.3577
344,54,1259.62,600.06,73.05,37.96,73.05,37.97,True,0.6699
345,2,1570.28,633.39,93.93,40.79,93.88,40.77,True,0.8696
345,4,1774.02,367.47,112.69,16.51,112.66,16.52,False,0.817
345,5,1518.66,604.06,90.77,38.31,90.76,38.28,True,0.8158
345,6,1911.29,358.37,123.06,15.6,123.06,15.64,False,0.7367
345,7,1729.8,296.08,110.82,9.23,110.83,9.2,False,0.8151
345,10,1034.18,411.49,57.91,20.82,57.9,20.75,True,0.8406
345,11,902.66,771.27,48.77,51.88,48.78,52.06,True,0.8348
345,12,1186.76,620.42,67.96,39.7,67.97,39.69,True,0.8356
345,13,1420.94,211.03,88.47,0.08,88.48,0.14,True,0.7315
345,14,1563.13,478.36,95.5,27.14,95.5,27.11,True,0.8432
345,15,1041.92,301.22,58.7,9.77,58.72,9.74,True,0.8136
345,17,707.56,332.86,33.61,13.02,33.62,13.01,True,0.795
345,18,803.45,185.97,40.17,-2.72,40.16,-2.69,False,0.7567
345,19,1633.9,338.15,102.83,13.56,102.83,13.58,True,0.8073
345,29,23.14,378.67,-16.52,17.61,-16.52,17.57,False,0.7745
345,36,1506.0,315.04,93.6,11.2,93.59,11.16,True,0.8095
345,38,759.71,955.46,40.13,65.35,40.29,65.37,True,0.693
345,54,1260.29,599.86,73.1,37.95,73.09,37.95,True,0.6618
346,2,1572.78,633.14,94.1,40.77,94.08,40.76,True,0.8616
346,4,1775.33,366.83,112.8,16.44,112.81,16.44,False,0.8222
346,5,1519.46,603.59,90.83,38.27,90.83,38.23,True,0.8202
346,6,1912.0,356.77,123.15,15.44,123.14,15.52,False,0.7318
346,7,1731.61,295.0,110.98,9.12,110.99,9.07,False,0.8243
346,10,1033.4,408.73,57.85,20.55,57.86,20.58,True,0.8406
346,11,902.21,774.54,48.74,52.13,48.76,52.29,True,0.8362
346,12,1186.49,619.67,67.94,39.63,67.95,39.64,True,0.8377
346,13,1422.36,209.52,88.6,-0.08,88.56,-0.02,False,0.7472
346,14,1564.58,477.23,95.62,27.03,95.61,27.01,True,0.845
346,15,1041.47,299.59,58.66,9.6,58.66,9.61,True,0.823
346,17,708.08,331.96,33.65,12.93,33.66,12.9,True,0.7921
346,18,803.2,184.54,40.15,-2.88,40.16,-2.83,False,0.747
346,19,1635.24,337.44,102.94,13.49,102.95,13.46,True,0.817
346,29,20.94,376.78,-16.72,17.43,-16.71,17.45,False,0.7323
346,36,1506.82,313.8,93.67,11.07,93.66,11.07,True,0.819
346,38,760.66,955.61,40.19,65.36,40.37,65.4,True,0.6798
346,54,1260.58,599.7,73.12,37.93,73.13,37.94,True,0.613
347,2,1574.88,632.23,94.26,40.69,94.27,40.78,True,0.8496
347,4,1777.14,366.07,112.95,16.37,112.96,16.34,False,0.821
347,5,1520.18,602.65,90.89,38.19,90.9,38.19,True,0.8206
347,6,1913.09,356.36,123.24,15.4,123.21,15.4,False,0.6939
347,7,1733.67,293.09,111.17,8.92,111.17,8.92,False,0.8086
347,10,1032.97,406.8,57.83,20.37,57.84,20.42,True,0.8462
347,11,902.2,780.67,48.75,52.6,48.77,52.62,True,0.8265
347,12,1186.43,619.27,67.94,39.6,67.94,39.58,True,0.8379
347,13,1423.04,209.05,88.66,-0.14,88.65,-0.18,False,0.756
347,14,1565.84,475.57,95.73,26.88,95.73,26.9,True,0.8342
347,15,1040.58,298.42,58.6,9.47,58.61,9.49,True,0.8301
347,17,708.98,330.47,33.71,12.78,33.7,12.78,True,0.771
347,18,803.34,183.73,40.16,-2.97,40.16,-2.99,False,0.7637
347,19,1637.09,336.09,103.1,13.35,103.07,13.34,True,0.8088
347,29,18.7,375.63,-16.91,17.31,-16.89,17.32,False,0.7601
347,36,1507.49,312.53,93.74,10.94,93.74,10.97,True,0.8241
347,38,767.07,956.89,40.59,65.45,40.43,65.42,True,0.7624
347,54,1261.47,599.69,73.18,37.93,73.17,37.93,True,0.5966
348,2,1577.69,633.01,94.44,40.76,94.44,40.84,True,0.8264
348,4,1778.66,364.58,113.09,16.22,113.11,16.27,False,0.8066
348,5,1521.04,601.78,90.96,38.11,90.98,38.14,True,0.8199
348,6,1913.46,356.08,123.27,15.37,123.26,15.31,False,0.6752
348,7,1735.36,291.69,111.33,8.77,111.36,8.77,False,0.8098
348,10,1032.46,405.41,57.79,20.23,57.81,20.28,True,0.8516
348,11,902.46,785.72,48.77,52.99,48.8,53.04,True,0.8212
348,12,1186.26,618.44,67.93,39.53,67.94,39.53,True,0.8318
348,13,1423.27,208.02,88.69,-0.25,88.73,-0.35,False,0.7657
348,14,1566.96,474.26,95.83,26.76,95.85,26.81,True,0.8343
348,15,1040.21,297.13,58.57,9.34,58.57,9.36,True,0.8256
348,17,709.42,329.3,33.73,12.66,33.75,12.66,True,0.7641
348,18,803.36,182.69,40.15,-3.09,40.15,-3.15,False,0.7488
348,19,1637.98,334.4,103.19,13.18,103.19,13.22,True,0.8129
348,29,16.61,374.49,-17.09,17.2,-17.06,17.2,False,0.777
348,36,1508.02,312.17,93.79,10.9,93.82,10.84,True,0.814
348,38,768.19,957.03,40.66,65.46,40.5,65.45,True,0.7352
348,54,1262.1,599.72,73.22,37.93,73.21,37.93,True,0.6223
349,2,1580.44,634.85,94.6,40.91,94.61,40.91,True,0.8346
349,4,1780.82,364.04,113.26,16.16,113.28,16.2,False,0.814
349,5,1521.98,601.57,91.03,38.09,91.07,38.09,True,0.8264
349,6,1913.48,354.44,123.31,15.2,123.31,15.23,False,0.6838
349,7,1737.7,289.62,111.55,8.55,111.56,8.61,False,0.8164
349,10,1032.74,404.44,57.81,20.14,57.8,20.17,True,0.8443
349,11,903.18,792.15,48.82,53.48,48.86,53.46,True,0.8126
349,12,1186.44,617.63,67.95,39.46,67.95,39.5,True,0.8288
349,13,1424.66,205.71,88.83,-0.51,88.81,-0.51,False,0.7668
349,14,1568.7,473.7,95.96,26.71,95.97,26.71,True,0.8446
349,15,1039.54,296.44,58.52,9.27,58.53,9.23,True,0.8175
349,17,710.52,327.79,33.8,12.51,33.8,12.55,True,0.7833
349,18,803.56,180.74,40.16,-3.31,40.16,-3.31,False,0.7422
349,19,1639.23,333.76,103.3,13.11,103.32,13.1,True,0.8246
349,29,15.24,373.2,-17.22,17.07,-17.19,17.12,False,0.789
349,36,1509.02,310.41,93.89,10.72,93.9,10.72,True,0.8363
349,38,766.95,957.47,40.58,65.49,40.56,65.49,True,0.7455
349,54,1262.38,599.71,73.24,37.93,73.26,37.93,True,0.6068
350,2,1583.61,636.69,94.79,41.06,94.78,41.02,True,0.8417
350,4,1783.53,363.84,113.47,16.14,113.45,16.13,False,0.8289
350,5,1524.0,601.02,91.17,38.05,91.17,38.04,True,0.8212
350,6,1913.87,354.05,123.35,15.16,123.35,15.11,False,0.6551
350,7,1740.73,288.94,111.79,8.48,111.75,8.48,False,0.8231
350,10,1032.43,403.95,57.79,20.09,57.79,20.09,True,0.8416
350,11,904.46,798.73,48.91,53.98,48.93,53.84,True,0.8069
350,12,1186.36,617.57,67.94,39.45,67.95,39.46,True,0.8327
350,13,1424.95,203.17,88.89,-0.79,88.89,-0.69,False,0.7739
350,14,1570.4,473.2,96.09,26.66,96.1,26.62,True,0.8529
350,15,1039.28,295.12,58.51,9.13,58.49,9.1,True,0.8167
350,17,711.32,327.09,33.86,12.43,33.85,12.43,True,0.7857
350,18,803.56,178.86,40.15,-3.52,40.16,-3.49,False,0.7519
350,19,1640.8,332.46,103.44,12.98,103.44,12.99,True,0.8356
350,29,13.91,372.55,-17.34,17.01,-17.3,17.03,False,0.8074
350,36,1510.18,308.95,94.0,10.57,93.99,10.58,True,0.8442
350,38,765.02,957.73,40.47,65.51,40.5,65.5,True,0.7799
350,54,1263.18,599.81,73.3,37.94,73.31,37.94,True,0.498
351,2,1586.32,637.46,94.97,41.13,94.95,41.12,True,0.842
351,4,1785.63,363.51,113.63,16.11,113.64,16.09,False,0.8229
351,5,1525.82,600.68,91.3,38.02,91.29,37.98,True,0.8094
351,6,1913.83,352.55,123.38,15.01,123.39,14.95,False,0.6543
351,7,1742.4,287.63,111.95,8.35,111.96,8.33,False,0.8245
351,10,1032.47,403.44,57.79,20.04,57.8,20.0,True,0.8399
351,11,906.47,802.55,49.05,54.27,49.0,54.14,True,0.8136
351,12,1186.71,617.49,67.97,39.45,67.97,39.43,True,0.8286
351,13,1426.0,202.36,88.98,-0.88,88.98,-0.86,False,0.7428
351,14,1572.26,471.63,96.24,26.52,96.22,26.55,True,0.8539
351,15,1038.36,293.23,58.44,8.93,58.45,8.95,True,0.8222
351,17,711.9,326.69,33.9,12.39,33.92,12.31,True,0.7811
351,18,804.28,177.73,40.2,-3.65,40.17,-3.68,False,0.7514
351,19,1642.02,331.46,103.55,12.88,103.58,12.87,True,0.8319
351,29,13.38,372.37,-17.38,16.99,-17.41,16.93,False,0.8039
351,36,1511.18,307.76,94.09,10.45,94.09,10.41,True,0.8366
351,38,765.9,958.06,40.52,65.53,40.38,65.49,True,0.7554
351,54,1264.18,599.8,73.37,37.94,73.36,37.94,True,0.5242
352,2,1588.85,638.69,95.12,41.23,95.11,41.21,True,0.8532
352,4,1788.04,362.77,113.82,16.04,113.82,16.03,False,0.8267
352,5,1527.28,599.76,91.41,37.94,91.41,37.93,True,0.8168
352,6,1913.99,350.51,123.44,14.81,123.42,14.79,False,0.636
352,7,1744.52,286.59,112.13,8.24,112.16,8.21,False,0.825
352,10,1032.25,402.32,57.78,19.93,57.8,19.91,True,0.8379
352,11,907.49,805.11,49.11,54.46,49.05,54.36,True,0.809
352,12,1186.92,617.19,67.98,39.42,67.98,39.4,True,0.8444
352,13,1426.76,201.09,89.05,-1.02,89.07,-0.99,False,0.753
352,14,1573.67,470.84,96.36,26.44,96.35,26.47,True,0.8536
352,15,1038.01,292.03,58.42,8.81,58.41,8.78,True,0.8092
352,17,713.0,324.53,33.97,12.17,33.98,12.2,True,0.7904
352,18,803.78,175.66,40.15,-3.88,40.18,-3.85,False,0.746
352,19,1643.9,330.64,103.7,12.8,103.72,12.74,True,0.8285
352,29,12.26,371.06,-17.49,16.86,-17.51,16.84,False,0.7758
352,36,1512.02,305.92,94.18,10.25,94.18,10.25,True,0.8421
352,38,762.08,957.98,40.28,65.53,40.29,65.5,True,0.7514
352,54,1265.16,599.86,73.43,37.95,73.53,37.75,True,0.4391
352,68,1264.59,595.68,73.42,37.59,73.47,37.54,True,0.4408
353,2,1591.17,639.3,95.27,41.28,95.27,41.28,True,0.8523
353,4,1790.37,362.15,114.01,15.98,114.0,15.96,False,0.8132
353,5,1529.0,598.43,91.55,37.82,91.51,37.89,True,0.8107
353,6,1913.72,348.07,123.48,14.56,123.46,14.62,False,0.6369
353,7,1747.18,284.55,112.37,8.02,112.36,8.08,False,0.8121
353,10,1032.59,401.01,57.81,19.8,57.81,19.79,True,0.8321
353,11,907.68,806.09,49.13,54.53,49.06,54.48,True,0.8232
353,12,1187.09,616.46,68.0,39.36,67.99,39.36,True,0.8392
353,13,1428.12,200.48,89.17,-1.09,89.18,-1.1,False,0.7446
353,14,1575.1,470.37,96.46,26.4,96.47,26.39,True,0.8376
353,15,1037.01,290.01,58.35,8.6,58.36,8.63,True,0.8134
353,17,714.24,323.28,34.05,12.04,34.05,12.08,True,0.8064
353,18,804.54,174.45,40.21,-4.02,40.19,-4.0,False,0.7354
353,19,1645.93,328.4,103.89,12.57,103.86,12.64,True,0.8225
353,29,11.14,369.6,-17.61,16.72,-17.6,16.75,False,0.7711
353,36,1513.18,303.96,94.29,10.05,94.27,10.11,True,0.83
353,38,758.66,956.1,40.07,65.4,40.18,65.47,True,0.7014
353,54,1265.83,599.88,73.48,37.95,73.69,37.55,True,0.421
353,68,1265.38,595.26,73.48,37.55,73.5,37.53,True,0.4596
354,2,1593.2,640.31,95.39,41.37,95.44,41.32,True,0.8432
354,4,1792.44,360.98,114.19,15.86,114.16,15.9,False,0.8202
354,5,1530.09,598.59,91.62,37.84,91.61,37.83,True,0.816
354,6,1913.09,346.6,123.47,14.41,123.49,14.47,False,0.6571
354,7,1749.58,283.9,112.57,7.95,112.56,7.95,False,0.8171
354,10,1032.8,399.86,57.83,19.69,57.83,19.66,True,0.846
354,11,906.6,806.3,49.06,54.55,49.01,54.59,True,0.8331
354,12,1187.08,615.8,68.0,39.3,68.0,39.3,True,0.8438
354,13,1429.51,199.91,89.28,-1.15,89.28,-1.22,False,0.7579
354,14,1576.61,469.65,96.58,26.33,96.58,26.32,True,0.8336
354,15,1036.64,288.29,58.32,8.42,58.33,8.48,True,0.828
354,17,715.22,322.44,34.12,11.96,34.12,11.96,True,0.8006
354,18,804.3,173.27,40.18,-4.16,40.18,-4.16,False,0.7367
354,19,1647.35,327.52,104.02,12.48,104.0,12.54,True,0.835
354,29,10.09,368.77,-17.71,16.63,-17.7,16.65,False,0.7471
354,36,1513.84,302.76,94.36,9.93,94.35,9.96,True,0.8309
354,38,759.14,957.89,40.1,65.52,40.04,65.45,True,0.7402
354,68,1265.96,594.39,73.52,37.48,73.52,37.51,True,0.612
355,2,1596.33,640.38,95.61,41.37,95.61,41.34,True,0.8308
355,4,1794.22,360.44,114.33,15.8,114.31,15.83,False,0.8103
355,5,1530.94,598.27,91.68,37.81,91.69,37.78,True,0.8133
355,6,1913.34,345.54,123.52,14.31,123.52,14.35,False,0.6375
355,7,1751.98,282.6,112.78,7.82,112.76,7.84,False,0.7996
355,10,1033.11,397.93,57.85,19.5,57.85,19.51,True,0.8468
355,11,904.62,806.92,48.93,54.6,48.92,54.73,True,0.8314
355,12,1187.11,615.11,68.01,39.25,68.0,39.25,True,0.8423
355,13,1430.98,197.92,89.43,-1.38,89.38,-1.34,False,0.7622
355,14,1578.05,469.09,96.69,26.28,96.68,26.23,True,0.8299
355,15,1036.11,288.02,58.28,8.39,58.29,8.33,True,0.8258
355,17,716.46,321.37,34.21,11.85,34.17,11.86,True,0.7911
355,18,804.44,172.13,40.19,-4.29,40.18,-4.32,False,0.7413
355,19,1649.02,327.33,104.14,12.46,104.13,12.44,True,0.8181
355,29,8.78,367.71,-17.83,16.53,-17.81,16.55,False,0.7352
355,36,1514.62,301.98,94.43,9.85,94.43,9.83,True,0.8281
355,38,756.7,955.94,39.95,65.38,39.93,65.42,True,0.6791
355,68,1266.72,594.6,73.57,37.5,73.57,37.46,True,0.6431
356,2,1599.32,639.89,95.82,41.33,95.79,41.37,True,0.8349
356,4,1795.75,360.41,114.44,15.8,114.47,15.74,False,0.8149
356,5,1532.26,597.5,91.78,37.74,91.78,37.75,True,0.8215
356,6,1913.66,344.94,123.55,14.25,123.55,14.24,False,0.633
356,7,1754.32,281.88,112.97,7.74,112.95,7.73,False,0.8084
356,10,1033.39,396.84,57.87,19.4,57.87,19.35,True,0.8468
356,11,902.69,809.55,48.81,54.8,48.8,54.97,True,0.8259
356,12,1187.18,614.21,68.01,39.17,68.01,39.2,True,0.8427
356,13,1431.57,197.14,89.48,-1.46,89.48,-1.5,False,0.7541
356,14,1579.03,467.46,96.79,26.13,96.8,26.13,True,0.8339
356,15,1035.73,286.12,58.26,8.19,58.25,8.19,True,0.8367
356,17,716.78,320.61,34.23,11.77,34.2,11.76,True,0.7918
356,18,804.09,170.53,40.16,-4.47,40.16,-4.49,False,0.736
356,19,1650.4,326.83,104.26,12.41,104.27,12.35,True,0.7998
356,29,8.14,367.53,-17.88,16.51,-17.91,16.46,False,0.7215
356,36,1515.22,300.81,94.49,9.72,94.51,9.7,True,0.8286
356,38,754.16,956.27,39.79,65.41,39.84,65.38,True,0.6916
356,68,1267.52,593.95,73.63,37.44,73.61,37.4,True,0.6033
357,2,1601.67,640.4,95.97,41.37,95.97,41.38,True,0.8377
357,4,1797.33,359.37,114.58,15.7,114.64,15.67,False,0.8078
357,5,1532.94,597.01,91.84,37.7,91.86,37.71,True,0.8211
357,6,1913.75,344.86,123.56,14.24,123.65,13.86,False,0.5526
357,7,1755.94,280.99,113.11,7.65,113.14,7.62,False,0.815
357,10,1033.49,394.45,57.89,19.16,57.9,19.18,True,0.8526
357,11,900.4,814.62,48.67,55.18,48.66,55.21,True,0.8304
357,12,1186.94,614.11,68.0,39.16,68.02,39.15,True,0.8414
357,13,1431.98,195.7,89.53,-1.62,89.59,-1.67,False,0.7392
357,14,1580.39,466.21,96.9,26.01,96.93,26.02,True,0.8242
357,15,1035.15,284.96,58.22,8.07,58.21,8.06,True,0.838
357,17,716.82,319.72,34.23,11.68,34.23,11.66,True,0.7889
357,18,804.08,169.01,40.15,-4.64,40.16,-4.67,False,0.7389
357,19,1651.58,325.72,104.36,12.29,104.4,12.25,True,0.7965
357,29,6.84,366.02,-18.01,16.36,-17.99,16.38,False,0.715
357,36,1515.92,299.43,94.57,9.58,94.61,9.58,True,0.83
357,38,753.0,956.08,39.72,65.39,39.74,65.31,True,0.7133
357,68,1267.82,592.42,73.66,37.31,73.64,37.34,True,0.639
358,2,1604.42,640.68,96.15,41.4,96.14,41.37,True,0.8436
358,4,1800.22,357.78,114.83,15.54,114.8,15.59,False,0.8209
358,5,1534.67,596.27,91.96,37.64,91.95,37.66,True,0.8234
358,6,1913.98,342.31,123.64,13.98,123.68,13.75,False,0.4792
358,7,1758.33,279.53,113.33,7.49,113.31,7.52,False,0.8163
358,10,1034.03,392.64,57.93,18.99,57.94,19.02,True,0.8553
358,11,898.12,821.58,48.53,55.7,48.51,55.54,True,0.8242
358,12,1187.34,613.45,68.03,39.11,68.03,39.09,True,0.858
358,13,1433.26,193.5,89.66,-1.87,89.68,-1.8,False,0.7447
358,14,1582.22,464.8,97.05,25.88,97.06,25.9,True,0.8264
358,15,1034.41,283.4,58.16,7.9,58.18,7.92,True,0.8279
358,17,716.97,318.41,34.23,11.54,34.24,11.55,True,0.7835
358,18,804.05,166.98,40.14,-4.87,40.16,-4.85,False,0.7321
358,19,1653.95,323.73,104.58,12.09,104.53,12.13,True,0.8102
358,29,5.94,364.88,-18.11,16.25,-18.03,16.34,False,0.6144
358,36,1517.3,297.76,94.7,9.41,94.71,9.46,True,0.8298
358,38,751.8,952.93,39.63,65.18,39.66,65.29,True,0.7625
358,68,1267.73,591.79,73.66,37.25,73.67,37.28,True,0.6735
359,2,1606.67,641.0,96.3,41.42,96.29,41.36,True,0.8525
359,4,1802.3,357.26,115.0,15.49,114.99,15.47,False,0.8129
359,5,1535.82,596.52,92.04,37.66,92.04,37.62,True,0.8199
359,7,1760.44,278.68,113.5,7.4,113.47,7.41,False,0.8218
359,10,1034.71,391.48,57.98,18.87,57.97,18.86,True,0.8457
359,11,895.46,822.71,48.36,55.78,48.36,55.89,True,0.8112
359,12,1187.68,612.64,68.06,39.04,68.04,39.05,True,0.8589
359,13,1435.18,192.24,89.83,-2.01,89.78,-1.97,False,0.732
359,14,1584.38,463.82,97.22,25.79,97.19,25.8,True,0.8211
359,15,1034.26,282.1,58.15,7.76,58.16,7.77,True,0.8188
359,17,717.55,317.54,34.27,11.45,34.24,11.45,True,0.7939
359,18,804.33,165.18,40.15,-5.08,40.16,-5.02,False,0.7346
359,19,1654.96,322.74,104.67,11.99,104.66,12.0,True,0.8013
359,29,5.75,364.81,-18.12,16.24,-18.08,16.28,False,0.471
359,36,1519.07,297.13,94.84,9.34,94.83,9.34,True,0.8408
359,38,751.12,953.42,39.59,65.21,39.6,65.28,True,0.7937
359,46,822.86,957.03,44.03,65.46,43.49,65.54,True,0.3941
359,68,1268.04,591.31,73.69,37.21,73.7,37.22,True,0.6804
360,2,1608.52,640.11,96.44,41.35,96.44,41.33,True,0.8555
360,4,1804.33,356.38,115.17,15.4,115.19,15.37,False,0.8224
360,5,1536.95,595.58,92.13,37.58,92.13,37.58,True,0.8239
360,7,1762.21,278.02,113.65,7.33,113.64,7.28,False,0.8122
360,10,1035.24,389.64,58.02,18.69,58.01,18.73,True,0.8493
360,11,892.45,828.56,48.17,56.22,48.22,56.25,True,0.8192
360,12,1187.64,611.87,68.06,38.97,68.05,39.0,True,0.8562
360,13,1435.85,191.81,89.89,-2.06,89.88,-2.13,False,0.7538
360,14,1585.56,462.87,97.32,25.7,97.33,25.7,True,0.8292
360,15,1033.9,281.14,58.13,7.66,58.13,7.61,True,0.8186
360,17,717.31,316.19,34.24,11.32,34.24,11.35,True,0.7929
360,18,804.76,164.22,40.18,-5.19,40.18,-5.18,False,0.74
360,19,1656.07,321.45,104.78,11.86,104.79,11.87,True,0.8019
360,36,1520.34,296.1,94.95,9.23,94.96,9.23,True,0.8419
360,38,750.34,954.42,39.55,65.28,39.55,65.29,True,0.7972
360,46,824.37,958.24,44.13,65.54,43.79,65.5,True,0.5752
360,68,1268.55,590.94,73.72,37.18,73.72,37.19,True,0.6821
361,2,1610.47,639.26,96.58,41.28,96.58,41.29,True,0.8596
361,4,1806.74,354.85,115.38,15.24,115.37,15.29,False,0.8356
361,5,1538.35,594.76,92.24,37.51,92.22,37.52,True,0.8325
361,7,1763.38,276.59,113.77,7.18,113.81,7.16,False,0.7997
361,10,1035.66,388.74,58.05,18.61,58.03,18.61,True,0.8472
361,11,890.34,833.5,48.05,56.59,48.1,56.57,True,0.8063
361,12,1187.54,611.61,68.05,38.95,68.06,38.95,True,0.8532
361,13,1436.5,189.9,89.97,-2.27,89.96,-2.28,False,0.7716
361,14,1587.44,462.02,97.47,25.62,97.46,25.6,True,0.8257
361,15,1033.82,279.33,58.12,7.47,58.11,7.45,True,0.8108
361,17,717.34,315.71,34.24,11.27,34.22,11.25,True,0.7954
361,18,805.06,162.93,40.2,-5.34,40.2,-5.34,False,0.6973
361,19,1657.41,320.74,104.89,11.78,104.91,11.75,True,0.7945
361,36,1521.84,295.26,95.08,9.14,95.09,9.13,True,0.8363
361,38,749.92,955.24,39.52,65.34,39.51,65.35,True,0.8081
361,46,823.89,958.05,44.1,65.53,44.06,65.44,True,0.535
361,68,1268.92,590.74,73.75,37.16,73.74,37.15,True,0.6724
362,2,1612.61,638.49,96.73,41.21,96.71,41.23,True,0.8476
362,4,1809.02,354.35,115.56,15.19,115.56,15.21,False,0.8264
362,5,1539.14,594.51,92.29,37.49,92.3,37.42,True,0.8283
362,7,1765.36,274.97,113.96,7.01,113.96,7.03,False,0.8064
362,10,1035.8,387.77,58.07,18.51,58.05,18.49,True,0.8402
362,11,889.29,838.22,47.98,56.94,47.99,56.89,True,0.8001
362,12,1187.76,611.31,68.07,38.92,68.07,38.92,True,0.8556
362,13,1437.14,188.54,90.03,-2.43,90.02,-2.41,False,0.7554
362,14,1588.94,460.63,97.6,25.49,97.58,25.53,True,0.8225
362,15,1033.33,277.14,58.09,7.24,58.1,7.3,True,0.7766
362,17,716.93,314.87,34.2,11.18,34.19,11.16,True,0.8013
362,18,805.79,162.12,40.25,-5.43,40.22,-5.46,False,0.7106
362,19,1659.14,319.04,105.05,11.61,105.04,11.63,False,0.7802
362,36,1523.62,294.3,95.22,9.04,95.21,9.02,True,0.8278
362,38,748.96,956.44,39.47,65.42,39.48,65.43,True,0.8213
362,46,823.0,956.68,44.04,65.44,44.07,65.44,True,0.5642
362,68,1269.08,590.34,73.76,37.13,73.77,37.11,True,0.6367
363,2,1614.08,638.14,96.84,41.18,96.84,41.18,True,0.8432
363,4,1811.48,353.89,115.75,15.15,115.74,15.12,False,0.8261
363,5,1540.1,592.98,92.38,37.36,92.37,37.29,True,0.8344
363,7,1767.5,273.56,114.15,6.86,114.11,6.9,False,0.8128
363,10,1035.58,386.38,58.05,18.37,58.04,18.37,True,0.8444
363,11,888.1,843.18,47.92,57.31,47.92,57.14,True,0.8007
363,12,1187.9,610.87,68.08,38.89,68.08,38.89,True,0.8677
363,13,1437.55,186.84,90.09,-2.62,90.08,-2.56,False,0.6858
363,14,1590.22,459.9,97.7,25.42,97.7,25.45,True,0.8295
363,15,1032.89,275.88,58.06,7.11,58.08,7.13,True,0.8035
363,17,716.22,313.59,34.14,11.05,34.18,11.07,True,0.8126
363,18,805.47,160.32,40.22,-5.64,40.24,-5.6,False,0.7325
363,19,1660.66,318.21,105.18,11.52,105.17,11.52,False,0.7814
363,36,1524.84,292.74,95.34,8.88,95.34,8.93,True,0.8322
363,38,748.42,957.8,39.44,65.51,39.45,65.51,True,0.8218
363,46,822.65,953.48,44.01,65.21,44.05,65.44,True,0.5881
363,68,1269.28,589.57,73.78,37.06,73.79,37.07,True,0.6519
364,2,1615.89,637.65,96.97,41.14,96.98,41.12,True,0.84
364,4,1813.64,352.9,115.93,15.05,115.91,15.06,False,0.8272
364,5,1540.57,590.92,92.44,37.18,92.42,37.11,True,0.8297
364,7,1768.83,272.77,114.27,6.78,114.25,6.77,False,0.8103
364,10,1035.39,385.31,58.04,18.27,58.02,18.26,True,0.8417
364,11,886.85,844.29,47.84,57.39,47.86,57.3,True,0.7935
364,12,1188.14,610.62,68.1,38.86,68.1,38.85,True,0.8656
364,13,1438.02,186.36,90.13,-2.67,90.13,-2.69,False,0.5872
364,14,1591.56,459.65,97.8,25.4,97.81,25.38,True,0.8349
364,15,1033.07,274.96,58.08,7.01,58.05,6.98,True,0.8241
364,17,716.2,312.75,34.14,10.96,34.18,10.96,True,0.8254
364,18,805.72,159.57,40.24,-5.72,40.26,-5.73,False,0.715
364,19,1662.18,316.94,105.32,11.39,105.28,11.42,False,0.7901
364,36,1526.26,292.28,95.45,8.83,95.46,8.82,True,0.8346
364,38,748.28,958.69,39.44,65.58,39.42,65.57,True,0.8199
364,46,823.35,957.55,44.07,65.5,44.04,65.45,True,0.5431
364,54,1273.56,588.63,74.08,36.98,73.84,37.34,True,0.3989
364,68,1269.92,589.18,73.83,37.03,73.81,37.02,True,0.525
365,2,1617.67,636.72,97.1,41.07,97.11,41.07,True,0.8426
365,4,1815.65,352.13,116.1,14.97,116.08,15.01,False,0.8346
365,5,1540.7,587.81,92.48,36.91,92.48,36.88,True,0.8409
365,7,1770.29,271.66,114.4,6.66,114.39,6.65,False,0.8072
365,10,1034.78,383.66,58.0,18.11,57.97,18.14,True,0.8459
365,11,886.18,845.05,47.8,57.45,47.81,57.41,True,0.8035
365,12,1188.4,610.33,68.12,38.84,68.11,38.8,True,0.8525
365,13,1438.44,185.29,90.18,-2.79,90.16,-2.76,False,0.5364
365,14,1592.99,459.03,97.91,25.34,97.91,25.32,True,0.8466
365,15,1032.58,273.35,58.04,6.84,58.0,6.85,True,0.7621
365,17,716.8,312.2,34.18,10.9,34.19,10.85,True,0.8144
365,18,806.32,158.42,40.28,-5.85,40.28,-5.87,False,0.6937
365,19,1663.08,316.1,105.4,11.31,105.38,11.33,False,0.7943
365,36,1527.92,291.54,95.59,8.76,95.58,8.7,True,0.8266
365,38,747.65,960.34,39.4,65.69,39.4,65.62,True,0.8278
365,46,822.96,957.65,44.04,65.5,44.03,65.45,True,0.4849
365,54,1273.61,587.86,74.09,36.92,73.98,37.11,True,0.3821
365,68,1269.98,588.42,73.84,36.96,73.83,36.97,True,0.5927
365,69,1441.81,184.99,90.45,-2.83,90.49,-3.02,False,0.378
366,2,1619.62,635.99,97.24,41.01,97.24,41.01,True,0.8421
366,4,1817.36,351.95,116.23,14.95,116.25,14.96,False,0.831
366,5,1540.66,584.15,92.53,36.6,92.52,36.64,True,0.8453
366,7,1771.09,270.75,114.49,6.56,114.52,6.53,False,0.791
366,10,1033.73,382.76,57.92,18.02,57.92,18.03,True,0.847
366,11,886.0,844.76,47.78,57.42,47.75,57.46,True,0.7955
366,12,1188.54,608.98,68.13,38.73,68.13,38.74,True,0.8388
366,13,1438.68,183.9,90.22,-2.95,90.18,-2.8,False,0.4293
366,14,1594.34,458.14,98.02,25.26,98.02,25.26,True,0.8629
366,15,1031.51,272.06,57.96,6.7,57.95,6.72,True,0.7658
366,17,717.6,310.51,34.23,10.73,34.23,10.74,True,0.8158
366,18,806.6,156.97,40.3,-6.02,40.3,-5.99,False,0.6658
366,19,1663.53,315.89,105.44,11.28,105.48,11.23,False,0.8065
366,36,1529.04,289.98,95.7,8.59,95.7,8.58,True,0.829
366,38,747.18,959.55,39.37,65.64,39.36,65.65,True,0.8308
366,46,823.08,959.04,44.05,65.6,44.01,65.38,True,0.6172
366,54,1273.7,587.39,74.1,36.88,74.11,36.88,True,0.3733
366,68,1269.9,587.9,73.84,36.92,73.84,36.91,True,0.5696
366,69,1442.06,183.33,90.49,-3.02,90.5,-3.08,False,0.5843
367,2,1621.52,635.14,97.38,40.93,97.39,40.96,True,0.8514
367,4,1819.5,351.59,116.39,14.92,116.43,14.92,False,0.8159
367,5,1540.41,581.28,92.55,36.35,92.55,36.43,True,0.8404
367,6,1913.9,327.92,123.98,12.52,123.73,13.58,False,0.4098
367,7,1772.7,269.21,114.64,6.4,114.65,6.4,False,0.7968
367,10,1032.8,381.92,57.86,17.94,57.87,17.91,True,0.8458
367,11,884.89,845.35,47.71,57.47,47.69,57.55,True,0.7953
367,12,1188.51,608.38,68.13,38.67,68.15,38.68,True,0.8318
367,14,1595.66,457.47,98.13,25.19,98.15,25.19,True,0.8602
367,15,1030.35,270.81,57.88,6.57,57.88,6.57,True,0.8041
367,17,717.98,309.58,34.25,10.63,34.28,10.62,True,0.8141
367,18,807.16,156.05,40.34,-6.13,40.35,-6.13,False,0.6422
367,19,1664.8,314.51,105.56,11.14,105.59,11.15,False,0.8051
367,36,1530.13,288.48,95.8,8.43,95.84,8.45,True,0.8313
367,38,746.66,959.99,39.34,65.67,39.33,65.67,True,0.8324
367,46,821.86,957.07,43.97,65.46,43.97,65.15,True,0.6655
367,54,1274.03,586.96,74.13,36.84,74.14,36.83,True,0.4194
367,68,1270.0,587.33,73.85,36.87,73.85,36.88,True,0.489
367,69,1442.26,181.73,90.53,-3.2,90.53,-3.13,False,0.65
368,2,1623.54,634.74,97.53,40.9,97.52,40.92,True,0.85
368,4,1822.24,351.4,116.6,14.9,116.63,14.87,False,0.8168
368,5,1540.61,579.15,92.59,36.16,92.56,36.24,True,0.8359
368,7,1774.4,267.85,114.8,6.25,114.78,6.28,False,0.7924
368,10,1032.0,380.57,57.8,17.8,57.82,17.8,True,0.8423
368,11,883.77,846.6,47.64,57.56,47.63,57.74,True,0.7954
368,12,1189.01,607.7,68.17,38.62,68.16,38.61,True,0.8304
368,14,1597.42,456.66,98.26,25.12,98.28,25.11,True,0.8508
368,15,1029.39,269.81,57.8,6.46,57.81,6.46,True,0.7954
368,17,719.14,308.27,34.33,10.5,34.33,10.48,True,0.8037
368,18,807.21,155.0,40.34,-6.25,40.41,-6.23,False,0.6449
368,19,1666.32,313.48,105.69,11.04,105.71,11.04,False,0.8242
368,36,1532.22,287.2,95.98,8.3,95.96,8.33,True,0.8229
368,38,745.44,960.04,39.27,65.67,39.31,65.67,True,0.8244
368,46,821.3,947.83,43.92,64.82,43.93,64.84,True,0.618
368,54,1274.59,586.15,74.17,36.77,74.17,36.78,True,0.533
368,68,1270.08,586.25,73.86,36.78,73.85,36.86,True,0.3734
368,69,1442.39,181.04,90.55,-3.27,90.57,-3.29,False,0.6979
369,2,1625.69,634.45,97.68,40.88,97.65,40.88,True,0.8545
369,4,1825.18,351.03,116.83,14.86,116.86,14.81,False,0.8244
369,5,1540.42,578.57,92.58,36.11,92.56,36.11,True,0.8345
369,7,1775.69,266.84,114.92,6.15,114.92,6.15,False,0.7716
369,10,1031.62,379.43,57.77,17.69,57.79,17.68,True,0.8403
369,11,882.1,850.49,47.54,57.85,47.53,58.0,True,0.811
369,12,1189.02,606.74,68.18,38.53,68.19,38.55,True,0.8318
369,14,1599.48,455.91,98.42,25.05,98.42,25.04,True,0.8478
369,15,1028.48,268.3,57.74,6.3,57.74,6.35,True,0.7898
369,17,720.16,306.61,34.4,10.33,34.39,10.38,True,0.7857
369,18,808.96,153.79,40.47,-6.39,40.47,-6.32,False,0.5914
369,19,1668.42,312.98,105.86,10.98,105.84,10.91,False,0.8289
369,36,1533.74,286.01,96.12,8.18,96.07,8.22,True,0.8179
369,38,745.6,960.07,39.28,65.67,39.28,65.67,True,0.8169
369,46,820.97,941.62,43.88,64.39,43.89,64.46,True,0.5892
369,54,1275.05,585.69,74.21,36.73,74.19,36.74,True,0.6384
369,69,1443.04,180.34,90.61,-3.35,90.62,-3.43,False,0.7314
370,2,1627.18,634.25,97.78,40.86,97.8,40.86,True,0.8569
370,4,1828.4,349.62,117.1,14.72,117.12,14.73,False,0.8129
370,5,1539.78,577.06,92.55,35.98,92.55,36.02,True,0.832
370,7,1777.12,265.79,115.05,6.03,115.06,6.06,False,0.776
370,10,1031.4,377.96,57.76,17.54,57.78,17.56,True,0.8504
370,11,880.62,858.12,47.46,58.41,47.43,58.35,True,0.7996
370,12,1189.49,606.21,68.21,38.49,68.22,38.51,True,0.8307
370,14,1601.45,454.9,98.58,24.95,98.55,24.97,True,0.8454
370,15,1027.58,267.77,57.67,6.25,57.68,6.25,True,0.7989
370,17,720.91,305.57,34.45,10.22,34.45,10.3,True,0.7628
370,18,810.46,154.13,40.59,-6.35,40.53,-6.4,False,0.6339
370,19,1669.52,310.81,105.98,10.76,105.95,10.82,False,0.8241
370,36,1534.82,285.56,96.2,8.13,96.18,8.14,True,0.828
370,38,745.48,960.35,39.27,65.69,39.26,65.65,True,0.8159
370,46,820.8,934.86,43.85,63.91,43.86,64.11,True,0.599
370,54,1275.15,585.33,74.22,36.7,74.22,36.7,True,0.6308
370,69,1443.44,177.96,90.67,-3.62,90.67,-3.56,False,0.7556
370,70,959.12,951.69,52.45,65.09,52.3,65.05,True,0.5923
371,2,1628.87,634.09,97.9,40.85,97.94,40.85,True,0.8589
371,4,1831.96,348.69,117.38,14.63,117.4,14.66,False,0.8205
371,5,1539.22,576.68,92.52,35.95,92.52,35.96,True,0.8352
371,7,1778.58,264.9,115.19,5.94,115.18,5.95,False,0.8017
371,10,1031.44,376.96,57.77,17.45,57.78,17.45,True,0.8508
371,11,878.23,862.58,47.31,58.73,47.33,58.77,True,0.8119
371,12,1190.05,605.79,68.25,38.45,68.26,38.47,True,0.831
371,14,1603.04,454.14,98.71,24.88,98.68,24.9,True,0.8358
371,15,1026.68,267.09,57.6,6.17,57.63,6.14,True,0.7977
371,17,721.76,305.78,34.51,10.24,34.51,10.22,True,0.8115
371,18,810.68,153.12,40.6,-6.47,40.61,-6.49,False,0.6635
371,19,1670.66,309.76,106.09,10.65,106.06,10.74,False,0.8145
371,36,1535.32,284.85,96.25,8.05,96.26,8.07,True,0.8213
371,38,745.2,959.52,39.25,65.63,39.24,65.64,True,0.8108
371,46,820.77,932.34,43.84,63.74,43.85,63.88,True,0.5608
371,54,1275.4,585.01,74.24,36.67,74.24,36.68,True,0.7063
371,69,1443.9,177.02,90.72,-3.73,90.73,-3.7,False,0.7787
371,70,956.41,951.72,52.28,65.09,52.24,65.0,True,0.5506
372,2,1631.6,633.86,98.09,40.83,98.1,40.86,True,0.8726
372,4,1835.98,348.09,117.7,14.56,117.67,14.61,False,0.8302
372,5,1538.67,576.1,92.49,35.9,92.5,35.89,True,0.8377
372,7,1780.2,264.6,115.32,5.91,115.31,5.86,False,0.7914
372,10,1031.66,375.93,57.78,17.34,57.78,17.33,True,0.8501
372,11,876.38,868.74,47.21,59.18,47.22,59.2,True,0.7976
372,12,1190.74,605.61,68.3,38.44,68.3,38.44,True,0.8267
372,14,1604.0,453.65,98.78,24.84,98.79,24.85,True,0.8389
372,15,1026.38,266.03,57.58,6.06,57.58,6.04,True,0.8024
372,17,722.54,305.46,34.57,10.21,34.56,10.17,True,0.8157
372,18,811.12,152.32,40.64,-6.56,40.67,-6.55,False,0.6568
372,19,1671.48,309.89,106.15,10.67,106.16,10.67,False,0.8165
372,36,1536.32,284.65,96.33,8.03,96.34,8.02,True,0.829
372,38,744.64,959.07,39.21,65.6,39.21,65.62,True,0.8078
372,46,820.62,931.58,43.83,63.68,43.84,63.72,True,0.5854
372,54,1275.65,584.53,74.26,36.63,74.25,36.67,True,0.7319
372,69,1444.45,175.98,90.78,-3.85,90.79,-3.83,False,0.7869
372,70,954.56,949.97,52.16,64.97,52.19,65.03,True,0.6478
373,2,1634.12,634.17,98.25,40.85,98.29,40.86,True,0.8648
373,4,1839.58,347.91,117.97,14.55,117.93,14.59,False,0.8052
373,5,1538.25,575.59,92.47,35.85,92.5,35.82,True,0.8378
373,7,1781.43,263.06,115.44,5.74,115.45,5.76,False,0.8022
373,10,1031.82,374.94,57.8,17.25,57.8,17.22,True,0.8456
373,11,875.14,875.49,47.14,59.68,47.12,59.58,True,0.7975
373,12,1191.56,605.56,68.36,38.43,68.36,38.41,True,0.8192
373,14,1605.45,453.28,98.89,24.8,98.9,24.81,True,0.8298
373,15,1025.84,264.71,57.54,5.92,57.55,5.94,True,0.8102
373,17,723.12,304.66,34.61,10.12,34.63,10.12,True,0.8082
373,18,812.3,151.37,40.73,-6.67,40.71,-6.65,False,0.637
373,19,1672.73,309.86,106.24,10.66,106.24,10.62,False,0.8075
373,36,1537.04,283.93,96.4,7.96,96.43,7.96,True,0.8307
373,38,743.99,958.99,39.17,65.6,39.18,65.62,True,0.7974
373,46,821.06,931.27,43.86,63.66,43.84,63.67,True,0.5236
373,54,1275.64,584.91,74.25,36.66,74.26,36.67,True,0.7387
373,69,1445.32,174.99,90.86,-3.96,90.85,-3.93,False,0.7851
373,70,952.91,948.27,52.06,64.85,52.07,65.3,True,0.4581
374,2,1637.26,634.61,98.46,40.89,98.51,40.86,True,0.8528
374,4,1842.63,348.31,118.19,14.59,118.17,14.59,False,0.7938
374,5,1538.32,574.74,92.48,35.78,92.51,35.74,True,0.8397
374,7,1782.88,262.3,115.57,5.66,115.57,5.68,False,0.7946
374,10,1031.81,373.41,57.8,17.09,57.81,17.11,True,0.8485
374,11,872.7,879.94,46.99,60.0,47.02,59.89,True,0.7825
374,12,1192.12,605.03,68.4,38.39,68.41,38.39,True,0.8194
374,14,1607.04,453.04,99.01,24.78,98.99,24.79,True,0.8357
374,15,1025.67,263.63,57.53,5.8,57.53,5.83,True,0.8185
374,17,724.08,303.91,34.68,10.05,34.69,10.06,True,0.8124
374,18,812.88,150.93,40.77,-6.72,40.75,-6.73,False,0.6228
374,19,1673.98,309.36,106.34,10.61,106.32,10.58,False,0.8056
374,36,1538.48,283.54,96.51,7.92,96.52,7.9,True,0.831
374,38,743.44,958.97,39.14,65.59,39.15,65.65,True,0.8086
374,46,820.82,930.39,43.84,63.6,43.84,63.67,True,0.5734
374,54,1275.93,585.07,74.27,36.68,74.28,36.67,True,0.7488
374,69,1445.68,174.51,90.9,-4.01,90.91,-4.03,False,0.7833
375,2,1641.64,634.62,98.76,40.89,98.74,40.87,True,0.8394
375,4,1845.74,348.73,118.41,14.63,118.39,14.59,False,0.82
375,5,1538.98,573.0,92.55,35.63,92.55,35.63,True,0.8402
375,7,1784.42,261.43,115.71,5.57,115.72,5.6,False,0.8054
375,10,1032.2,372.37,57.83,16.99,57.83,17.01,True,0.8514
375,11,871.82,884.15,46.94,60.3,46.94,60.12,True,0.7795
375,12,1193.1,604.72,68.47,38.36,68.47,38.37,True,0.8147
375,14,1608.24,452.89,99.1,24.76,99.09,24.77,True,0.8314
375,15,1025.28,263.08,57.5,5.75,57.51,5.73,True,0.8115
375,17,725.2,303.44,34.76,10.0,34.74,9.99,True,0.8157
375,18,813.41,149.95,40.81,-6.83,40.79,-6.81,False,0.5837
375,19,1674.26,308.61,106.38,10.53,106.41,10.53,False,0.789
375,36,1540.14,282.78,96.65,7.84,96.63,7.83,True,0.8272
375,38,743.36,960.24,39.14,65.68,39.13,65.68,True,0.8002
375,46,820.48,931.28,43.82,63.66,43.88,63.7,True,0.6411
375,54,1276.3,585.28,74.3,36.69,74.3,36.68,True,0.6942
375,69,1446.54,173.57,90.98,-4.12,90.99,-4.1,False,0.7771
376,2,1645.09,634.29,99.0,40.86,98.98,40.88,True,0.8511
376,4,1847.66,348.56,118.56,14.61,118.59,14.59,False,0.8254
376,5,1539.14,571.72,92.58,35.52,92.61,35.5,True,0.843
376,7,1785.86,260.97,115.83,5.52,115.86,5.54,False,0.8068
376,10,1032.44,371.12,57.85,16.87,57.85,16.91,True,0.8531
376,11,870.11,883.74,46.83,60.27,46.85,60.23,True,0.7761
376,12,1193.74,604.4,68.51,38.33,68.52,38.36,True,0.8159
376,14,1609.05,452.69,99.16,24.75,99.19,24.75,True,0.8385
376,15,1025.12,261.8,57.49,5.61,57.48,5.65,True,0.8077
376,17,726.11,302.7,34.82,9.92,34.79,9.94,True,0.8211
376,18,813.5,149.58,40.81,-6.87,40.81,-6.88,False,0.5993
376,19,1675.22,307.75,106.47,10.44,106.52,10.46,False,0.8007
376,36,1540.88,282.14,96.72,7.77,96.74,7.75,True,0.8259
376,38,742.92,961.3,39.11,65.76,39.12,65.71,True,0.7637
376,46,821.2,932.4,43.87,63.74,43.93,63.76,True,0.5949
376,54,1276.62,585.06,74.32,36.67,74.33,36.68,True,0.6974
376,69,1447.34,172.93,91.05,-4.19,91.05,-4.17,False,0.7658
376,70,952.06,952.76,52.01,65.16,51.94,65.32,True,0.5304
377,2,1648.53,634.36,99.23,40.87,99.21,40.86,True,0.8547
377,4,1851.02,348.31,118.81,14.59,118.78,14.58,False,0.8237
377,5,1540.26,570.07,92.68,35.37,92.67,35.34,True,0.8494
377,7,1788.46,260.75,116.03,5.5,116.02,5.47,False,0.8108
377,10,1032.86,370.86,57.88,16.84,57.87,16.83,True,0.8507
377,11,869.18,884.53,46.78,60.33,46.78,60.27,True,0.756
377,12,1195.14,604.65,68.61,38.36,68.57,38.35,True,0.815
377,14,1610.64,452.6,99.27,24.74,99.29,24.74,True,0.8354
377,15,1024.78,261.32,57.47,5.56,57.44,5.59,True,0.8066
377,17,726.54,302.19,34.85,9.87,34.83,9.91,True,0.8258
377,18,813.7,148.89,40.83,-6.95,40.82,-6.97,False,0.5277
377,19,1677.26,307.35,106.63,10.4,106.64,10.38,False,0.8094
377,36,1542.43,280.88,96.86,7.64,96.85,7.66,True,0.8299
377,38,742.83,961.3,39.11,65.76,39.1,65.77,True,0.7258
377,46,823.17,934.03,44.0,63.86,44.02,63.83,True,0.5463
377,54,1277.31,585.08,74.37,36.68,74.35,36.68,True,0.7128
377,69,1448.58,172.72,91.15,-4.22,91.11,-4.23,False,0.7758
378,2,1651.84,634.36,99.45,40.87,99.45,40.84,True,0.8574
378,4,1853.29,347.81,118.99,14.54,118.96,14.56,False,0.8156
378,5,1540.75,567.94,92.74,35.19,92.74,35.17,True,0.8512
378,7,1790.26,260.14,116.18,5.43,116.18,5.4,False,0.8117
378,10,1033.06,370.24,57.9,16.78,57.89,16.75,True,0.8519
378,11,868.02,883.09,46.7,60.23,46.71,60.3,True,0.7644
378,12,1195.54,604.76,68.63,38.37,68.6,38.35,True,0.8154
378,14,1612.67,452.67,99.42,24.74,99.41,24.72,True,0.8296
378,15,1023.98,261.05,57.41,5.53,57.39,5.53,True,0.8051
378,17,726.6,302.11,34.85,9.86,34.85,9.88,True,0.8264
378,18,813.68,148.29,40.82,-7.02,40.87,-7.09,False,0.4976
378,19,1679.18,306.36,106.79,10.3,106.76,10.3,False,0.7796
378,36,1543.68,280.17,96.96,7.56,96.95,7.6,True,0.8252
378,38,742.32,961.71,39.08,65.78,39.08,65.83,True,0.6927
378,46,824.74,935.46,44.1,63.96,44.04,63.8,True,0.6114
378,54,1277.45,585.28,74.37,36.69,74.37,36.68,True,0.7417
378,69,1448.75,171.84,91.18,-4.32,91.19,-4.27,False,0.7505
378,71,816.52,149.85,41.06,-6.84,41.1,-7.01,False,0.4105
379,2,1654.2,633.88,99.62,40.83,99.69,40.82,True,0.8429
379,4,1854.94,347.6,119.12,14.52,119.12,14.55,False,0.8233
379,5,1541.3,565.59,92.8,34.98,92.8,35.0,True,0.8541
379,7,1791.97,259.22,116.34,5.33,116.36,5.32,False,0.8136
379,10,1032.94,369.17,57.89,16.67,57.9,16.67,True,0.8485
379,11,867.02,882.8,46.64,60.21,46.66,60.35,True,0.7435
379,12,1195.58,604.61,68.64,38.35,68.63,38.36,True,0.8157
379,14,1614.03,452.37,99.52,24.72,99.53,24.69,True,0.8305
379,15,1023.06,260.75,57.34,5.5,57.34,5.48,True,0.8053
379,17,726.68,302.3,34.86,9.88,34.87,9.87,True,0.8251
379,18,813.87,147.03,40.83,-7.17,40.92,-7.22,False,0.4123
379,19,1680.52,305.51,106.91,10.21,106.89,10.22,False,0.7955
379,36,1544.7,279.74,97.05,7.51,97.05,7.54,True,0.8304
379,38,741.84,963.28,39.06,65.89,39.06,65.89,True,0.7783
379,46,827.76,935.01,44.29,63.92,44.01,63.7,True,0.5714
379,54,1277.59,585.26,74.38,36.69,74.4,36.68,True,0.7303
379,69,1449.22,171.86,91.21,-4.32,91.27,-4.35,False,0.7396
379,71,816.6,148.71,41.06,-6.98,41.1,-7.05,False,0.5012
380,2,1658.9,633.26,99.95,40.78,99.94,40.77,True,0.8316
380,4,1857.43,347.78,119.3,14.53,119.26,14.55,False,0.842
380,5,1542.24,563.29,92.9,34.78,92.84,34.84,True,0.8549
380,7,1794.36,258.12,116.54,5.22,116.52,5.23,False,0.8238
380,10,1033.3,368.12,57.92,16.57,57.92,16.6,True,0.8514
380,11,866.66,886.18,46.62,60.45,46.6,60.43,True,0.7742
380,12,1195.57,604.71,68.63,38.36,68.63,38.36,True,0.8149
380,14,1615.78,451.62,99.66,24.64,99.65,24.66,True,0.8374
380,15,1022.08,260.41,57.26,5.46,57.28,5.42,True,0.8052
380,17,727.1,302.29,34.89,9.88,34.89,9.85,True,0.8283
380,19,1681.83,304.76,107.02,10.13,106.99,10.14,False,0.798
380,36,1546.22,279.74,97.16,7.51,97.15,7.5,True,0.841
380,38,741.22,964.57,39.02,65.98,39.05,65.96,True,0.7832
380,46,822.64,928.98,43.95,63.5,43.93,63.54,True,0.3612
380,54,1278.24,584.99,74.43,36.67,74.43,36.68,True,0.7098
380,69,1451.04,171.91,91.36,-4.31,91.34,-4.46,False,0.7379
380,71,818.23,146.78,41.18,-7.2,41.12,-7.12,False,0.5415
381,2,1662.84,632.72,100.22,40.73,100.19,40.72,True,0.8482
381,4,1858.77,348.3,119.39,14.59,119.4,14.55,False,0.8431
381,5,1541.82,562.02,92.89,34.67,92.87,34.72,True,0.8627
381,7,1796.04,257.22,116.69,5.12,116.68,5.13,False,0.8169
381,10,1033.45,367.42,57.93,16.5,57.93,16.54,True,0.8493
381,11,865.42,887.03,46.54,60.51,46.55,60.54,True,0.7995
381,12,1195.38,604.73,68.62,38.36,68.61,38.36,True,0.8143
381,14,1617.48,451.24,99.79,24.61,99.76,24.63,True,0.8523
381,15,1021.24,259.15,57.2,5.33,57.22,5.36,True,0.8029
381,17,727.34,301.97,34.91,9.84,34.9,9.83,True,0.822
381,19,1682.56,303.99,107.09,10.05,107.08,10.09,False,0.8168
381,36,1547.2,279.33,97.24,7.47,97.23,7.47,True,0.8448
381,38,741.15,965.41,39.02,66.04,39.05,66.03,True,0.7768
381,46,818.66,925.6,43.7,63.26,43.85,63.35,True,0.4281
381,54,1278.78,585.0,74.47,36.67,74.46,36.68,True,0.6981
381,69,1451.62,169.53,91.44,-4.58,91.41,-4.53,False,0.7293
381,71,817.43,146.95,41.12,-7.18,41.15,-7.27,False,0.5203
382,2,1665.88,631.93,100.44,40.66,100.48,40.67,True,0.8495
382,4,1860.43,348.15,119.51,14.57,119.54,14.55,False,0.831
382,5,1541.53,560.87,92.88,34.57,92.87,34.64,True,0.866
382,7,1797.97,256.38,116.86,5.03,116.83,5.05,False,0.8282
382,10,1033.77,367.45,57.95,16.5,57.95,16.47,True,0.8524
382,11,864.64,890.39,46.5,60.75,46.51,60.69,True,0.7996
382,12,1195.18,604.87,68.61,38.38,68.58,38.37,True,0.8138
382,14,1618.42,451.15,99.86,24.6,99.87,24.6,True,0.8556
382,15,1020.95,258.67,57.18,5.27,57.16,5.29,True,0.801
382,17,727.46,301.65,34.92,9.81,34.9,9.78,True,0.8214
382,19,1683.42,303.66,107.16,10.02,107.15,10.05,False,0.8027
382,36,1548.15,279.19,97.32,7.46,97.31,7.42,True,0.8447
382,38,742.03,966.07,39.08,66.09,39.04,66.1,True,0.7976
382,46,817.48,922.84,43.62,63.07,43.72,63.19,True,0.4951
382,54,1279.2,585.29,74.5,36.69,74.49,36.68,True,0.729
382,69,1451.96,168.03,91.49,-4.75,91.49,-4.6,False,0.6881
382,71,818.61,145.26,41.2,-7.38,41.18,-7.34,False,0.5564
383,2,1670.05,631.19,100.74,40.6,100.76,40.65,True,0.8577
383,4,1862.66,347.72,119.69,14.53,119.66,14.56,False,0.8342
383,5,1541.28,561.05,92.86,34.58,92.86,34.6,True,0.8684
383,7,1799.21,255.74,116.97,4.96,116.96,5.0,False,0.8212
383,10,1033.99,366.83,57.97,16.44,57.97,16.41,True,0.8537
383,11,863.83,890.78,46.45,60.78,46.46,60.78,True,0.8048
383,12,1194.39,604.77,68.55,38.37,68.55,38.36,True,0.8142
383,14,1619.79,451.11,99.96,24.6,99.96,24.59,True,0.8508
383,15,1020.23,258.29,57.12,5.23,57.11,5.23,True,0.8064
383,17,727.4,300.73,34.91,9.72,34.9,9.73,True,0.8219
383,19,1684.29,303.74,107.23,10.03,107.22,10.03,False,0.8093
383,36,1548.97,278.47,97.39,7.38,97.38,7.38,True,0.8531
383,38,741.5,966.85,39.05,66.14,39.05,66.15,True,0.7809
383,46,819.06,921.61,43.71,62.98,43.66,63.08,True,0.4697
383,54,1279.54,585.22,74.52,36.69,74.51,36.69,True,0.7494
383,69,1452.76,168.6,91.54,-4.69,91.54,-4.71,False,0.7219
383,71,818.81,143.29,41.21,-7.6,41.18,-7.39,False,0.5461
384,2,1674.67,631.05,101.05,40.59,101.03,40.63,True,0.8455
384,4,1864.08,347.69,119.8,14.52,119.78,14.59,False,0.8286
384,5,1540.77,561.22,92.82,34.6,92.86,34.59,True,0.8677
384,7,1800.48,255.55,117.07,4.94,117.09,4.96,False,0.8086
384,10,1034.17,365.68,57.99,16.33,58.0,16.34,True,0.8506
384,11,863.84,893.19,46.46,60.95,46.4,60.9,True,0.7965
384,12,1193.49,604.67,68.49,38.36,68.55,38.35,True,0.8152
384,14,1621.15,450.86,100.06,24.57,100.06,24.56,True,0.8494
384,15,1019.22,257.77,57.05,5.18,57.06,5.19,True,0.7985
384,17,727.06,300.27,34.88,9.67,34.89,9.68,True,0.8143
384,18,816.97,144.76,41.07,-7.43,40.96,-7.36,False,0.5498
384,19,1684.92,303.73,107.27,10.03,107.28,10.03,False,0.8128
384,36,1549.42,277.5,97.44,7.28,97.44,7.34,True,0.8553
384,38,741.21,968.1,39.03,66.23,39.06,66.19,True,0.771
384,46,817.16,923.53,43.6,63.12,43.66,63.03,True,0.5432
384,54,1279.46,585.12,74.51,36.68,74.53,36.69,True,0.7576
384,69,1453.55,168.74,91.6,-4.67,91.6,-4.78,False,0.7337
384,70,949.41,971.21,51.85,66.44,51.8,65.22,True,0.3611
385,2,1678.96,631.81,101.33,40.65,101.31,40.64,True,0.8329
385,4,1865.89,348.57,119.91,14.61,119.92,14.62,False,0.8295
385,5,1540.88,561.05,92.83,34.58,92.88,34.58,True,0.8727
385,7,1802.3,255.51,117.21,4.94,117.22,4.93,False,0.8249
385,10,1034.53,365.0,58.02,16.26,58.04,16.27,True,0.8514
385,11,862.22,892.84,46.35,60.93,46.34,61.02,True,0.7993
385,12,1193.6,604.31,68.5,38.33,68.56,38.33,True,0.8298
385,14,1622.45,450.6,100.15,24.55,100.15,24.54,True,0.8407
385,15,1018.66,257.5,57.0,5.15,57.01,5.16,True,0.8005
385,17,726.97,299.73,34.87,9.61,34.89,9.62,True,0.8086
385,18,816.68,143.78,41.04,-7.55,41.0,-7.49,False,0.5729
385,19,1685.67,303.63,107.33,10.02,107.35,10.03,False,0.8123
385,36,1550.13,277.57,97.49,7.29,97.49,7.29,True,0.8529
385,38,741.66,968.36,39.06,66.24,39.06,66.2,True,0.774
385,46,818.05,921.3,43.65,62.96,43.68,62.96,True,0.5927
385,54,1279.88,585.32,74.54,36.7,74.56,36.7,True,0.7573
385,69,1453.94,167.17,91.65,-4.85,91.67,-4.84,False,0.7598
386,2,1683.07,631.93,101.61,40.66,101.54,40.66,True,0.8365
386,4,1867.52,349.39,120.01,14.7,120.04,14.64,False,0.8331
386,5,1541.83,561.28,92.9,34.6,92.91,34.55,True,0.868
386,7,1803.66,255.28,117.32,4.91,117.35,4.91,False,0.8194
386,10,1035.14,364.34,58.06,16.19,58.09,16.2,True,0.846
386,11,860.71,895.42,46.26,61.11,46.28,61.15,True,0.8022
386,12,1194.69,604.16,68.58,38.31,68.6,38.32,True,0.8281
386,14,1623.62,449.91,100.25,24.48,100.25,24.51,True,0.839
386,15,1018.07,257.36,56.96,5.13,56.97,5.14,True,0.8027
386,17,727.31,299.5,34.89,9.59,34.91,9.58,True,0.8022
386,18,816.7,142.91,41.04,-7.65,41.05,-7.59,False,0.5822
386,19,1686.6,303.98,107.4,10.05,107.41,10.02,False,0.8139
386,36,1550.78,277.46,97.54,7.27,97.56,7.26,True,0.8468
386,38,741.81,968.55,39.07,66.26,39.08,66.21,True,0.6697
386,46,818.92,922.27,43.7,63.03,43.7,62.97,True,0.5545
386,54,1280.38,585.36,74.58,36.7,74.58,36.7,True,0.7374
386,69,1454.72,166.57,91.72,-4.92,91.74,-4.9,False,0.7583
386,70,945.53,953.24,51.61,65.2,51.69,65.09,True,0.4827
387,2,1686.02,632.38,101.8,40.7,101.73,40.67,True,0.8464
387,4,1869.72,349.77,120.17,14.73,120.14,14.67,False,0.8281
387,5,1542.74,560.61,92.97,34.55,92.97,34.48,True,0.8653
387,7,1806.1,255.01,117.52,4.88,117.48,4.91,False,0.8291
387,10,1036.28,363.55,58.15,16.11,58.13,16.15,True,0.8391
387,11,859.36,898.15,46.18,61.31,46.2,61.29,True,0.7871
387,12,1195.96,604.01,68.66,38.3,68.65,38.3,True,0.8283
387,14,1625.02,449.89,100.35,24.48,100.34,24.49,True,0.8387
387,15,1017.69,257.28,56.93,5.13,56.92,5.12,True,0.8033
387,17,727.77,298.87,34.92,9.52,34.97,9.55,True,0.802
387,18,816.57,142.86,41.03,-7.65,41.05,-7.64,False,0.5787
387,19,1687.95,303.77,107.5,10.03,107.47,10.02,False,0.8254
387,36,1551.6,277.23,97.61,7.25,97.61,7.24,True,0.8354
387,38,742.58,966.56,39.11,66.12,39.09,66.21,True,0.4972
387,46,819.5,917.54,43.73,62.69,43.78,62.97,True,0.5732
387,54,1281.24,585.53,74.63,36.71,74.61,36.7,True,0.7294
387,69,1456.09,165.46,91.85,-5.05,91.8,-4.97,False,0.7534
387,70,943.25,942.57,51.46,64.45,51.81,65.29,True,0.4155
388,2,1687.5,632.62,101.9,40.72,101.88,40.65,True,0.8391
388,4,1871.02,348.89,120.29,14.65,120.22,14.68,False,0.8401
388,5,1543.68,558.96,93.05,34.4,93.02,34.39,True,0.8653
388,7,1807.69,255.07,117.64,4.89,117.59,4.9,False,0.833
388,10,1037.08,363.44,58.21,16.1,58.17,16.1,True,0.837
388,11,858.65,900.25,46.14,61.46,46.13,61.5,True,0.7663
388,12,1197.21,604.01,68.75,38.3,68.7,38.31,True,0.8264
388,14,1626.28,449.71,100.44,24.47,100.42,24.48,True,0.8375
388,15,1017.16,257.11,56.89,5.11,56.88,5.11,True,0.8055
388,17,728.75,298.95,35.0,9.53,35.05,9.52,True,0.7866
388,18,817.02,142.68,41.07,-7.68,41.06,-7.66,False,0.5894
388,19,1688.62,303.39,107.56,9.99,107.52,10.02,False,0.8238
388,36,1552.75,276.87,97.7,7.21,97.66,7.22,True,0.8356
388,38,742.39,967.74,39.11,66.2,39.1,66.22,True,0.7589
388,46,820.87,922.26,43.83,63.03,43.83,63.0,True,0.5311
388,54,1281.52,585.44,74.65,36.71,74.63,36.71,True,0.7187
388,69,1456.55,165.79,91.88,-5.01,91.85,-4.99,False,0.7541
388,70,944.37,938.94,51.53,64.2,52.0,65.27,True,0.4185
389,2,1688.99,631.56,102.02,40.63,101.97,40.63,True,0.8454
389,4,1871.48,348.95,120.32,14.65,120.29,14.69,False,0.8381
389,5,1543.97,557.5,93.09,34.27,93.07,34.24,True,0.8677
389,7,1808.62,255.28,117.7,4.91,117.68,4.9,False,0.8378
389,10,1037.39,363.14,58.23,16.07,58.21,16.08,True,0.8368
389,11,857.48,902.63,46.07,61.63,46.09,61.73,True,0.7513
389,12,1197.51,603.78,68.77,38.28,68.72,38.33,True,0.8317
389,14,1627.16,449.84,100.51,24.48,100.49,24.48,True,0.8407
389,15,1016.33,256.97,56.83,5.09,56.83,5.1,True,0.7994
389,17,730.78,298.53,35.15,9.49,35.14,9.51,True,0.7694
389,18,817.09,142.73,41.07,-7.67,41.06,-7.64,False,0.5942
389,19,1688.66,303.48,107.56,10.0,107.54,10.01,False,0.8314
389,36,1553.05,276.77,97.73,7.2,97.7,7.21,True,0.8399
389,38,742.22,968.14,39.1,66.23,39.1,66.21,True,0.7533
389,46,823.32,923.97,43.98,63.15,43.87,63.03,True,0.5739
389,54,1281.44,585.38,74.65,36.7,74.65,36.72,True,0.7215
389,69,1456.72,165.73,91.9,-5.02,91.88,-5.0,False,0.7471
390,2,1689.26,630.63,102.05,40.56,102.04,40.61,True,0.8483
390,4,1871.77,349.36,120.33,14.69,120.33,14.7,False,0.8402
390,5,1543.76,555.86,93.1,34.13,93.11,34.05,True,0.8688
390,7,1809.18,255.24,117.75,4.91,117.74,4.91,False,0.8381
390,10,1037.21,362.62,58.22,16.02,58.23,16.08,True,0.8369
390,11,856.25,907.39,46.0,61.97,46.09,61.95,True,0.7686
390,12,1197.18,604.91,68.74,38.38,68.72,38.37,True,0.829
390,14,1627.96,449.88,100.56,24.48,100.56,24.49,True,0.8386
390,15,1015.6,256.78,56.77,5.07,56.78,5.09,True,0.7998
390,17,732.39,298.53,35.27,9.49,35.26,9.53,True,0.7786
390,18,817.04,142.96,41.07,-7.64,41.1,-7.66,False,0.5951
390,19,1688.6,303.53,107.56,10.01,107.55,10.02,False,0.8267
390,36,1553.08,276.64,97.73,7.19,97.73,7.21,True,0.8394
390,38,742.02,968.71,39.09,66.27,39.1,66.26,True,0.7769
390,46,822.06,923.16,43.9,63.09,43.89,63.13,True,0.5673
390,54,1281.51,585.68,74.65,36.73,74.66,36.73,True,0.717
390,69,1456.57,166.24,91.88,-4.96,91.89,-4.98,False,0.7564
391,2,1689.91,630.71,102.09,40.56,102.11,40.58,True,0.8514
391,4,1872.24,349.7,120.36,14.73,120.36,14.74,False,0.8418
391,5,1543.74,552.67,93.14,33.85,93.13,33.87,True,0.8674
391,7,1809.64,255.43,117.78,4.93,117.79,4.91,False,0.839
391,10,1037.38,363.58,58.23,16.12,58.23,16.08,True,0.8343
391,11,857.16,911.8,46.07,62.28,46.09,62.16,True,0.7831
391,12,1196.54,605.12,68.7,38.4,68.69,38.41,True,0.8295
391,14,1628.54,450.06,100.6,24.5,100.62,24.52,True,0.8329
391,15,1015.2,256.97,56.74,5.09,56.73,5.08,True,0.8007
391,17,733.79,298.97,35.38,9.53,35.4,9.55,True,0.7859
391,18,817.07,143.47,41.07,-7.58,41.14,-7.65,False,0.5765
391,19,1688.48,303.85,107.54,10.04,107.55,10.04,False,0.8272
391,36,1553.28,276.87,97.74,7.21,97.73,7.21,True,0.8389
391,38,742.36,968.47,39.11,66.25,39.1,66.29,True,0.7841
391,46,821.76,924.89,43.89,63.21,43.87,63.16,True,0.576
391,54,1281.88,586.06,74.67,36.76,74.67,36.76,True,0.709
391,69,1456.92,166.31,91.9,-4.95,91.89,-4.95,False,0.7579
392,2,1691.02,631.03,102.16,40.59,102.17,40.55,True,0.8549
392,4,1872.66,350.46,120.37,14.8,120.38,14.8,False,0.8489
392,5,1543.63,549.6,93.17,33.58,93.13,33.7,True,0.8719
392,7,1810.35,255.41,117.83,4.92,117.84,4.92,False,0.8423
392,10,1037.5,363.28,58.24,16.09,58.23,16.08,True,0.8356
392,11,858.34,913.49,46.15,62.4,46.12,62.35,True,0.7822
392,12,1195.89,605.95,68.65,38.47,68.65,38.45,True,0.828
392,14,1629.68,450.44,100.68,24.53,100.67,24.54,True,0.8299
392,15,1014.46,256.78,56.68,5.07,56.69,5.08,True,0.7966
392,17,735.56,299.56,35.52,9.59,35.54,9.57,True,0.7993
392,18,818.7,142.18,41.2,-7.73,41.19,-7.65,False,0.6679
392,19,1688.59,304.13,107.54,10.07,107.56,10.05,False,0.8216
392,36,1553.12,276.91,97.73,7.22,97.73,7.23,True,0.8398
392,38,741.92,969.55,39.08,66.33,39.1,66.32,True,0.7891
392,46,821.06,924.26,43.84,63.17,43.85,63.11,True,0.5908
392,54,1282.03,586.19,74.68,36.77,74.67,36.78,True,0.7061
392,69,1456.86,166.32,91.9,-4.95,91.9,-4.91,False,0.7607
392,70,961.87,966.92,52.62,66.14,52.23,65.51,True,0.3918
393,2,1692.1,630.41,102.25,40.54,102.23,40.51,True,0.8613
393,4,1873.25,350.82,120.41,14.84,120.42,14.86,False,0.8499
393,5,1542.84,548.8,93.13,33.51,93.12,33.56,True,0.8625
393,7,1811.16,255.2,117.9,4.9,117.89,4.93,False,0.8407
393,10,1037.45,363.16,58.24,16.08,58.21,16.07,True,0.8348
393,11,858.57,915.37,46.16,62.54,46.17,62.48,True,0.7739
393,12,1195.12,606.3,68.6,38.5,68.59,38.48,True,0.8303
393,14,1630.7,451.18,100.74,24.6,100.72,24.57,True,0.8234
393,15,1013.96,256.84,56.64,5.08,56.65,5.09,True,0.8039
393,17,737.58,299.94,35.67,9.63,35.68,9.59,True,0.8039
393,18,819.56,142.96,41.27,-7.64,41.25,-7.65,False,0.7248
393,19,1688.92,304.15,107.57,10.07,107.56,10.07,False,0.83
393,36,1553.14,277.24,97.73,7.25,97.73,7.26,True,0.8368
393,38,742.35,970.07,39.11,66.36,39.11,66.35,True,0.7956
393,46,819.53,924.43,43.75,63.18,43.83,63.04,True,0.6115
393,54,1282.13,586.78,74.69,36.82,74.68,36.8,True,0.6966
393,69,1456.92,167.12,91.89,-4.86,91.9,-4.88,False,0.7576
393,70,964.36,970.29,52.77,66.38,52.46,65.82,True,0.5757
394,2,1692.74,629.83,102.3,40.49,102.3,40.46,True,0.8629
394,4,1874.11,351.82,120.45,14.94,120.46,14.91,False,0.8459
394,5,1542.42,547.88,93.11,33.42,93.09,33.47,True,0.8651
394,7,1812.09,255.51,117.96,4.94,117.94,4.93,False,0.8422
394,10,1037.06,363.1,58.21,16.07,58.18,16.05,True,0.8332
394,11,859.54,915.93,46.23,62.58,46.2,62.55,True,0.7732
394,12,1194.27,606.28,68.54,38.5,68.53,38.5,True,0.8307
394,14,1631.22,451.21,100.78,24.61,100.76,24.59,True,0.8238
394,15,1013.74,256.9,56.63,5.08,56.61,5.09,True,0.8068
394,17,739.96,299.76,35.85,9.61,35.8,9.61,True,0.8046
394,18,820.34,142.91,41.33,-7.65,41.3,-7.67,False,0.7378
394,19,1689.02,304.23,107.57,10.08,107.57,10.08,False,0.8239
394,36,1553.28,277.59,97.73,7.29,97.72,7.29,True,0.8331
394,38,742.26,970.67,39.11,66.4,39.1,66.38,True,0.7912
394,46,821.68,920.54,43.87,62.9,43.83,62.95,True,0.6427
394,54,1282.1,587.0,74.68,36.84,74.68,36.82,True,0.7158
394,69,1457.26,167.35,91.91,-4.83,91.9,-4.86,False,0.756
394,70,964.24,970.13,52.76,66.37,52.63,66.14,True,0.5653
395,2,1693.34,628.25,102.36,40.36,102.37,40.39,True,0.8595
395,4,1875.32,352.16,120.53,14.97,120.5,14.97,False,0.8389
395,5,1541.68,548.16,93.05,33.45,93.04,33.44,True,0.8646
395,7,1812.55,255.74,117.99,4.96,117.99,4.93,False,0.8432
395,10,1036.18,362.35,58.14,16.0,58.14,16.04,True,0.8309
395,11,859.42,916.41,46.22,62.61,46.21,62.59,True,0.7601
395,12,1193.3,606.49,68.47,38.51,68.47,38.51,True,0.83
395,14,1631.39,451.26,100.79,24.61,100.79,24.61,True,0.8237
395,15,1013.02,257.13,56.57,5.11,56.56,5.1,True,0.812
395,17,741.45,299.76,35.96,9.61,35.91,9.62,True,0.8002
395,18,820.66,142.87,41.36,-7.65,41.34,-7.65,False,0.7159
395,19,1689.1,304.28,107.58,10.08,107.58,10.08,False,0.8212
395,36,1553.21,277.82,97.72,7.31,97.71,7.33,True,0.8317
395,38,742.42,970.68,39.12,66.4,39.11,66.39,True,0.7885
395,46,820.89,918.07,43.82,62.73,43.84,62.86,True,0.6469
395,54,1282.22,586.78,74.69,36.82,74.69,36.83,True,0.7214
395,69,1457.28,167.49,91.91,-4.81,91.9,-4.86,False,0.7556
395,70,961.58,965.25,52.6,66.03,52.55,66.03,True,0.5806
396,2,1694.06,627.57,102.42,40.3,102.43,40.34,True,0.8538
396,4,1875.58,352.64,120.54,15.02,120.54,15.02,False,0.8337
396,5,1540.58,547.75,92.98,33.41,93.0,33.4,True,0.8648
396,7,1812.7,255.61,118.01,4.95,118.03,4.95,False,0.8448
396,10,1035.28,362.47,58.08,16.01,58.1,16.02,True,0.8292
396,11,859.74,916.4,46.24,62.61,46.2,62.59,True,0.7493
396,12,1192.34,606.45,68.4,38.51,68.41,38.51,True,0.8227
396,14,1631.46,451.07,100.8,24.59,100.8,24.63,True,0.8252
396,15,1012.24,257.06,56.51,5.1,56.52,5.1,True,0.819
396,17,742.08,299.67,36.01,9.6,36.0,9.64,True,0.8045
396,18,820.72,142.77,41.36,-7.67,41.37,-7.65,False,0.739
396,19,1688.95,304.24,107.57,10.08,107.58,10.08,False,0.8209
396,36,1552.94,278.23,97.7,7.36,97.71,7.37,True,0.8357
396,38,741.96,970.8,39.09,66.41,39.12,66.5,True,0.7826
396,46,822.08,918.83,43.89,62.78,43.89,62.49,True,0.6495
396,54,1281.99,586.98,74.68,36.84,74.68,36.85,True,0.7266
396,69,1457.18,167.07,91.91,-4.86,91.91,-4.87,False,0.759
396,70,958.02,961.53,52.38,65.77,52.43,65.78,True,0.4257
397,2,1695.08,627.28,102.5,40.27,102.51,40.28,True,0.8575
397,4,1876.22,353.12,120.58,15.07,120.58,15.06,False,0.8186
397,5,1539.72,547.44,92.93,33.39,92.96,33.35,True,0.8632
397,7,1813.51,255.26,118.08,4.91,118.05,4.97,False,0.8421
397,10,1034.86,362.77,58.04,16.04,58.06,16.01,True,0.8339
397,11,858.86,916.26,46.18,62.6,46.15,62.57,True,0.7518
397,12,1191.3,606.7,68.33,38.53,68.35,38.52,True,0.829
397,14,1631.98,451.75,100.82,24.66,100.81,24.66,True,0.8213
397,15,1011.66,257.22,56.47,5.12,56.47,5.1,True,0.8009
397,17,742.8,300.17,36.07,9.66,36.06,9.68,True,0.8128
397,18,821.04,142.83,41.39,-7.66,41.4,-7.66,False,0.75
397,19,1689.36,304.3,107.6,10.09,107.59,10.08,False,0.8187
397,36,1552.98,278.94,97.69,7.43,97.7,7.41,True,0.8347
397,38,742.66,970.45,39.13,66.39,39.14,66.6,True,0.5017
397,46,821.48,917.59,43.85,62.7,43.97,61.94,True,0.6427
397,54,1282.21,587.08,74.69,36.85,74.69,36.86,True,0.7227
397,69,1456.98,166.55,91.9,-4.92,91.91,-4.87,False,0.7523
397,70,956.0,958.75,52.25,65.58,52.31,65.54,True,0.4886
398,2,1696.33,627.09,102.58,40.26,102.59,40.26,True,0.8561
398,4,1876.91,353.49,120.62,15.11,120.62,15.11,False,0.8264
398,5,1539.34,546.59,92.91,33.31,92.92,33.3,True,0.8641
398,7,1813.82,255.96,118.09,4.98,118.07,4.99,False,0.8439
398,10,1034.53,362.36,58.02,16.0,58.03,16.01,True,0.8381
398,11,858.32,915.31,46.15,62.53,46.12,62.57,True,0.7657
398,12,1190.62,606.6,68.29,38.52,68.31,38.54,True,0.8203
398,14,1632.14,452.19,100.83,24.7,100.81,24.69,True,0.8221
398,15,1010.74,256.77,56.4,5.07,56.42,5.09,True,0.7439
398,17,743.37,300.95,36.12,9.74,36.1,9.72,True,0.814
398,18,821.54,142.96,41.43,-7.64,41.42,-7.66,False,0.7556
398,19,1689.38,304.27,107.6,10.08,107.59,10.09,False,0.8197
398,36,1553.08,279.33,97.69,7.47,97.69,7.45,True,0.8367
398,46,824.7,898.42,44.01,61.33,44.09,61.2,True,0.6521
398,54,1282.08,587.57,74.68,36.89,74.69,36.88,True,0.7237
398,69,1457.07,166.59,91.91,-4.92,91.9,-4.88,False,0.7576
398,70,954.72,952.48,52.17,65.14,52.23,65.38,True,0.5689
399,2,1697.62,626.73,102.68,40.23,102.67,40.25,True,0.8544
399,4,1877.46,353.79,120.65,15.14,120.66,15.15,False,0.8203
399,5,1539.12,545.48,92.91,33.21,92.9,33.23,True,0.8624
399,7,1813.95,256.41,118.09,5.03,118.08,5.03,False,0.8457
399,10,1034.27,362.53,58.0,16.01,58.01,16.0,True,0.844
399,11,855.64,915.17,45.98,62.52,46.08,62.57,True,0.765
399,12,1190.41,606.91,68.27,38.55,68.27,38.55,True,0.8092
399,14,1632.05,452.48,100.82,24.73,100.81,24.74,True,0.8213
399,15,1010.52,256.85,56.38,5.08,56.38,5.09,True,0.7106
399,17,743.56,301.42,36.13,9.79,36.13,9.76,True,0.8152
399,18,821.8,142.63,41.45,-7.68,41.44,-7.65,False,0.7537
399,19,1689.14,304.37,107.58,10.09,107.59,10.09,False,0.8285
399,36,1552.96,279.59,97.68,7.5,97.68,7.49,True,0.8361
399,46,829.88,882.44,44.3,60.18,44.23,60.39,True,0.6816
399,54,1282.23,587.67,74.69,36.9,74.69,36.9,True,0.7207
399,69,1457.0,167.11,91.9,-4.86,91.9,-4.86,False,0.7545
399,70,954.56,952.77,52.16,65.16,52.21,65.33,True,0.4554
400,2,1698.74,627.09,102.75,40.26,102.76,40.24,True,0.8629
400,4,1878.23,354.29,120.7,15.19,120.7,15.18,False,0.8186
400,5,1538.78,544.91,92.89,33.16,92.89,33.14,True,0.8624
400,7,1814.13,256.98,118.09,5.09,118.07,5.09,False,0.8486
400,10,1034.23,362.29,58.0,15.99,58.0,15.97,True,0.8434
400,11,856.52,915.89,46.04,62.58,46.06,62.59,True,0.7887
400,12,1190.11,607.16,68.25,38.57,68.26,38.58,True,0.8124
400,14,1631.95,452.98,100.8,24.77,100.8,24.8,True,0.8229
400,15,1010.16,256.68,56.35,5.06,56.31,5.1,True,0.6458
400,17,743.83,301.44,36.15,9.79,36.16,9.8,True,0.8182
400,18,821.84,143.03,41.45,-7.63,41.45,-7.64,False,0.7543
400,19,1689.17,304.31,107.58,10.09,107.59,10.11,False,0.8319
400,36,1552.89,279.66,97.67,7.51,97.67,7.51,True,0.8369
400,46,832.24,866.26,44.41,59.0,44.39,59.49,True,0.7134
400,54,1282.32,587.89,74.69,36.92,74.68,36.93,True,0.7275
400,69,1456.92,167.21,91.89,-4.85,91.89,-4.8,False,0.753
400,70,955.28,953.86,52.21,65.24,52.22,65.34,True,0.5316
401,2,1700.34,626.79,102.86,40.23,102.85,40.24,True,0.8586
401,4,1878.98,354.75,120.74,15.23,120.75,15.22,False,0.8143
401,5,1538.42,543.92,92.88,33.07,92.89,33.0,True,0.8605
401,7,1813.84,257.6,118.05,5.16,118.06,5.16,False,0.8478
401,10,1034.28,361.79,58.0,15.94,58.0,15.95,True,0.8413
401,11,856.82,916.63,46.06,62.63,46.04,62.64,True,0.7868
401,12,1189.86,607.54,68.23,38.6,68.25,38.61,True,0.8098
401,14,1631.98,453.86,100.79,24.86,100.79,24.85,True,0.8207
401,15,1009.52,257.32,56.3,5.13,56.25,5.14,True,0.6033
401,17,744.15,301.64,36.18,9.81,36.18,9.84,True,0.8151
401,18,821.88,143.2,41.46,-7.62,41.46,-7.59,False,0.7519
401,19,1689.32,304.35,107.59,10.09,107.59,10.15,False,0.8335
401,36,1552.96,279.96,97.67,7.54,97.67,7.53,True,0.8365
401,46,834.73,862.49,44.56,58.73,44.54,58.68,True,0.6752
401,54,1282.22,588.23,74.68,36.95,74.68,36.96,True,0.7255
401,69,1456.92,167.86,91.88,-4.77,91.87,-4.72,False,0.7532
401,70,956.12,958.12,52.26,65.54,52.26,65.48,True,0.6078
402,2,1701.58,626.73,102.95,40.23,102.94,40.25,True,0.8554
402,4,1879.46,354.95,120.77,15.25,120.81,15.28,False,0.8218
402,5,1538.04,542.32,92.87,32.93,92.89,32.85,True,0.8601
402,7,1813.71,258.05,118.03,5.21,118.04,5.22,False,0.8455
402,10,1033.95,361.37,57.98,15.9,58.0,15.94,True,0.8444
402,11,856.72,917.34,46.05,62.68,46.05,62.72,True,0.7953
402,12,1190.07,608.05,68.24,38.65,68.25,38.65,True,0.8084
402,14,1631.84,454.51,100.77,24.92,100.77,24.9,True,0.8226
402,15,1007.44,257.74,56.14,5.17,56.17,5.19,True,0.6852
402,17,744.43,302.08,36.2,9.86,36.22,9.88,True,0.8152
402,18,821.8,143.05,41.45,-7.63,41.48,-7.5,False,0.7353
402,19,1689.6,305.28,107.6,10.19,107.59,10.21,False,0.8332
402,36,1552.71,279.93,97.65,7.54,97.66,7.55,True,0.8458
402,46,836.92,855.74,44.68,58.23,44.67,57.89,True,0.6977
402,54,1282.15,588.65,74.68,36.98,74.67,36.99,True,0.7251
402,69,1456.78,169.46,91.85,-4.59,91.87,-4.64,False,0.7656
402,70,957.02,959.11,52.32,65.6,52.31,65.61,True,0.3706
403,2,1702.8,627.06,103.03,40.26,103.04,40.27,True,0.8556
403,4,1881.08,355.42,120.88,15.3,120.86,15.36,False,0.8372
403,5,1537.66,539.05,92.89,32.64,92.88,32.71,True,0.8593
403,7,1814.04,258.82,118.04,5.29,118.01,5.31,False,0.8416
403,10,1034.38,361.48,58.01,15.91,58.0,15.95,True,0.8453
403,11,856.88,918.64,46.06,62.77,46.06,62.81,True,0.7997
403,12,1190.36,608.35,68.26,38.67,68.25,38.7,True,0.8177
403,14,1631.81,454.88,100.76,24.95,100.76,24.96,True,0.8198
403,15,1006.5,258.58,56.07,5.26,56.08,5.26,True,0.7934
403,17,745.06,302.75,36.25,9.93,36.26,9.94,True,0.8168
403,18,822.4,145.1,41.51,-7.39,41.51,-7.4,False,0.7316
403,19,1690.05,306.3,107.61,10.29,107.59,10.28,False,0.836
403,36,1552.94,280.28,97.66,7.57,97.65,7.61,True,0.8444
403,46,838.56,842.42,44.75,57.25,44.79,57.07,True,0.693
403,54,1282.18,589.28,74.67,37.04,74.66,37.04,True,0.7297
403,69,1456.88,170.0,91.85,-4.53,91.85,-4.55,False,0.7737
403,70,957.62,963.03,52.35,65.88,52.34,65.89,True,0.4766
404,2,1704.29,627.4,103.12,40.28,103.13,40.3,True,0.8577
404,4,1882.4,356.77,120.95,15.44,120.9,15.46,False,0.8464
404,5,1537.4,537.08,92.9,32.47,92.87,32.6,True,0.8629
404,7,1813.66,259.59,117.99,5.37,117.98,5.41,False,0.8428
404,10,1034.51,361.98,58.02,15.96,58.0,16.0,True,0.845
404,11,856.69,920.87,46.06,62.93,46.02,62.91,True,0.7851
404,12,1190.63,609.12,68.27,38.74,68.26,38.77,True,0.8214
404,14,1631.54,455.21,100.74,24.98,100.73,25.02,True,0.8228
404,15,1005.72,259.07,56.01,5.32,55.99,5.34,True,0.7989
404,17,745.8,303.5,36.31,10.0,36.32,10.02,True,0.8086
404,18,822.92,146.32,41.55,-7.25,41.54,-7.29,False,0.7371
404,19,1689.88,307.17,107.58,10.38,107.59,10.39,False,0.8381
404,36,1552.84,280.41,97.66,7.59,97.62,7.69,True,0.8524
404,46,841.8,828.92,44.93,56.25,44.97,56.42,True,0.7224
404,54,1281.89,589.54,74.65,37.06,74.64,37.1,True,0.7242
404,69,1457.12,170.48,91.86,-4.47,91.84,-4.45,False,0.7719
404,70,958.28,961.5,52.39,65.77,52.37,66.11,True,0.4041
405,2,1705.85,628.06,103.22,40.34,103.21,40.34,True,0.8475
405,4,1882.82,358.12,120.95,15.57,120.95,15.58,False,0.8464
405,5,1536.92,536.57,92.87,32.42,92.86,32.53,True,0.862
405,7,1813.24,261.05,117.93,5.53,117.95,5.52,False,0.8351
405,10,1034.27,362.81,58.0,16.04,58.01,16.09,True,0.8496
405,11,856.48,922.62,46.05,63.05,45.94,63.04,True,0.7463
405,12,1190.58,610.58,68.26,38.86,68.26,38.87,True,0.818
405,14,1631.5,456.34,100.72,25.09,100.72,25.09,True,0.8173
405,15,1004.36,260.08,55.9,5.43,55.92,5.43,True,0.8062
405,17,746.64,304.44,36.38,10.1,36.38,10.13,True,0.7994
405,18,823.22,147.43,41.58,-7.12,41.58,-7.13,False,0.7109
405,19,1689.94,307.88,107.57,10.46,107.58,10.49,False,0.8328
405,36,1552.54,282.49,97.6,7.81,97.6,7.81,True,0.8443
405,46,844.26,810.89,45.05,54.9,45.21,55.86,True,0.7776
405,54,1281.49,590.66,74.62,37.16,74.63,37.18,True,0.7054
405,69,1456.9,171.32,91.83,-4.38,91.83,-4.37,False,0.7534
406,2,1707.52,628.42,103.32,40.37,103.27,40.41,True,0.8459
406,4,1883.3,359.57,120.95,15.72,120.95,15.76,False,0.8499
406,5,1536.5,537.96,92.82,32.54,92.82,32.55,True,0.8627
406,7,1813.1,262.13,117.89,5.64,117.87,5.67,False,0.8327
406,10,1034.45,364.45,58.01,16.2,58.02,16.21,True,0.8416
406,11,853.82,923.41,45.88,63.11,45.86,63.19,True,0.7278
406,12,1190.57,611.43,68.26,38.93,68.25,38.99,True,0.8276
406,14,1631.29,457.32,100.68,25.18,100.68,25.17,True,0.8136
406,15,1003.53,260.95,55.84,5.52,55.85,5.56,True,0.8185
406,17,747.32,305.51,36.44,10.21,36.45,10.27,True,0.8006
406,18,823.43,148.19,41.6,-7.04,41.63,-6.95,False,0.7181
406,19,1690.24,309.58,107.57,10.63,107.54,10.64,False,0.8385
406,36,1552.23,283.88,97.55,7.95,97.54,7.96,True,0.8461
406,46,850.27,818.22,45.45,55.45,45.5,55.4,True,0.7175
406,54,1281.16,591.82,74.59,37.26,74.6,37.27,True,0.7032
406,69,1456.72,171.98,91.81,-4.3,91.79,-4.22,False,0.76
407,2,1708.6,629.4,103.38,40.45,103.3,40.49,True,0.8489
407,4,1884.48,361.25,121.0,15.89,120.88,15.95,False,0.853
407,5,1536.36,538.5,92.81,32.59,92.74,32.62,True,0.8569
407,7,1813.48,263.26,117.9,5.77,117.75,5.86,False,0.8241
407,10,1034.75,365.69,58.03,16.33,58.02,16.36,True,0.8443
407,11,850.34,926.9,45.67,63.35,45.72,63.34,True,0.6816
407,12,1190.55,613.7,68.25,39.13,68.23,39.12,True,0.8183
407,14,1631.39,457.99,100.68,25.24,100.61,25.27,True,0.8128
407,15,1002.79,261.94,55.78,5.62,55.8,5.73,True,0.8049
407,17,748.0,307.22,36.5,10.39,36.53,10.44,True,0.7896
407,18,823.96,149.83,41.65,-6.85,41.69,-6.77,False,0.7492
407,19,1690.52,310.36,107.57,10.71,107.45,10.84,False,0.8471
407,36,1551.96,285.64,97.51,8.14,97.44,8.15,True,0.8486
407,46,856.67,818.03,45.86,55.43,45.78,55.03,True,0.7242
407,54,1281.5,592.96,74.6,37.36,74.56,37.38,True,0.6802
407,69,1456.78,173.01,91.8,-4.19,91.7,-4.02,False,0.7551
407,70,958.0,974.35,52.38,66.66,52.38,66.27,True,0.535
408,2,1708.19,631.31,103.33,40.61,103.31,40.56,True,0.8587
408,4,1883.77,364.38,120.88,16.2,120.77,16.13,False,0.843
408,5,1534.89,539.97,92.68,32.72,92.65,32.73,True,0.8581
408,7,1811.18,266.03,117.66,6.06,117.59,6.05,False,0.8177
408,10,1034.78,367.66,58.03,16.52,58.04,16.51,True,0.8499
408,11,849.56,929.35,45.63,63.53,45.64,63.41,True,0.668
408,12,1190.28,615.58,68.22,39.29,68.2,39.23,True,0.8341
408,14,1630.16,459.41,100.57,25.38,100.51,25.37,True,0.8284
408,15,1002.24,264.69,55.73,5.92,55.76,5.93,True,0.809
408,17,749.08,309.84,36.6,10.66,36.62,10.62,True,0.8079
408,18,825.15,152.72,41.75,-6.51,41.75,-6.55,False,0.7617
408,19,1689.05,313.39,107.4,11.03,107.33,11.03,False,0.8378
408,36,1550.44,287.5,97.36,8.33,97.32,8.33,True,0.855
408,38,742.38,977.93,39.14,66.9,39.17,66.7,True,0.6515
408,46,862.08,811.81,46.2,54.97,46.07,54.91,True,0.6626
408,54,1281.02,594.94,74.55,37.53,74.39,37.56,True,0.5916
408,69,1455.48,176.73,91.64,-3.76,91.59,-3.8,False,0.7474
408,70,958.2,973.92,52.39,66.63,52.4,66.32,True,0.4576
409,2,1707.57,632.06,103.27,40.68,103.31,40.61,True,0.8639
409,4,1880.66,366.29,120.6,16.39,120.61,16.32,False,0.8469
409,5,1532.72,541.38,92.51,32.85,92.56,32.78,True,0.8552
409,7,1807.98,268.32,117.36,6.3,117.39,6.24,False,0.803
409,10,1034.92,369.29,58.04,16.69,58.07,16.66,True,0.8559
409,11,845.22,931.16,45.36,63.65,45.55,63.51,True,0.6478
409,12,1189.6,616.63,68.17,39.37,68.17,39.35,True,0.8395
409,14,1628.0,460.32,100.4,25.46,100.41,25.46,True,0.8332
409,15,1002.32,267.09,55.74,6.17,55.72,6.13,True,0.795
409,17,750.56,311.66,36.72,10.85,36.71,10.82,True,0.8249
409,18,826.22,154.43,41.85,-6.31,41.83,-6.28,False,0.7433
409,19,1686.54,316.63,107.15,11.36,107.17,11.23,False,0.8153
409,36,1548.21,289.27,97.17,8.52,97.18,8.51,True,0.8524
409,38,743.57,977.98,39.22,66.9,39.21,66.78,True,0.5202
409,46,864.34,804.59,46.33,54.42,46.31,54.6,True,0.8101
409,54,1279.72,595.75,74.46,37.59,74.2,37.73,True,0.4123
409,69,1452.94,179.47,91.4,-3.45,91.46,-3.55,False,0.7689
409,70,958.25,970.51,52.39,66.39,52.41,66.38,True,0.4672
409,73,824.35,939.14,44.08,64.21,44.2,64.09,True,0.584
409,74,1279.85,600.2,74.44,37.98,74.37,37.98,True,0.5305
410,2,1707.44,631.97,103.26,40.67,103.31,40.65,True,0.8722
410,4,1878.1,367.05,120.4,16.46,120.4,16.53,False,0.8461
410,5,1531.6,542.37,92.42,32.94,92.45,32.84,True,0.8573
410,7,1805.64,270.03,117.14,6.49,117.15,6.44,False,0.8005
410,10,1035.75,370.64,58.1,16.82,58.09,16.79,True,0.8512
410,12,1188.9,617.49,68.12,39.45,68.12,39.45,True,0.8409
410,14,1625.98,461.62,100.24,25.58,100.27,25.56,True,0.8348
410,15,1001.89,269.23,55.7,6.4,55.68,6.35,True,0.7909
410,17,751.81,313.11,36.82,11.0,36.81,11.02,True,0.8222
410,18,826.94,156.83,41.91,-6.04,41.91,-6.0,False,0.7427
410,19,1684.34,317.4,106.97,11.44,106.98,11.45,False,0.8161
410,36,1546.58,291.24,97.01,8.72,97.01,8.69,True,0.8381
410,38,744.72,977.58,39.29,66.88,39.23,66.87,True,0.6512
410,46,867.47,802.92,46.53,54.29,46.49,54.22,True,0.8337
410,69,1451.55,180.67,91.28,-3.32,91.3,-3.26,False,0.7622
410,70,958.83,966.93,52.43,66.14,52.41,66.27,True,0.5028
410,73,831.16,933.23,44.49,63.8,44.12,64.2,True,0.6652
410,74,1279.16,600.22,74.39,37.98,74.34,37.97,True,0.5676
411,2,1708.12,631.6,103.32,40.64,103.34,40.66,True,0.8658
411,4,1875.97,369.05,120.19,16.66,120.18,16.72,False,0.8277
411,5,1530.5,541.07,92.36,32.82,92.36,32.84,True,0.8553
411,7,1802.9,271.07,116.91,6.6,116.89,6.63,False,0.7995
411,10,1036.22,371.78,58.13,16.93,58.12,16.9,True,0.8444
411,12,1188.38,618.45,68.08,39.53,68.06,39.52,True,0.8393
411,14,1624.88,462.2,100.15,25.64,100.12,25.66,True,0.8334
411,15,1001.28,270.75,55.65,6.56,55.64,6.53,True,0.7941
411,17,753.04,315.04,36.92,11.2,36.9,11.21,True,0.8287
411,18,827.68,159.91,41.98,-5.68,41.99,-5.74,False,0.7508
411,19,1682.17,319.12,106.78,11.62,106.78,11.63,False,0.802
411,36,1544.68,292.34,96.85,8.84,96.83,8.87,True,0.8327
411,38,744.45,977.2,39.27,66.85,39.29,66.84,True,0.7339
411,46,869.37,797.32,46.64,53.87,46.62,53.94,True,0.8261
411,69,1450.76,183.4,91.18,-3.01,91.14,-2.99,False,0.7413
411,70,958.96,965.67,52.44,66.06,52.39,66.15,True,0.5391
411,73,823.59,939.72,44.04,64.25,44.1,64.3,True,0.7132
411,74,1277.66,600.16,74.29,37.97,74.31,37.97,True,0.6388
412,2,1709.15,631.51,103.39,40.63,103.41,40.66,True,0.8633
412,4,1873.5,371.93,119.95,16.95,119.95,16.9,False,0.8286
412,5,1529.54,541.69,92.29,32.88,92.29,32.8,True,0.8527
412,7,1800.28,272.64,116.67,6.76,116.64,6.81,False,0.817
412,10,1036.46,372.52,58.14,17.01,58.15,16.98,True,0.8402
412,12,1187.34,619.44,68.0,39.61,68.01,39.59,True,0.8254
412,14,1622.83,463.27,99.99,25.74,99.97,25.75,True,0.8389
412,15,1000.4,272.15,55.59,6.71,55.58,6.7,True,0.8028
412,17,753.66,316.88,36.98,11.39,37.0,11.38,True,0.8257
412,18,828.68,162.05,42.07,-5.44,42.06,-5.48,False,0.762
412,19,1680.21,320.77,106.6,11.79,106.59,11.77,False,0.826
412,36,1542.73,294.33,96.67,9.05,96.65,9.03,True,0.8311
412,38,744.2,976.71,39.25,66.82,39.33,66.82,True,0.7391
412,46,871.18,793.39,46.75,53.57,46.77,53.76,True,0.8211
412,69,1448.94,185.79,91.0,-2.74,91.0,-2.73,False,0.7615
412,70,958.26,966.74,52.39,66.13,52.37,66.09,True,0.5703
412,73,820.67,943.82,43.87,64.54,44.04,64.41,True,0.6384
412,74,1276.76,600.15,74.23,37.97,74.25,37.97,True,0.6574
413,2,1710.54,632.08,103.47,40.68,103.49,40.67,True,0.8486
413,4,1871.17,373.66,119.74,17.12,119.73,17.09,False,0.8376
413,5,1528.54,540.05,92.24,32.73,92.22,32.69,True,0.854
413,7,1796.88,274.88,116.37,7.0,116.38,6.98,False,0.7936
413,10,1036.94,372.84,58.18,17.04,58.18,17.06,True,0.8466
413,12,1186.63,620.04,67.95,39.66,67.95,39.65,True,0.8234
413,14,1620.88,464.66,99.82,25.87,99.81,25.84,True,0.8425
413,15,999.6,273.25,55.52,6.83,55.52,6.84,True,0.8065
413,17,754.9,318.98,37.08,11.6,37.08,11.53,True,0.8309
413,18,829.6,164.05,42.15,-5.21,42.12,-5.24,False,0.7636
413,19,1678.0,322.24,106.41,11.94,106.4,11.92,False,0.8163
413,36,1540.24,295.86,96.46,9.21,96.46,9.18,True,0.8153
413,38,746.76,975.85,39.4,66.76,39.35,66.79,True,0.7141
413,46,872.97,793.24,46.87,53.56,46.93,53.59,True,0.8165
413,69,1447.42,188.6,90.84,-2.42,90.86,-2.49,False,0.7751
413,70,957.14,965.34,52.32,66.04,52.33,66.0,True,0.4724
413,73,823.44,946.3,44.04,64.71,43.84,64.57,True,0.6714
413,74,1276.06,600.13,74.18,37.97,74.19,37.97,True,0.6616
414,2,1712.62,632.31,103.61,40.7,103.58,40.69,True,0.8358
414,4,1868.48,375.73,119.49,17.32,119.5,17.25,False,0.8223
414,5,1527.18,538.68,92.16,32.61,92.14,32.59,True,0.8558
414,7,1794.14,276.64,116.12,7.19,116.13,7.15,False,0.8138
414,10,1037.21,373.48,58.2,17.1,58.19,17.13,True,0.8466
414,12,1185.8,620.29,67.89,39.68,67.88,39.7,True,0.8185
414,14,1618.63,465.41,99.65,25.94,99.63,25.93,True,0.8411
414,15,998.73,274.64,55.46,6.98,55.45,6.99,True,0.8189
414,17,756.09,319.94,37.18,11.7,37.17,11.66,True,0.8271
414,18,829.78,165.8,42.17,-5.01,42.19,-5.02,False,0.7578
414,19,1675.7,323.46,106.21,12.06,106.19,12.06,False,0.8199
414,36,1538.14,297.24,96.28,9.35,96.27,9.33,True,0.8133
414,38,747.1,976.02,39.43,66.77,39.37,66.76,True,0.5941
414,46,876.12,792.3,47.07,53.49,47.12,53.48,True,0.8128
414,69,1446.24,190.7,90.72,-2.18,90.7,-2.28,False,0.7813
414,70,956.62,965.89,52.29,66.07,52.27,65.89,True,0.4886
414,73,818.46,946.64,43.74,64.74,43.72,64.61,True,0.7596
414,74,1275.64,600.06,74.15,37.96,74.15,37.97,True,0.6677
415,2,1713.61,632.33,103.68,40.7,103.64,40.72,True,0.828
415,4,1865.64,376.25,119.27,17.38,119.25,17.37,False,0.8087
415,5,1525.49,536.51,92.07,32.42,92.05,32.47,True,0.8627
415,7,1791.03,278.07,115.85,7.34,115.86,7.33,False,0.8258
415,10,1037.64,374.45,58.23,17.2,58.2,17.2,True,0.851
415,12,1185.08,621.09,67.84,39.75,67.81,39.75,True,0.823
415,14,1615.84,466.02,99.44,25.99,99.45,26.02,True,0.838
415,15,997.8,276.03,55.38,7.12,55.37,7.15,True,0.8159
415,17,757.0,320.55,37.25,11.76,37.25,11.79,True,0.8235
415,18,830.69,167.12,42.25,-4.86,42.25,-4.8,False,0.7363
415,19,1673.08,324.95,105.99,12.21,105.97,12.2,False,0.8034
415,36,1535.47,298.29,96.06,9.46,96.05,9.48,True,0.8189
415,38,746.78,975.53,39.4,66.74,39.41,66.73,True,0.5369
415,46,880.08,791.76,47.33,53.45,47.33,53.39,True,0.8124
415,69,1444.12,191.66,90.54,-2.08,90.55,-2.06,False,0.7559
415,70,955.67,960.32,52.23,65.69,52.2,65.71,True,0.3545
415,73,815.13,944.56,43.53,64.59,43.62,64.59,True,0.742
415,74,1274.88,600.15,74.1,37.97,74.1,37.99,True,0.6827
416,2,1714.58,632.72,103.74,40.73,103.67,40.75,True,0.8235
416,4,1862.74,377.25,119.03,17.47,118.98,17.5,False,0.8192
416,5,1523.78,535.44,91.96,32.32,91.93,32.38,True,0.87
416,7,1788.43,279.37,115.62,7.48,115.58,7.5,False,0.8391
416,10,1037.23,375.42,58.2,17.29,58.2,17.29,True,0.8507
416,12,1183.58,621.88,67.73,39.82,67.73,39.79,True,0.8204
416,14,1613.52,467.31,99.26,26.11,99.26,26.1,True,0.8309
416,15,996.56,277.95,55.29,7.33,55.29,7.33,True,0.8239
416,17,758.14,321.49,37.34,11.86,37.32,11.9,True,0.823
416,18,831.47,169.44,42.32,-4.59,42.31,-4.59,False,0.759
416,19,1670.3,325.88,105.76,12.31,105.74,12.34,False,0.8172
416,36,1533.39,299.48,95.89,9.59,95.82,9.62,True,0.82
416,38,746.62,975.03,39.39,66.7,39.42,66.7,True,0.5022
416,46,884.1,790.06,47.58,53.32,47.56,53.27,True,0.8276
416,69,1442.36,192.43,90.39,-1.99,90.37,-1.85,False,0.6952
416,70,953.98,958.17,52.13,65.54,52.11,65.62,True,0.3652
416,73,813.7,942.61,43.43,64.46,43.48,64.56,True,0.7538
416,74,1274.49,600.33,74.07,37.99,73.74,38.12,True,0.6208
417,2,1714.32,633.56,103.71,40.8,103.64,40.78,True,0.8273
417,4,1858.86,378.32,118.72,17.58,118.69,17.62,False,0.8312
417,5,1521.56,534.99,91.81,32.28,91.77,32.35,True,0.8657
417,7,1784.94,280.77,115.33,7.62,115.29,7.66,False,0.8389
417,10,1037.28,376.2,58.2,17.37,58.18,17.39,True,0.84
417,12,1182.22,621.92,67.64,39.82,67.65,39.84,True,0.8123
417,14,1611.1,468.11,99.07,26.19,99.05,26.2,True,0.8309
417,15,995.45,279.43,55.2,7.48,55.21,7.53,True,0.8201
417,17,758.78,323.26,37.4,12.04,37.37,12.05,True,0.8234
417,18,831.94,171.54,42.36,-4.35,42.37,-4.37,False,0.7452
417,19,1666.92,327.45,105.48,12.47,105.49,12.49,False,0.8179
417,36,1529.66,301.4,95.58,9.78,95.56,9.78,True,0.844
417,38,746.98,974.61,39.41,66.67,39.41,66.68,True,0.5916
417,46,887.33,787.49,47.79,53.12,47.82,52.91,True,0.8365
417,54,1269.62,601.07,73.73,38.05,73.99,37.9,True,0.5352
417,69,1441.02,195.63,90.24,-1.63,90.18,-1.66,False,0.6356
417,70,952.17,953.78,52.02,65.23,52.02,65.62,True,0.4225
417,73,812.74,942.59,43.37,64.46,43.38,64.54,True,0.7744
417,74,1273.61,600.9,74.01,38.04,72.72,38.32,True,0.4259
417,76,1912.14,340.34,123.55,13.78,123.3,13.94,False,0.7183
418,2,1712.74,634.02,103.59,40.84,103.57,40.82,True,0.8252
418,4,1854.82,380.11,118.39,17.76,118.38,17.77,False,0.8388
418,5,1519.04,535.03,91.64,32.28,91.59,32.37,True,0.8633
418,7,1781.26,282.87,115.0,7.85,114.98,7.84,False,0.8221
418,10,1036.71,377.32,58.15,17.48,58.14,17.51,True,0.8381
418,12,1181.14,622.53,67.56,39.87,67.55,39.88,True,0.8133
418,14,1608.44,469.12,98.87,26.28,98.83,26.3,True,0.827
418,15,994.44,282.1,55.12,7.76,55.12,7.73,True,0.8224
418,17,758.84,324.39,37.41,12.16,37.42,12.22,True,0.8234
418,18,832.79,173.3,42.44,-4.15,42.43,-4.12,False,0.7506
418,19,1664.02,329.0,105.24,12.63,105.22,12.65,False,0.8306
418,36,1526.4,302.88,95.31,9.94,95.29,9.95,True,0.8533
418,38,747.76,974.11,39.46,66.64,39.42,66.65,True,0.7456
418,46,891.13,785.25,48.03,52.95,48.09,52.52,True,0.8321
418,54,1268.51,601.92,73.65,38.12,73.79,38.04,True,0.6487
418,69,1437.83,197.85,89.96,-1.38,89.98,-1.45,False,0.7562
418,70,950.07,958.51,51.89,65.56,51.91,65.77,True,0.4045
418,73,812.29,943.86,43.35,64.54,43.3,64.55,True,0.7639
418,76,1909.14,341.93,123.29,13.94,123.19,14.02,False,0.7449
419,2,1711.18,634.05,103.49,40.84,103.47,40.83,True,0.8269
419,4,1850.86,381.79,118.06,17.92,118.05,17.93,False,0.8203
419,5,1515.61,536.77,91.38,32.44,91.39,32.41,True,0.8533
419,7,1777.2,284.28,114.66,7.99,114.65,8.03,False,0.8116
419,10,1036.28,378.73,58.12,17.62,58.08,17.64,True,0.8322
419,12,1179.74,623.08,67.47,39.92,67.46,39.92,True,0.8086
419,14,1605.0,470.66,98.6,26.42,98.61,26.39,True,0.8265
419,15,993.45,283.84,55.04,7.95,55.05,7.92,True,0.8189
419,17,759.38,326.91,37.46,12.42,37.47,12.41,True,0.8257
419,18,833.32,175.6,42.49,-3.89,42.47,-3.89,False,0.7582
419,19,1660.72,330.84,104.96,12.82,104.94,12.82,True,0.8239
419,36,1522.48,304.82,94.98,10.14,94.98,10.14,True,0.8475
419,38,746.9,974.18,39.41,66.64,39.43,66.6,True,0.7304
419,46,896.89,769.16,48.39,51.71,48.36,52.1,True,0.8329
419,54,1267.56,602.67,73.58,38.19,73.58,38.18,True,0.6974
419,69,1435.55,199.27,89.77,-1.22,89.78,-1.21,False,0.7613
419,70,948.84,966.07,51.81,66.09,51.76,65.62,True,0.5106
419,73,809.88,945.14,43.2,64.63,43.23,64.59,True,0.7408
419,76,1906.66,343.48,123.07,14.1,123.08,14.11,False,0.7648
420,2,1709.15,634.38,103.34,40.87,103.34,40.84,True,0.8329
420,4,1846.54,383.88,117.69,18.13,117.7,18.12,False,0.8133
420,5,1512.4,537.95,91.14,32.54,91.18,32.46,True,0.849
420,7,1773.26,286.92,114.31,8.27,114.31,8.26,False,0.8063
420,10,1034.82,380.4,58.01,17.79,58.0,17.79,True,0.8415
420,12,1178.34,623.53,67.37,39.96,67.37,39.98,True,0.806
420,14,1601.54,471.68,98.34,26.52,98.36,26.49,True,0.824
420,15,992.52,285.4,54.97,8.11,54.98,8.12,True,0.8219
420,17,759.92,329.03,37.51,12.63,37.52,12.6,True,0.8274
420,18,833.78,177.83,42.53,-3.64,42.53,-3.64,False,0.7548
420,19,1657.0,332.68,104.65,13.0,104.66,13.0,True,0.8133
420,36,1518.84,306.42,94.69,10.31,94.67,10.34,True,0.8314
420,38,747.26,973.58,39.43,66.6,39.47,66.57,True,0.7433
420,46,901.27,766.22,48.67,51.49,48.63,51.6,True,0.8517
420,54,1266.7,603.27,73.52,38.24,73.5,38.24,True,0.7035
420,69,1433.12,200.93,89.55,-1.04,89.57,-0.97,False,0.7173
420,70,946.74,971.04,51.68,66.43,51.62,65.69,True,0.6279
420,73,809.1,945.38,43.15,64.65,43.18,64.63,True,0.7281
420,76,1904.46,345.15,122.86,14.27,122.83,14.28,False,0.7747
420,77,8.46,373.43,-17.72,17.1,-17.41,17.31,False,0.678
421,2,1707.22,633.64,103.22,40.81,103.2,40.85,True,0.8374
421,4,1842.73,385.38,117.38,18.28,117.35,18.31,False,0.8118
421,5,1510.13,537.7,90.98,32.52,90.95,32.52,True,0.846
421,7,1768.86,288.5,113.94,8.44,113.94,8.5,False,0.8168
421,10,1033.63,382.03,57.92,17.95,57.91,17.92,True,0.8416
421,12,1177.05,624.37,67.28,40.03,67.28,40.04,True,0.7991
421,14,1599.04,472.07,98.15,26.56,98.1,26.6,True,0.8351
421,15,991.53,287.27,54.9,8.31,54.92,8.31,True,0.8242
421,17,760.71,330.85,37.58,12.82,37.58,12.81,True,0.8302
421,18,833.91,179.87,42.55,-3.41,42.57,-3.38,False,0.7344
421,19,1653.44,334.18,104.35,13.16,104.35,13.18,True,0.8084
421,36,1514.7,308.58,94.34,10.53,94.34,10.54,True,0.8285
421,38,747.7,971.58,39.45,66.47,39.51,66.51,True,0.7668
421,46,905.16,763.19,48.92,51.25,48.89,51.07,True,0.8384
421,54,1265.42,604.1,73.42,38.31,73.41,38.31,True,0.7066
421,69,1431.5,203.44,89.39,-0.76,89.35,-0.72,False,0.7193
421,73,807.98,945.43,43.08,64.65,43.13,64.67,True,0.7978
421,76,1902.2,346.99,122.65,14.45,122.53,14.47,False,0.7063
421,77,11.89,375.67,-17.41,17.32,-17.26,17.4,False,0.7247
422,2,1705.1,634.2,103.07,40.86,103.03,40.87,True,0.8461
422,4,1838.12,388.01,116.99,18.53,116.98,18.5,False,0.8218
422,5,1506.84,537.91,90.75,32.54,90.73,32.53,True,0.8522
422,7,1765.46,291.34,113.62,8.73,113.58,8.73,False,0.8184
422,10,1032.14,383.47,57.81,18.09,57.8,18.04,True,0.8479
422,12,1175.84,625.18,67.19,40.1,67.18,40.09,True,0.8034
422,14,1595.32,473.51,97.86,26.69,97.84,26.69,True,0.8464
422,15,991.16,288.95,54.87,8.48,54.85,8.5,True,0.8194
422,17,761.48,332.59,37.65,12.99,37.64,13.0,True,0.8393
422,18,834.92,182.29,42.64,-3.13,42.61,-3.13,False,0.7257
422,19,1650.38,336.28,104.09,13.37,104.04,13.35,True,0.822
422,36,1511.12,310.9,94.04,10.77,93.99,10.75,True,0.8298
422,38,750.36,971.92,39.61,66.49,39.55,66.42,True,0.782
422,46,908.52,755.0,49.13,50.61,49.12,50.75,True,0.8302
422,54,1264.29,604.67,73.34,38.36,73.31,38.37,True,0.7063
422,69,1429.08,206.23,89.17,-0.45,89.12,-0.48,False,0.7309
422,70,942.04,947.32,51.39,64.79,51.51,65.82,True,0.6212
422,73,808.93,945.5,43.14,64.66,43.06,64.75,True,0.7089
422,76,1897.86,348.9,122.28,14.65,122.19,14.65,False,0.7504
422,77,15.48,377.48,-17.11,17.5,-17.11,17.51,False,0.7413
423,2,1702.03,634.53,102.86,40.88,102.88,40.85,True,0.8407
423,4,1833.52,389.61,116.61,18.69,116.62,18.66,False,0.8246
423,5,1503.44,538.01,90.51,32.55,90.53,32.49,True,0.8505
423,7,1760.5,294.44,113.18,9.06,113.22,8.92,False,0.808
423,10,1030.36,384.31,57.67,18.17,57.71,18.13,True,0.832
423,12,1174.66,626.12,67.11,40.18,67.08,40.14,True,0.8054
423,14,1591.48,474.87,97.57,26.82,97.58,26.78,True,0.8325
423,15,990.26,291.09,54.8,8.71,54.78,8.68,True,0.8031
423,17,762.06,334.6,37.7,13.2,37.7,13.18,True,0.832
423,18,834.95,184.97,42.65,-2.83,42.64,-2.86,False,0.7296
423,19,1645.82,337.89,103.72,13.53,103.73,13.51,True,0.8061
423,36,1506.22,312.73,93.64,10.96,93.64,10.96,True,0.8247
423,38,750.9,969.91,39.64,66.35,39.59,66.33,True,0.776
423,46,911.9,750.56,49.35,50.27,49.35,50.44,True,0.8268
423,54,1262.46,605.74,73.21,38.45,73.2,38.43,True,0.6997
423,69,1425.64,209.11,88.86,-0.13,88.87,-0.24,False,0.7381
423,70,941.36,959.01,51.35,65.6,51.42,65.85,True,0.6606
423,73,807.44,947.26,43.06,64.78,42.95,64.8,True,0.6754
423,76,1891.86,351.26,121.78,14.88,121.8,14.82,False,0.7611
423,77,18.77,379.38,-16.82,17.68,-16.79,17.7,False,0.7776
424,2,1699.46,634.88,102.68,40.91,102.73,40.81,True,0.837
424,4,1828.98,391.34,116.24,18.86,116.25,18.83,False,0.8126
424,5,1500.22,537.19,90.29,32.48,90.33,32.43,True,0.8644
424,7,1756.1,295.17,112.83,9.14,112.85,9.13,False,0.7887
424,10,1029.42,384.38,57.6,18.18,57.62,18.21,True,0.8323
424,12,1172.58,626.08,66.96,40.17,66.96,40.18,True,0.8033
424,14,1587.6,475.35,97.29,26.86,97.29,26.89,True,0.8301
424,15,989.01,292.8,54.7,8.89,54.7,8.86,True,0.8132
424,17,762.6,336.32,37.75,13.37,37.74,13.36,True,0.8328
424,18,835.28,186.73,42.68,-2.63,42.67,-2.6,False,0.7313
424,19,1641.82,339.58,103.39,13.71,103.4,13.66,True,0.8059
424,36,1501.46,314.96,93.26,11.19,93.29,11.16,True,0.8321
424,38,750.86,967.61,39.63,66.19,39.61,66.27,True,0.7805
424,46,915.07,748.68,49.55,50.12,49.55,50.11,True,0.8378
424,54,1260.38,606.19,73.06,38.49,73.06,38.49,True,0.6822
424,69,1422.58,210.11,88.61,-0.02,88.61,-0.01,False,0.7387
424,70,941.15,967.23,51.34,66.17,51.34,65.79,True,0.7275
424,73,804.66,950.39,42.89,65.0,42.77,64.79,True,0.6429
424,76,1886.54,352.32,121.36,14.99,121.36,15.0,False,0.7886
424,77,22.56,382.08,-16.48,17.95,-16.46,17.89,False,0.7819
425,2,1697.56,633.45,102.57,40.79,102.58,40.72,True,0.8337
425,4,1824.14,392.3,115.87,18.95,115.87,18.97,False,0.8146
425,5,1497.72,535.65,90.14,32.34,90.12,32.34,True,0.8617
425,7,1752.26,296.24,112.52,9.25,112.46,9.31,False,0.7596
425,10,1028.72,385.3,57.55,18.27,57.53,18.27,True,0.8342
425,12,1170.8,626.69,66.84,40.22,66.84,40.22,True,0.7981
425,14,1584.14,476.77,97.02,26.99,97.0,26.97,True,0.8179
425,15,988.07,293.85,54.63,9.0,54.6,9.04,True,0.8194
425,17,763.13,337.9,37.8,13.53,37.77,13.54,True,0.8221
425,18,835.33,189.62,42.7,-2.31,42.68,-2.32,False,0.7493
425,19,1637.83,340.12,103.08,13.76,103.05,13.81,True,0.8035
425,36,1497.53,316.51,92.94,11.35,92.93,11.33,True,0.8105
425,38,750.71,967.36,39.62,66.17,39.6,66.19,True,0.7631
425,46,918.56,746.39,49.78,49.94,49.73,49.85,True,0.8201
425,54,1258.77,606.88,72.95,38.55,72.9,38.54,True,0.6962
425,69,1419.38,211.72,88.34,0.16,88.32,0.22,True,0.7291
425,70,940.76,968.42,51.32,66.25,51.3,66.03,True,0.7486
425,73,799.54,948.83,42.57,64.89,42.49,64.96,True,0.7374
425,76,1880.96,353.61,120.92,15.12,120.89,15.15,False,0.767
425,77,27.04,383.25,-16.12,18.07,-16.12,18.07,False,0.7887
426,2,1695.55,630.98,102.47,40.59,102.43,40.62,True,0.8288
426,4,1819.76,393.88,115.52,19.11,115.49,19.1,False,0.7969
426,5,1494.68,534.45,89.94,32.23,89.92,32.21,True,0.8588
426,7,1747.42,298.38,112.11,9.47,112.06,9.46,False,0.7974
426,10,1027.56,385.81,57.47,18.32,57.44,18.33,True,0.8338
426,12,1169.04,627.04,66.72,40.25,66.71,40.24,True,0.8043
426,14,1580.31,477.85,96.73,27.09,96.7,27.04,True,0.8329
426,15,986.49,295.9,54.51,9.21,54.49,9.2,True,0.8217
426,17,763.2,339.39,37.81,13.69,37.79,13.72,True,0.8098
426,18,835.18,191.63,42.69,-2.08,42.67,-2.07,False,0.7202
426,19,1633.43,341.78,102.73,13.93,102.7,13.97,True,0.795
426,36,1492.8,318.22,92.56,11.52,92.56,11.49,True,0.8025
426,38,749.9,966.86,39.57,66.14,39.62,66.06,True,0.7126
426,46,920.86,742.04,49.93,49.6,49.9,49.59,True,0.8256
426,54,1255.76,607.42,72.74,38.59,72.74,38.58,True,0.7007
426,69,1415.96,213.57,88.05,0.37,88.05,0.41,True,0.6607
426,70,940.13,966.59,51.28,66.12,51.26,66.04,True,0.7636
426,73,793.62,945.21,42.19,64.64,42.07,65.13,True,0.6983
426,76,1875.68,355.81,120.47,15.34,120.41,15.27,False,0.7373
426,77,31.46,385.19,-15.75,18.26,-15.79,18.25,False,0.8031
427,2,1692.68,629.22,102.3,40.44,102.28,40.51,True,0.8281
427,4,1814.46,395.16,115.1,19.23,115.08,19.24,False,0.8157
427,5,1491.08,532.77,89.71,32.08,89.71,32.08,True,0.8534
427,7,1741.72,300.02,111.64,9.64,111.64,9.63,False,0.7929
427,10,1026.1,386.99,57.36,18.43,57.34,18.4,True,0.8232
427,12,1167.13,627.44,66.59,40.29,66.58,40.27,True,0.809
427,14,1575.78,477.86,96.41,27.09,96.39,27.12,True,0.8342
427,15,984.82,297.55,54.38,9.38,54.36,9.36,True,0.7122
427,17,762.96,341.51,37.8,13.9,37.79,13.89,True,0.8045
427,18,834.93,194.41,42.68,-1.77,42.65,-1.83,False,0.7292
427,19,1628.78,343.84,102.35,14.14,102.34,14.1,True,0.7963
427,36,1488.62,319.33,92.23,11.64,92.19,11.63,True,0.8052
427,38,749.7,965.94,39.55,66.08,39.63,65.94,True,0.6592
427,46,922.64,738.68,50.04,49.34,50.07,49.25,True,0.8319
427,54,1253.11,607.61,72.56,38.61,72.54,38.61,True,0.6905
427,69,1412.67,216.69,87.76,0.71,87.77,0.64,True,0.7049
427,70,939.02,965.02,51.21,66.01,51.21,65.97,True,0.7736
427,73,785.29,957.79,41.72,65.51,41.56,65.27,True,0.607
427,76,1868.42,356.53,119.92,15.41,119.91,15.41,False,0.7298
427,77,35.43,386.64,-15.43,18.4,-15.46,18.4,False,0.8212
428,2,1689.89,628.4,102.13,40.37,102.11,40.42,True,0.8063
428,4,1809.3,396.35,114.7,19.35,114.67,19.37,False,0.8171
428,5,1487.82,531.04,89.5,31.93,89.5,31.97,True,0.8434
428,7,1736.5,301.75,111.21,9.82,111.2,9.8,False,0.7957
428,10,1024.38,386.99,57.23,18.43,57.22,18.49,True,0.8351
428,12,1165.16,627.37,66.45,40.28,66.43,40.28,True,0.8029
428,14,1571.17,478.75,96.07,27.17,96.07,27.19,True,0.8289
428,15,982.86,298.95,54.23,9.53,54.22,9.53,True,0.7529
428,17,762.36,343.4,37.77,14.09,37.78,14.07,True,0.794
428,18,833.94,196.13,42.61,-1.58,42.61,-1.59,False,0.7228
428,19,1624.12,345.46,101.97,14.3,101.97,14.24,True,0.8007
428,36,1483.36,320.28,91.82,11.74,91.81,11.78,True,0.8035
428,38,753.2,960.83,39.75,65.72,39.53,65.53,True,0.7048
428,46,924.88,733.74,50.19,48.95,50.23,48.82,True,0.8335
428,54,1250.7,608.12,72.39,38.65,72.34,38.63,True,0.6481
428,69,1409.48,217.73,87.49,0.82,87.46,0.88,True,0.7263
428,70,937.88,959.56,51.14,65.64,51.15,65.91,True,0.7839
428,73,773.29,958.94,40.98,65.59,41.06,65.56,True,0.6287
428,76,1861.55,357.13,119.4,15.47,119.39,15.55,False,0.7609
428,77,38.56,388.29,-15.16,18.56,-15.15,18.56,False,0.8189
428,81,1909.38,361.61,122.84,15.92,122.44,16.06,False,0.7775
429,2,1687.06,628.08,101.94,40.34,101.91,40.38,True,0.7863
429,4,1803.28,398.41,114.21,19.55,114.23,19.5,False,0.7922
429,5,1484.54,529.98,89.28,31.83,89.27,31.87,True,0.8485
429,7,1730.64,303.05,110.74,9.96,110.75,9.95,False,0.7903
429,10,1022.53,388.24,57.09,18.56,57.1,18.58,True,0.8218
429,12,1162.62,627.63,66.28,40.3,66.27,40.3,True,0.8024
429,14,1566.46,479.79,95.72,27.27,95.73,27.24,True,0.8161
429,15,980.49,300.49,54.05,9.69,54.06,9.7,True,0.8017
429,17,762.1,345.05,37.76,14.26,37.76,14.25,True,0.8008
429,18,833.44,197.61,42.58,-1.41,42.57,-1.34,False,0.7092
429,19,1619.12,345.96,101.59,14.35,101.6,14.36,True,0.794
429,36,1478.19,321.79,91.41,11.89,91.41,11.91,True,0.8216
429,38,751.56,959.09,39.64,65.6,39.45,65.18,True,0.5138
429,46,928.06,727.21,50.39,48.43,50.41,48.31,True,0.8215
429,54,1246.19,607.97,72.08,38.64,72.14,38.65,True,0.5245
429,69,1406.0,220.54,87.19,1.13,87.16,1.14,True,0.7182
429,70,937.0,962.64,51.08,65.85,51.09,65.86,True,0.795
429,73,762.77,960.97,40.34,65.73,40.59,66.02,True,0.7655
429,74,1250.11,608.21,72.35,38.66,71.22,38.56,True,0.3657
429,76,1854.87,359.63,118.84,15.72,118.86,15.68,False,0.7498
429,77,42.4,389.66,-14.85,18.7,-14.84,18.71,False,0.7961
429,81,1904.66,362.94,122.46,16.05,122.21,16.13,False,0.7915
430,2,1683.74,628.53,101.71,40.38,101.71,40.37,True,0.7986
430,4,1797.88,399.05,113.81,19.61,113.79,19.63,False,0.7845
430,5,1481.19,529.12,89.06,31.76,89.04,31.82,True,0.8465
430,7,1725.2,304.45,110.3,10.1,110.3,10.12,False,0.8025
430,10,1020.86,389.59,56.97,18.69,56.97,18.68,True,0.8231
430,12,1160.12,627.54,66.11,40.3,66.1,40.3,True,0.7943
430,14,1562.11,480.31,95.4,27.32,95.39,27.31,True,0.8198
430,15,978.6,301.84,53.91,9.83,53.89,9.86,True,0.7822
430,17,761.89,346.53,37.75,14.41,37.74,14.43,True,0.797
430,18,832.29,200.41,42.5,-1.1,42.51,-1.11,False,0.719
430,19,1614.55,347.01,101.23,14.46,101.22,14.47,True,0.799
430,36,1473.1,323.71,91.01,12.09,90.99,12.06,True,0.823
430,46,931.32,718.84,50.6,47.77,50.63,47.78,True,0.8423
430,54,1243.8,608.34,71.92,38.67,71.95,38.67,True,0.6989
430,69,1401.8,222.91,86.83,1.39,86.86,1.36,True,0.7275
430,70,936.34,963.68,51.04,65.92,51.03,65.81,True,0.7835
430,73,758.1,969.88,40.08,66.35,40.17,66.37,True,0.7453
430,76,1848.33,360.37,118.34,15.8,118.33,15.82,False,0.7549
430,77,45.96,391.63,-14.54,18.89,-14.55,18.85,False,0.789
430,81,1899.1,364.47,122.01,16.21,121.97,16.19,False,0.7287
431,2,1680.3,628.66,101.47,40.39,101.5,40.37,True,0.8137
431,4,1792.08,400.77,113.35,19.78,113.36,19.74,False,0.7951
431,5,1477.62,528.97,88.81,31.74,88.81,31.8,True,0.8639
431,7,1719.8,305.79,109.87,10.24,109.83,10.29,False,0.7855
431,10,1019.12,390.74,56.84,18.8,56.83,18.8,True,0.825
431,12,1157.28,627.65,65.92,40.31,65.91,40.31,True,0.7852
431,14,1557.55,480.43,95.07,27.33,95.06,27.37,True,0.8059
431,15,976.43,303.91,53.74,10.05,53.71,10.03,True,0.7722
431,17,761.62,348.31,37.74,14.59,37.71,14.59,True,0.785
431,18,831.66,202.76,42.46,-0.83,42.43,-0.86,False,0.722
431,19,1609.78,347.77,100.87,14.53,100.84,14.58,True,0.7884
431,36,1467.57,324.61,90.58,12.18,90.57,12.2,True,0.8164
431,46,935.18,710.22,50.85,47.08,50.88,47.32,True,0.8426
431,54,1241.65,608.61,71.77,38.69,71.75,38.68,True,0.6893
431,69,1398.18,225.02,86.53,1.63,86.52,1.59,True,0.7494
431,70,935.26,962.83,50.98,65.86,50.96,65.8,True,0.7939
431,73,753.92,978.55,39.85,66.94,39.85,66.76,True,0.7767
431,76,1841.8,362.2,117.82,15.98,117.8,15.97,False,0.7178
431,77,49.96,392.79,-14.22,19.0,-14.27,18.99,False,0.8104
431,81,1893.04,365.83,121.53,16.34,121.5,16.3,False,0.7605
432,2,1677.42,628.6,101.28,40.39,101.29,40.36,True,0.8317
432,4,1786.22,401.58,112.9,19.86,112.93,19.84,False,0.8217
432,5,1474.12,530.2,88.55,31.85,88.57,31.8,True,0.8584
432,7,1713.64,307.99,109.36,10.47,109.36,10.47,False,0.787
432,10,1017.41,392.08,56.71,18.93,56.68,18.9,True,0.8276
432,12,1154.6,628.0,65.73,40.33,65.72,40.32,True,0.7937
432,14,1552.64,481.95,94.7,27.47,94.72,27.43,True,0.8023
432,15,973.6,305.37,53.53,10.2,53.53,10.2,True,0.7795
432,17,760.8,350.34,37.69,14.79,37.66,14.73,True,0.788
432,18,830.9,204.78,42.4,-0.61,42.32,-0.61,False,0.7237
432,19,1604.52,349.48,100.45,14.7,100.45,14.7,True,0.8127
432,36,1462.18,326.54,90.15,12.38,90.15,12.35,True,0.8242
432,38,744.73,937.87,39.14,64.13,39.32,64.82,True,0.5524
432,46,939.53,705.09,51.14,46.67,51.13,46.92,True,0.8338
432,54,1238.96,608.7,71.58,38.7,71.57,38.7,True,0.6938
432,69,1394.91,226.93,86.25,1.84,86.2,1.79,True,0.6255
432,70,934.04,961.92,50.9,65.8,50.9,65.77,True,0.7593
432,73,749.6,982.58,39.6,67.22,39.64,67.16,True,0.7569
432,76,1834.76,363.6,117.27,16.12,117.29,16.1,False,0.7491
432,77,52.92,393.77,-13.99,19.1,-14.0,19.13,False,0.8118
432,81,1886.06,366.52,121.0,16.41,121.01,16.41,False,0.7685
433,2,1674.92,628.02,101.11,40.34,101.08,40.35,True,0.8298
433,4,1781.1,402.21,112.52,19.92,112.49,19.96,False,0.7585
433,5,1471.2,529.92,88.35,31.83,88.34,31.82,True,0.832
433,7,1707.52,309.94,108.86,10.67,108.89,10.65,False,0.7883
433,10,1015.23,393.2,56.55,19.04,56.52,18.99,True,0.8376
433,12,1151.58,627.74,65.53,40.31,65.53,40.33,True,0.7782
433,14,1548.55,482.06,94.41,27.48,94.38,27.47,True,0.8009
433,15,970.9,307.02,53.32,10.37,53.34,10.37,True,0.7787
433,17,759.58,351.21,37.6,14.88,37.6,14.89,True,0.795
433,18,828.58,207.1,42.23,-0.35,42.22,-0.39,False,0.75
433,19,1599.36,351.11,100.04,14.87,100.06,14.81,True,0.7867
433,36,1456.41,327.22,89.71,12.45,89.7,12.48,True,0.8133
433,38,745.03,941.6,39.17,64.39,39.06,64.46,True,0.4518
433,46,943.72,704.82,51.42,46.65,51.37,46.59,True,0.8303
433,54,1236.49,608.77,71.41,38.71,71.37,38.71,True,0.6728
433,69,1389.6,228.18,85.82,1.97,85.88,1.99,True,0.6171
433,70,932.42,958.44,50.8,65.56,50.82,65.74,True,0.6992
433,73,745.53,987.44,39.37,67.55,39.46,67.47,True,0.7365
433,76,1828.13,364.9,116.75,16.25,116.77,16.23,False,0.74
433,77,55.85,395.42,-13.73,19.26,-13.75,19.26,False,0.8129
433,81,1879.72,367.48,120.51,16.51,120.53,16.5,False,0.7871
434,2,1671.52,627.88,100.89,40.32,100.87,40.35,True,0.8251
434,4,1775.34,403.57,112.07,20.05,112.07,20.04,False,0.7477
434,5,1467.76,529.97,88.1,31.83,88.11,31.82,True,0.8258
434,7,1701.76,311.89,108.39,10.87,108.42,10.82,False,0.7673
434,10,1012.36,393.33,56.34,19.06,56.34,19.08,True,0.832
434,12,1148.62,628.03,65.33,40.34,65.32,40.34,True,0.7785
434,14,1543.26,482.73,94.02,27.54,94.06,27.52,True,0.7939
434,15,968.43,308.55,53.14,10.53,53.14,10.53,True,0.76
434,17,758.36,352.43,37.51,15.0,37.52,15.02,True,0.7969
434,18,825.84,209.03,42.02,-0.14,42.08,-0.21,False,0.7361
434,19,1594.33,351.78,99.65,14.94,99.67,14.94,True,0.79
434,36,1451.05,329.33,89.28,12.66,89.25,12.62,True,0.8154
434,46,946.82,702.11,51.62,46.43,51.65,46.23,True,0.8459
434,54,1232.87,608.99,71.16,38.73,71.17,38.73,True,0.6964
434,69,1386.36,229.54,85.56,2.12,85.57,2.16,True,0.7359
434,70,931.92,960.73,50.77,65.72,50.73,65.74,True,0.7738
434,73,743.98,990.2,39.29,67.74,39.23,67.66,True,0.7227
434,76,1821.68,365.96,116.25,16.35,116.28,16.35,False,0.7179
434,77,58.15,397.06,-13.53,19.42,-13.54,19.38,False,0.7977
434,81,1873.14,368.29,120.0,16.59,120.05,16.6,False,0.7553
435,2,1668.12,627.96,100.65,40.33,100.65,40.35,True,0.8307
435,4,1769.46,404.84,111.61,20.18,111.66,20.12,False,0.7882
435,5,1464.59,529.92,87.88,31.83,87.9,31.79,True,0.8182
435,7,1696.61,312.99,107.98,10.99,107.97,10.96,False,0.7577
435,10,1009.87,394.21,56.15,19.14,56.15,19.14,True,0.8212
435,12,1145.65,628.1,65.12,40.34,65.09,40.35,True,0.7624
435,14,1538.98,482.78,93.72,27.55,93.74,27.56,True,0.7962
435,15,965.96,310.35,52.95,10.71,52.95,10.67,True,0.7625
435,17,757.52,354.19,37.46,15.18,37.43,15.16,True,0.8016
435,18,825.06,210.03,41.97,-0.03,41.94,-0.03,False,0.6926
435,19,1589.62,352.6,99.29,15.02,99.3,15.06,True,0.7785
435,36,1444.62,330.04,88.79,12.74,88.8,12.76,True,0.8113
435,38,740.58,939.46,38.89,64.24,38.81,64.12,True,0.4167
435,46,950.14,698.55,51.84,46.14,51.91,45.88,True,0.8322
435,54,1229.76,609.05,70.95,38.73,70.94,38.74,True,0.6974
435,69,1382.7,231.9,85.24,2.38,85.25,2.31,True,0.7279
435,70,930.07,961.59,50.65,65.78,50.64,65.74,True,0.7426
435,73,742.06,992.49,39.18,67.89,38.97,67.78,True,0.7459
435,76,1815.71,367.13,115.78,16.47,115.82,16.46,False,0.7608
435,77,61.09,398.25,-13.29,19.54,-13.35,19.48,False,0.7938
435,81,1867.72,368.97,119.59,16.65,119.58,16.73,False,0.7529
436,2,1664.82,628.35,100.42,40.36,100.44,40.36,True,0.8321
436,4,1764.36,405.18,111.23,20.21,111.25,20.19,False,0.8136
436,5,1461.53,528.99,87.68,31.74,87.68,31.74,True,0.8216
436,7,1690.56,314.16,107.5,11.11,107.57,11.07,False,0.7501
436,10,1007.26,394.96,55.96,19.21,55.95,19.19,True,0.8142
436,12,1141.89,628.46,64.87,40.37,64.86,40.37,True,0.7739
436,14,1535.05,483.17,93.43,27.58,93.43,27.61,True,0.7918
436,15,963.48,311.75,52.76,10.86,52.76,10.79,True,0.7879
436,17,756.01,354.98,37.35,15.26,37.33,15.29,True,0.8007
436,18,822.88,210.92,41.8,0.07,41.8,0.14,True,0.7448
436,19,1585.3,354.21,98.94,15.18,98.95,15.16,True,0.7763
436,36,1438.68,331.54,88.33,12.89,88.35,12.9,True,0.7826
436,46,955.87,687.69,52.22,45.26,52.14,45.49,True,0.8207
436,54,1227.06,609.46,70.76,38.77,70.7,38.75,True,0.6522
436,69,1379.27,232.88,84.97,2.49,84.95,2.43,True,0.7342
436,70,928.23,962.2,50.54,65.82,50.57,65.79,True,0.7494
436,73,734.71,992.77,38.73,67.91,38.66,67.85,True,0.7282
436,76,1810.34,368.02,115.37,16.56,115.38,16.56,False,0.7608
436,77,62.74,398.73,-13.16,19.58,-13.21,19.57,False,0.7878
436,81,1862.19,370.69,119.14,16.83,119.12,16.85,False,0.79
437,2,1661.64,628.53,100.2,40.38,100.24,40.37,True,0.8312
437,4,1759.36,405.4,110.86,20.23,110.85,20.24,False,0.7976
437,5,1458.66,528.69,87.48,31.72,87.47,31.66,True,0.8328
437,7,1685.9,314.76,107.14,11.17,107.17,11.16,False,0.7805
437,10,1004.5,395.11,55.76,19.23,55.75,19.27,True,0.8258
437,12,1138.2,628.73,64.61,40.4,64.63,40.39,True,0.7753
437,14,1530.82,484.05,93.12,27.66,93.13,27.66,True,0.7866
437,15,961.39,312.16,52.6,10.9,52.54,10.89,True,0.629
437,17,754.4,357.1,37.24,15.47,37.21,15.42,True,0.8012
437,18,821.1,213.07,41.67,0.31,41.67,0.28,True,0.7214
437,19,1580.9,355.07,98.6,15.27,98.61,15.26,True,0.7847
437,36,1432.9,333.23,87.87,13.06,87.91,12.99,True,0.7916
437,38,734.15,935.49,38.47,63.96,38.63,64.0,True,0.36
437,46,958.98,683.66,52.43,44.94,52.35,45.05,True,0.8163
437,54,1222.03,609.4,70.42,38.76,70.47,38.77,True,0.5969
437,69,1375.22,233.74,84.64,2.58,84.64,2.57,True,0.7459
437,70,926.9,962.32,50.46,65.83,50.48,65.81,True,0.7998
437,73,727.38,991.6,38.28,67.83,38.28,67.89,True,0.7771
437,76,1805.1,369.14,114.95,16.67,114.96,16.64,False,0.7446
437,77,64.02,399.06,-13.06,19.61,-13.1,19.65,False,0.7892
437,81,1856.22,372.96,118.65,17.05,118.69,16.97,False,0.7746
438,2,1659.24,628.75,100.04,40.4,100.07,40.37,True,0.8299
438,4,1754.0,405.86,110.46,20.27,110.48,20.29,False,0.8092
438,5,1455.36,526.95,87.27,31.56,87.25,31.56,True,0.8502
438,7,1681.81,315.37,106.82,11.23,106.79,11.24,False,0.7018
438,10,1001.77,395.96,55.56,19.31,55.54,19.33,True,0.8311
438,12,1134.86,628.68,64.39,40.39,64.39,40.43,True,0.7673
438,14,1527.33,484.45,92.87,27.7,92.84,27.71,True,0.7967
438,15,957.68,312.43,52.33,10.93,52.32,10.99,True,0.7692
438,17,752.08,357.89,37.08,15.55,37.09,15.53,True,0.8136
438,18,819.57,214.49,41.55,0.47,41.49,0.46,True,0.6324
438,19,1576.66,356.23,98.27,15.38,98.27,15.37,True,0.7735
438,36,1427.48,333.88,87.46,13.13,87.48,13.08,True,0.8239
438,38,732.9,934.17,38.39,63.87,38.42,63.83,True,0.6361
438,46,961.08,680.66,52.57,44.69,52.55,44.6,True,0.8301
438,54,1219.04,609.6,70.22,38.78,70.24,38.8,True,0.6974
438,69,1371.58,233.82,84.36,2.59,84.33,2.67,True,0.6846
438,70,926.18,962.15,50.42,65.81,50.39,65.82,True,0.8147
438,73,719.68,992.45,37.81,67.89,37.84,67.88,True,0.7848
438,76,1799.72,369.71,114.54,16.73,114.55,16.71,False,0.7283
438,77,64.36,399.86,-13.01,19.69,-13.02,19.74,False,0.7745
438,81,1850.78,373.53,118.23,17.11,118.27,17.09,False,0.7797
438,83,1527.5,1027.5,86.86,70.25,86.53,70.29,False,0.6352
439,2,1657.17,628.34,99.9,40.36,99.94,40.38,True,0.8216
439,4,1749.29,406.44,110.11,20.33,110.11,20.34,False,0.7738
439,5,1451.95,525.87,87.04,31.46,87.03,31.47,True,0.8466
439,7,1676.61,315.9,106.42,11.29,106.43,11.32,False,0.7709
439,10,998.51,397.25,55.32,19.44,55.34,19.39,True,0.8392
439,12,1131.34,629.66,64.15,40.47,64.16,40.46,True,0.776
439,14,1522.52,485.41,92.51,27.79,92.55,27.76,True,0.7867
439,15,954.13,313.72,52.06,11.06,52.07,11.06,True,0.7487
439,17,750.25,358.75,36.94,15.64,36.96,15.64,True,0.8191
439,18,816.89,215.51,41.35,0.58,41.3,0.63,True,0.5375
439,19,1572.34,357.07,97.94,15.47,97.93,15.44,True,0.772
439,36,1422.51,333.74,87.09,13.11,87.06,13.16,True,0.8055
439,38,730.96,929.66,38.25,63.55,38.24,63.76,True,0.5237
439,46,962.82,674.7,52.69,44.21,52.71,44.31,True,0.8262
439,54,1215.91,610.19,70.0,38.83,70.0,38.83,True,0.6902
439,69,1366.81,235.64,83.97,2.79,84.02,2.78,True,0.6949
439,70,924.67,962.35,50.32,65.83,50.31,65.82,True,0.8394
439,73,713.24,993.13,37.42,67.94,37.38,67.89,True,0.8185
439,76,1794.48,370.03,114.15,16.76,114.16,16.78,False,0.7439
439,77,64.54,401.36,-12.97,19.84,-12.97,19.85,False,0.7803
439,81,1845.88,374.36,117.85,17.19,117.88,17.17,False,0.7318
439,83,1521.38,1028.15,86.48,70.29,86.39,70.3,False,0.6636
440,2,1655.66,628.31,99.8,40.36,99.86,40.37,True,0.8207
440,4,1744.42,407.4,109.74,20.42,109.75,20.38,False,0.8041
440,5,1448.12,524.51,86.79,31.34,86.8,31.39,True,0.8403
440,7,1672.22,316.98,106.07,11.4,106.08,11.38,False,0.7835
440,10,995.72,397.57,55.11,19.47,55.14,19.46,True,0.8434
440,12,1128.43,629.99,63.95,40.5,63.93,40.49,True,0.7816
440,14,1519.04,485.74,92.26,27.82,92.27,27.8,True,0.8047
440,15,951.1,314.91,51.83,11.18,51.8,11.13,True,0.7524
440,17,748.96,359.57,36.85,15.72,36.82,15.74,True,0.8194
440,18,813.11,218.05,41.07,0.86,41.1,0.79,True,0.7018
440,19,1567.71,358.04,97.58,15.56,97.61,15.49,True,0.7854
440,36,1416.7,334.88,86.64,13.23,86.64,13.24,True,0.7987
440,38,728.62,929.13,38.1,63.51,38.13,63.88,True,0.5917
440,46,964.73,671.0,52.82,43.9,52.86,44.08,True,0.8311
440,54,1212.82,610.6,69.78,38.86,69.78,38.87,True,0.6695
440,69,1363.67,236.59,83.72,2.89,83.72,2.89,True,0.6989
440,70,923.18,962.12,50.23,65.81,50.22,65.83,True,0.826
440,73,705.46,991.32,36.94,67.82,36.93,68.0,True,0.7743
440,76,1789.46,370.8,113.76,16.84,113.79,16.84,False,0.7499
440,77,64.66,403.04,-12.92,20.0,-12.94,19.97,False,0.7958
440,81,1840.94,374.93,117.48,17.25,117.51,17.21,False,0.7667
440,83,1517.76,1028.81,86.25,70.34,86.26,70.28,False,0.7226
441,2,1655.46,628.54,99.78,40.38,99.8,40.36,True,0.8074
441,4,1739.66,407.52,109.39,20.44,109.39,20.41,False,0.8021
441,5,1445.12,523.78,86.58,31.28,86.56,31.33,True,0.8414
441,7,1667.67,317.94,105.71,11.5,105.73,11.44,False,0.7574
441,10,993.28,397.99,54.94,19.51,54.94,19.51,True,0.844
441,12,1124.82,630.43,63.7,40.54,63.71,40.53,True,0.7858
441,14,1515.2,485.85,91.99,27.83,91.99,27.83,True,0.7938
441,15,947.08,315.2,51.53,11.21,51.54,11.22,True,0.7644
441,17,746.68,360.53,36.69,15.81,36.66,15.85,True,0.8089
441,18,810.35,218.61,40.85,0.92,40.87,0.94,True,0.7464
441,19,1563.66,357.62,97.28,15.52,97.3,15.53,True,0.7998
441,36,1411.36,335.52,86.24,13.29,86.22,13.32,True,0.7666
441,38,726.47,934.85,37.99,63.91,38.01,64.11,True,0.768
441,46,967.84,669.7,53.03,43.8,53.01,43.89,True,0.8392
441,54,1209.68,611.11,69.57,38.91,69.56,38.91,True,0.7025
441,69,1360.04,237.84,83.42,3.03,83.42,3.02,True,0.7033
441,70,921.21,962.47,50.11,65.84,50.1,65.85,True,0.8408
441,73,697.74,993.49,36.47,67.96,36.46,68.15,True,0.734
441,76,1784.71,371.67,113.4,16.92,113.42,16.88,False,0.7144
441,77,64.47,404.27,-12.91,20.12,-12.91,20.1,False,0.8109
441,81,1836.75,374.97,117.17,17.25,117.16,17.24,False,0.7877
441,83,1513.2,1028.3,85.98,70.3,85.97,70.28,False,0.7469
442,2,1655.2,628.27,99.77,40.36,99.76,40.36,True,0.7974
442,4,1734.8,407.62,109.03,20.45,109.05,20.44,False,0.7979
442,5,1441.48,523.91,86.33,31.29,86.32,31.29,True,0.8367
442,7,1663.36,317.55,105.39,11.46,105.39,11.5,False,0.7497
442,10,991.08,398.49,54.77,19.56,54.75,19.53,True,0.8393
442,12,1121.46,630.42,63.47,40.54,63.5,40.56,True,0.78
442,14,1511.63,485.96,91.73,27.84,91.73,27.85,True,0.7907
442,15,943.58,315.56,51.26,11.25,51.27,11.29,True,0.7672
442,17,744.31,362.24,36.52,15.98,36.49,15.95,True,0.7951
442,18,807.8,220.59,40.66,1.14,40.65,1.09,True,0.7502
442,19,1559.52,357.83,96.97,15.54,97.01,15.54,True,0.7434
442,36,1405.24,336.95,85.76,13.44,85.79,13.42,True,0.8161
442,38,724.27,944.28,37.9,64.57,37.89,64.43,True,0.7801
442,46,970.32,669.55,53.19,43.79,53.15,43.77,True,0.8282
442,54,1206.13,611.7,69.32,38.96,69.32,38.94,True,0.6788
442,69,1356.36,238.93,83.13,3.14,83.13,3.12,True,0.6854
442,70,919.48,962.83,50.0,65.86,49.97,65.87,True,0.8295
442,73,689.32,999.49,35.99,68.37,35.96,68.39,False,0.7567
442,76,1780.55,372.17,113.08,16.97,113.06,16.9,False,0.7127
442,77,64.62,405.15,-12.88,20.21,-12.89,20.22,False,0.8122
442,81,1831.9,374.84,116.81,17.24,116.83,17.25,False,0.7777
442,83,1508.62,1027.4,85.71,70.24,85.7,70.25,False,0.4559
443,2,1654.82,628.08,99.75,40.34,99.73,40.35,True,0.7613
443,4,1730.04,407.23,108.69,20.41,108.73,20.45,False,0.7696
443,5,1437.78,523.6,86.07,31.26,86.08,31.26,True,0.8253
443,7,1658.98,318.58,105.05,11.56,105.06,11.56,False,0.7488
443,10,988.48,398.58,54.58,19.57,54.56,19.55,True,0.8333
443,12,1118.62,631.01,63.28,40.59,63.28,40.6,True,0.7923
443,14,1508.02,486.1,91.47,27.85,91.48,27.86,True,0.7857
443,15,940.04,316.88,51.0,11.39,50.99,11.35,True,0.7747
443,17,741.14,363.35,36.29,16.09,36.29,16.05,True,0.788
443,18,804.81,221.2,40.43,1.21,40.44,1.19,True,0.7346
443,19,1556.08,358.0,96.72,15.56,96.73,15.56,True,0.7811
443,36,1400.02,337.81,85.36,13.53,85.38,13.49,True,0.8123
443,38,722.46,950.59,37.81,65.01,37.78,64.81,True,0.7757
443,46,972.38,669.24,53.33,43.76,53.27,43.66,True,0.8344
443,54,1203.58,612.21,69.14,39.0,69.09,38.98,True,0.7068
443,69,1352.89,239.84,82.85,3.24,82.84,3.21,True,0.6963
443,70,916.45,963.78,49.82,65.93,49.83,65.91,True,0.8226
443,73,680.29,1003.85,35.46,68.66,35.48,68.72,False,0.7519
443,76,1775.2,371.37,112.7,16.89,112.72,16.91,False,0.6686
443,77,64.52,406.3,-12.86,20.32,-12.91,20.33,False,0.8211
443,81,1827.5,375.0,116.48,17.25,116.51,17.27,False,0.7586
443,83,1503.82,1026.82,85.43,70.21,85.42,70.18,False,0.4581
444,2,1654.4,628.31,99.71,40.36,99.68,40.35,True,0.7959
444,4,1726.2,407.73,108.4,20.46,108.43,20.46,False,0.7494
444,5,1434.48,523.63,85.84,31.26,85.83,31.24,True,0.8206
444,7,1654.52,318.89,104.71,11.59,104.75,11.6,True,0.6986
444,10,985.62,398.55,54.37,19.56,54.36,19.56,True,0.8278
444,12,1115.72,631.73,63.08,40.65,63.07,40.64,True,0.798
444,14,1504.42,486.48,91.21,27.89,91.22,27.87,True,0.8034
444,15,936.2,317.29,50.71,11.43,50.72,11.41,True,0.7129
444,17,738.2,363.81,36.08,16.14,36.09,16.15,True,0.7981
444,18,802.32,222.26,40.24,1.32,40.22,1.31,True,0.7405
444,19,1552.98,357.84,96.49,15.54,96.47,15.58,True,0.7683
444,36,1394.58,338.53,84.95,13.6,84.97,13.56,True,0.7896
444,38,719.96,952.82,37.66,65.17,37.65,65.09,True,0.7746
444,46,972.96,667.5,53.37,43.62,53.35,43.49,True,0.8381
444,54,1198.63,612.1,68.81,38.99,68.87,39.01,True,0.4974
444,69,1348.53,240.54,82.51,3.32,82.54,3.28,True,0.7201
444,70,914.25,963.48,49.68,65.91,49.71,65.94,True,0.8264
444,73,671.44,1011.03,34.95,69.15,35.01,69.05,False,0.7377
444,74,1202.19,611.78,69.05,38.96,69.57,38.8,True,0.3685
444,76,1770.54,371.45,112.35,16.9,112.39,16.91,False,0.7108
444,77,63.8,407.77,-12.88,20.46,-12.94,20.44,False,0.8244
444,81,1823.6,375.25,116.19,17.28,116.2,17.3,False,0.7124
444,83,1498.72,1025.78,85.13,70.14,85.13,70.11,False,0.6821
445,2,1653.56,627.9,99.66,40.33,99.61,40.36,True,0.8077
445,4,1722.89,407.87,108.16,20.47,108.14,20.48,False,0.7824
445,5,1430.77,523.29,85.58,31.23,85.57,31.22,True,0.8463
445,7,1651.18,319.74,104.44,11.68,104.43,11.66,True,0.7651
445,10,982.46,398.39,54.14,19.55,54.14,19.58,True,0.8135
445,12,1112.62,632.09,62.87,40.68,62.88,40.68,True,0.804
445,14,1501.15,486.42,90.98,27.88,90.96,27.9,True,0.8079
445,15,932.78,317.75,50.45,11.48,50.45,11.49,True,0.765
445,17,735.42,364.47,35.88,16.21,35.88,16.24,True,0.7988
445,18,799.16,222.62,40.0,1.36,39.99,1.46,True,0.7281
445,19,1549.36,358.72,96.21,15.63,96.19,15.65,True,0.7552
445,36,1389.66,338.49,84.58,13.59,84.57,13.61,True,0.8025
445,38,717.52,956.13,37.53,65.4,37.52,65.25,True,0.7937
445,46,973.6,664.12,53.41,43.34,53.42,43.21,True,0.8504
445,54,1195.84,612.51,68.61,39.03,68.65,39.04,True,0.6853
445,69,1345.76,240.46,82.29,3.31,82.24,3.35,True,0.4927
445,70,912.35,964.67,49.56,65.99,49.58,65.97,True,0.8235
445,73,664.09,1015.68,34.53,69.46,34.57,69.33,False,0.7559
445,76,1766.82,371.02,112.09,16.86,112.04,16.93,False,0.7226
445,77,61.93,408.7,-13.0,20.55,-13.0,20.55,False,0.8099
445,81,1819.88,375.65,115.91,17.32,115.89,17.34,False,0.7112
445,83,1493.67,1024.25,84.84,70.03,84.84,70.03,False,0.7768
445,85,1860.84,968.56,107.93,66.26,107.81,66.23,False,0.4625
446,2,1651.65,628.24,99.53,40.35,99.52,40.38,True,0.8124
446,4,1719.17,408.13,107.88,20.49,107.84,20.53,False,0.7676
446,5,1426.94,522.67,85.32,31.18,85.31,31.18,True,0.8588
446,7,1647.3,320.0,104.14,11.71,104.12,11.7,True,0.7553
446,10,979.57,398.7,53.93,19.58,53.91,19.59,True,0.8182
446,12,1109.79,632.58,62.67,40.72,62.67,40.71,True,0.7994
446,14,1497.38,486.69,90.71,27.91,90.7,27.94,True,0.8237
446,15,929.35,318.11,50.2,11.51,50.18,11.55,True,0.7895
446,17,732.54,365.64,35.67,16.32,35.66,16.31,True,0.7969
446,18,796.06,224.21,39.77,1.54,39.76,1.61,True,0.6186
446,19,1545.82,358.93,95.94,15.65,95.92,15.72,True,0.7641
446,36,1384.67,338.87,84.21,13.63,84.17,13.64,True,0.7877
446,38,715.07,954.93,37.37,65.31,37.36,65.31,True,0.7678
446,46,974.11,659.07,53.45,42.92,53.48,42.8,True,0.8467
446,54,1193.42,613.07,68.45,39.07,68.43,39.06,True,0.6818
446,69,1341.05,241.39,81.92,3.41,81.95,3.42,True,0.6965
446,70,910.82,964.72,49.47,65.99,49.45,66.02,True,0.8056
446,73,657.5,1018.09,34.14,69.62,34.17,69.59,False,0.6819
446,76,1761.9,371.89,111.71,16.94,111.71,16.94,False,0.7195
446,77,60.68,409.9,-13.07,20.67,-13.07,20.66,False,0.8185
446,81,1816.08,376.58,115.61,17.41,115.59,17.4,False,0.7488
446,83,1488.72,1022.71,84.55,69.93,84.55,69.93,False,0.7613
446,85,1858.96,968.59,107.82,66.26,107.81,66.23,False,0.4227
447,2,1649.98,628.94,99.41,40.41,99.4,40.4,True,0.8088
447,4,1715.13,409.01,107.57,20.58,107.54,20.58,False,0.7795
447,5,1422.8,522.53,85.03,31.16,85.05,31.14,True,0.8386
447,7,1643.1,320.33,103.82,11.74,103.83,11.75,True,0.7477
447,10,976.36,399.34,53.7,19.64,53.66,19.6,True,0.8293
447,12,1107.06,632.9,62.49,40.75,62.47,40.74,True,0.8128
447,14,1493.5,487.56,90.42,27.99,90.43,27.98,True,0.8333
447,15,925.44,319.38,49.9,11.64,49.91,11.61,True,0.7889
447,17,729.7,366.62,35.47,16.42,35.43,16.39,True,0.8032
447,18,792.76,227.12,39.52,1.86,39.53,1.72,True,0.566
447,19,1541.74,360.87,95.61,15.85,95.63,15.79,True,0.7684
447,36,1378.82,339.48,83.76,13.69,83.76,13.67,True,0.7976
447,38,712.44,955.6,37.21,65.36,37.19,65.37,True,0.7244
447,46,975.2,653.14,53.53,42.43,53.56,42.36,True,0.8226
447,54,1190.34,613.52,68.23,39.11,68.23,39.09,True,0.6927
447,69,1337.28,242.13,81.62,3.49,81.66,3.51,True,0.7086
447,70,909.06,965.36,49.36,66.04,49.32,66.1,True,0.7777
447,73,651.6,1019.98,33.79,69.75,33.79,69.77,False,0.7834
447,76,1757.31,372.92,111.35,17.05,111.37,16.96,False,0.712
447,77,58.86,411.0,-13.17,20.77,-13.17,20.75,False,0.8077
447,81,1811.73,377.07,115.28,17.46,115.29,17.46,False,0.7557
447,83,1483.76,1021.31,84.26,69.84,84.26,69.82,False,0.6855
447,85,1856.5,967.3,107.69,66.17,107.81,66.23,False,0.3762
448,2,1648.35,629.19,99.29,40.43,99.27,40.45,True,0.8176
448,4,1710.21,409.93,107.19,20.67,107.23,20.62,False,0.7816
448,5,1419.4,521.43,84.8,31.07,84.8,31.08,True,0.838
448,7,1638.94,320.77,103.5,11.79,103.52,11.77,True,0.7555
448,10,972.46,399.11,53.41,19.62,53.39,19.62,True,0.8277
448,12,1103.82,633.08,62.26,40.76,62.26,40.76,True,0.8016
448,14,1489.98,488.11,90.16,28.04,90.17,28.02,True,0.8228
448,15,921.77,319.61,49.63,11.67,49.63,11.68,True,0.7881
448,17,725.88,367.18,35.19,16.48,35.21,16.46,True,0.8108
448,18,789.66,228.17,39.29,1.97,39.3,1.83,True,0.6283
448,19,1538.07,361.45,95.33,15.91,95.34,15.85,True,0.7621
448,36,1373.12,339.46,83.34,13.69,83.35,13.71,True,0.7945
448,38,709.44,954.66,37.02,65.3,37.01,65.4,True,0.6313
448,46,976.78,644.34,53.64,41.7,53.69,41.94,True,0.8205
448,54,1187.66,613.38,68.05,39.1,68.03,39.11,True,0.6695
448,69,1334.34,243.02,81.39,3.59,81.37,3.62,True,0.7039
448,70,905.96,966.99,49.17,66.15,49.16,66.2,True,0.7544
448,73,645.5,1022.92,33.44,69.95,33.41,69.91,False,0.7357
448,76,1752.8,372.15,111.03,16.97,111.03,16.99,False,0.6563
448,77,57.69,411.75,-13.24,20.84,-13.26,20.84,False,0.8047
448,81,1807.85,377.91,114.97,17.54,114.98,17.5,False,0.7479
448,83,1478.64,1019.1,83.97,69.69,83.96,69.72,False,0.6634
449,2,1645.97,629.8,99.12,40.49,99.12,40.5,True,0.819
449,4,1705.96,410.0,106.88,20.68,106.92,20.66,False,0.761
449,5,1415.64,521.21,84.54,31.05,84.56,31.0,True,0.8315
449,7,1635.5,321.14,103.24,11.82,103.23,11.79,True,0.7695
449,10,968.3,399.09,53.11,19.62,53.11,19.65,True,0.8238
449,12,1100.51,633.26,62.04,40.78,62.05,40.77,True,0.7942
449,14,1486.23,488.49,89.89,28.07,89.92,28.06,True,0.8265
449,15,918.1,320.34,49.35,11.74,49.35,11.75,True,0.7666
449,17,722.72,367.77,34.96,16.53,35.0,16.53,True,0.8084
449,18,786.9,227.22,39.07,1.87,39.07,1.9,True,0.7249
449,19,1534.16,361.66,95.04,15.93,95.08,15.9,True,0.721
449,36,1367.19,340.1,82.89,13.76,82.95,13.77,True,0.7854
449,38,705.76,957.16,36.81,65.47,36.84,65.44,True,0.714
449,46,979.1,640.64,53.79,41.39,53.85,41.61,True,0.8177
449,54,1184.06,613.72,67.8,39.13,67.83,39.13,True,0.6815
449,69,1330.66,244.42,81.09,3.74,81.1,3.68,True,0.7103
449,70,903.37,969.59,49.02,66.33,48.98,66.31,True,0.7929
449,73,639.12,1024.69,33.06,70.06,32.99,70.01,False,0.7974
449,76,1748.12,372.36,110.68,16.99,110.69,17.02,False,0.6882
449,77,55.94,412.48,-13.35,20.92,-13.34,20.91,False,0.804
449,81,1803.62,378.0,114.66,17.55,114.68,17.55,False,0.7132
449,83,1473.34,1017.7,83.66,69.6,83.67,69.65,False,0.6278
450,2,1644.11,630.85,98.98,40.57,98.98,40.54,True,0.8276
450,4,1702.28,409.84,106.62,20.66,106.62,20.68,False,0.7906
450,5,1412.12,519.93,84.3,30.93,84.34,30.89,True,0.8266
450,7,1630.94,320.91,102.9,11.8,102.96,11.82,True,0.6412
450,10,963.96,399.53,52.79,19.66,52.84,19.67,True,0.8106
450,12,1097.62,633.19,61.84,40.77,61.85,40.77,True,0.7861
450,14,1483.05,488.82,89.66,28.1,89.69,28.09,True,0.8165
450,15,914.5,321.12,49.08,11.82,49.1,11.8,True,0.7819
450,17,719.96,368.16,34.75,16.57,34.8,16.58,True,0.7971
450,18,783.8,227.49,38.83,1.9,38.83,1.93,True,0.7341
450,19,1530.99,361.71,94.8,15.93,94.84,15.93,True,0.7641
450,36,1362.84,340.36,82.56,13.78,82.59,13.84,True,0.7963
450,38,702.82,958.7,36.63,65.58,36.66,65.47,True,0.7729
450,46,982.64,639.13,54.03,41.27,54.04,41.36,True,0.8144
450,54,1181.26,614.02,67.61,39.15,67.63,39.14,True,0.6117
450,69,1327.3,245.4,80.82,3.85,80.83,3.78,True,0.7094
450,70,899.4,971.97,48.77,66.49,48.79,66.42,True,0.7533
450,73,631.4,1026.16,32.6,70.16,32.53,70.09,False,0.6151
450,76,1743.84,372.62,110.36,17.02,110.35,17.04,False,0.7161
450,77,54.41,413.1,-13.45,20.98,-13.41,20.96,False,0.8068
450,81,1800.07,378.1,114.4,17.56,114.39,17.58,False,0.7087
450,83,1468.0,1017.16,83.34,69.56,83.35,69.57,False,0.7109
451,2,1641.53,631.27,98.8,40.61,98.84,40.58,True,0.8235
451,4,1698.34,410.23,106.32,20.7,106.34,20.67,False,0.7924
451,5,1409.22,518.3,84.12,30.78,84.11,30.77,True,0.8114
451,7,1628.18,321.13,102.69,11.82,102.71,11.83,True,0.7766
451,10,960.83,399.86,52.56,19.69,52.58,19.72,True,0.7769
451,12,1094.59,633.33,61.64,40.78,61.64,40.78,True,0.7972
451,14,1480.1,488.88,89.45,28.11,89.46,28.1,True,0.8215
451,15,910.88,321.64,48.81,11.88,48.87,11.88,True,0.6679
451,17,718.2,368.89,34.63,16.65,34.62,16.63,True,0.8071
451,18,781.31,227.59,38.64,1.91,38.6,1.95,True,0.7229
451,19,1528.5,361.26,94.62,15.89,94.6,15.95,True,0.7642
451,36,1358.5,341.98,82.22,13.95,82.24,13.9,True,0.8129
451,38,700.86,957.7,36.51,65.51,36.51,65.51,True,0.766
451,46,985.7,639.07,54.24,41.26,54.26,41.24,True,0.8118
451,54,1178.97,613.98,67.45,39.15,67.43,39.15,True,0.606
451,69,1323.86,244.3,80.56,3.73,80.56,3.86,True,0.6688
451,70,895.82,972.91,48.56,66.56,48.6,66.51,True,0.7528
451,73,622.43,1026.05,32.06,70.15,32.02,70.14,False,0.703
451,76,1739.26,373.25,110.01,17.08,110.03,17.07,False,0.7436
451,77,54.05,413.73,-13.47,21.04,-13.47,21.02,False,0.7961
451,81,1796.04,378.77,114.09,17.62,114.11,17.59,False,0.7415
451,83,1463.93,1016.99,83.1,69.55,83.05,69.52,False,0.5839
452,2,1640.2,631.34,98.71,40.62,98.73,40.62,True,0.8234
452,4,1694.8,410.16,106.07,20.69,106.08,20.66,False,0.7954
452,5,1406.21,516.4,83.92,30.61,83.9,30.63,True,0.8305
452,7,1625.52,321.44,102.48,11.86,102.47,11.83,True,0.7747
452,10,957.5,400.81,52.32,19.78,52.34,19.76,True,0.8298
452,12,1091.83,633.27,61.45,40.78,61.45,40.78,True,0.7976
452,14,1477.55,488.89,89.27,28.11,89.26,28.1,True,0.8335
452,15,908.62,322.01,48.64,11.91,48.64,11.93,True,0.7934
452,17,716.01,369.04,34.47,16.66,34.44,16.67,True,0.8043
452,18,777.04,228.35,38.31,1.99,38.39,2.0,True,0.7374
452,19,1525.7,362.49,94.4,16.01,94.38,15.98,True,0.7542
452,36,1354.74,342.72,81.93,14.02,81.92,13.94,True,0.809
452,38,698.38,957.18,36.35,65.47,36.39,65.53,True,0.7002
452,46,989.52,638.38,54.5,41.2,54.49,41.17,True,0.8176
452,54,1175.88,613.92,67.24,39.15,67.24,39.16,True,0.5356
452,69,1320.5,246.51,80.28,3.97,80.31,3.93,True,0.6947
452,70,894.16,972.87,48.45,66.55,48.4,66.57,True,0.7219
452,73,613.29,1025.98,31.5,70.15,31.44,70.18,False,0.6382
452,76,1735.1,373.9,109.69,17.14,109.71,17.08,False,0.7458
452,77,53.18,413.76,-13.53,21.04,-13.52,21.08,False,0.7796
452,81,1792.73,378.6,113.85,17.61,113.83,17.6,False,0.7683
453,2,1638.58,631.23,98.6,40.61,98.65,40.64,True,0.8058
453,4,1691.18,409.31,105.82,20.61,105.81,20.65,False,0.7984
453,5,1402.66,514.96,83.69,30.48,83.7,30.51,True,0.8496
453,7,1622.56,321.2,102.26,11.83,102.25,11.85,True,0.7665
453,10,955.01,401.39,52.14,19.84,52.12,19.79,True,0.8143
453,12,1088.71,633.36,61.24,40.78,61.26,40.79,True,0.7853
453,14,1474.33,488.76,89.04,28.1,89.06,28.11,True,0.8523
453,15,906.04,323.22,48.45,12.04,48.43,11.97,True,0.7727
453,17,713.26,369.75,34.27,16.73,34.27,16.72,True,0.8113
453,18,774.82,229.01,38.14,2.06,38.19,2.06,True,0.7351
453,19,1522.53,362.54,94.16,16.01,94.16,16.01,True,0.7657
453,36,1350.44,342.43,81.61,13.99,81.6,13.98,True,0.7949
453,38,697.02,957.93,36.27,65.52,36.28,65.53,True,0.7394
453,46,992.78,637.07,54.72,41.1,54.69,41.07,True,0.8269
453,54,1172.7,614.1,67.03,39.16,67.05,39.17,True,0.6147
453,69,1317.64,247.04,80.06,4.02,80.07,3.98,True,0.6886
453,70,890.14,973.88,48.21,66.62,48.22,66.61,True,0.8049
453,73,603.21,1026.52,30.89,70.19,30.79,70.17,False,0.7539
453,76,1730.95,373.54,109.39,17.11,109.41,17.06,False,0.7359
453,77,52.54,414.73,-13.55,21.13,-13.56,21.15,False,0.7764
453,81,1788.73,378.67,113.55,17.61,113.56,17.59,False,0.7871
453,83,1456.98,1015.59,82.69,69.45,82.76,69.48,False,0.5114
454,2,1638.29,632.03,98.57,40.67,98.6,40.65,True,0.803
454,4,1687.52,409.44,105.55,20.62,105.56,20.63,False,0.8061
454,5,1399.48,513.67,83.48,30.37,83.49,30.42,True,0.8483
454,7,1619.58,321.49,102.04,11.86,102.02,11.86,True,0.7654
454,10,951.59,401.34,51.89,19.84,51.9,19.82,True,0.8194
454,12,1086.14,633.58,61.06,40.8,61.08,40.8,True,0.7812
454,14,1471.84,488.79,88.87,28.1,88.89,28.11,True,0.8415
454,15,903.22,322.85,48.24,12.0,48.23,12.01,True,0.7864
454,17,710.62,370.03,34.08,16.76,34.1,16.77,True,0.815
454,18,773.1,229.83,38.01,2.15,37.95,2.14,True,0.7223
454,19,1519.52,363.15,93.93,16.07,93.95,16.06,True,0.7751
454,36,1345.84,342.08,81.28,13.96,81.3,14.0,True,0.7963
454,38,695.64,958.6,36.19,65.57,36.2,65.54,True,0.8288
454,46,996.09,636.16,54.95,41.02,54.88,40.9,True,0.8631
454,54,1170.25,614.72,66.86,39.21,66.86,39.19,True,0.65
454,69,1314.73,247.51,79.83,4.07,79.84,4.06,True,0.7228
454,70,887.22,974.19,48.03,66.64,48.06,66.63,True,0.7781
454,73,590.59,1027.49,30.14,70.25,30.17,70.2,False,0.6206
454,76,1726.94,372.71,109.11,17.03,109.13,17.03,False,0.715
454,77,51.62,415.79,-13.6,21.23,-13.6,21.2,False,0.7927
454,81,1785.02,378.31,113.28,17.58,113.31,17.58,False,0.7779
454,83,1452.98,1015.49,82.44,69.45,82.5,69.46,False,0.7195
455,2,1637.97,631.96,98.55,40.67,98.6,40.66,True,0.7858
455,4,1683.85,409.62,105.28,20.64,105.33,20.6,False,0.787
455,5,1396.64,513.19,83.28,30.32,83.29,30.37,True,0.8249
455,7,1616.22,321.5,101.78,11.86,101.79,11.88,True,0.7693
455,10,948.74,401.05,51.68,19.81,51.71,19.81,True,0.8213
455,12,1083.88,633.68,60.91,40.81,60.91,40.8,True,0.7886
455,14,1469.32,488.85,88.69,28.11,88.71,28.11,True,0.8289
455,15,900.4,322.94,48.03,12.01,48.04,12.05,True,0.7928
455,17,708.1,370.53,33.89,16.81,33.93,16.83,True,0.8102
455,18,771.3,230.23,37.87,2.2,37.74,2.21,True,0.5212
455,19,1516.6,363.3,93.71,16.09,93.74,16.09,True,0.7675
455,36,1341.8,342.29,80.97,13.98,80.99,14.01,True,0.7858
455,38,694.21,958.5,36.1,65.56,36.12,65.56,True,0.8067
455,46,997.55,633.42,55.05,40.79,55.08,40.6,True,0.8437
455,54,1167.36,614.59,66.66,39.2,66.68,39.21,True,0.67
455,69,1312.05,247.68,79.62,4.09,79.63,4.11,True,0.7269
455,70,884.66,974.65,47.87,66.68,47.89,66.68,True,0.7909
455,73,578.21,1025.14,29.37,70.09,28.13,70.9,False,0.4271
455,76,1723.27,371.84,108.86,16.94,108.85,17.01,False,0.7381
455,77,50.75,416.44,-13.65,21.3,-13.64,21.26,False,0.7845
455,81,1781.49,377.72,113.04,17.52,113.06,17.57,False,0.7575
455,83,1449.5,1014.99,82.24,69.41,82.26,69.42,False,0.5779
455,88,1913.18,467.38,120.7,26.12,120.66,26.05,False,0.5644
456,2,1638.46,631.88,98.58,40.66,98.63,40.7,True,0.7701
456,4,1681.3,409.28,105.1,20.61,105.11,20.59,False,0.7872
456,5,1393.74,513.0,83.08,30.31,83.1,30.34,True,0.8247
456,7,1613.02,321.64,101.54,11.88,101.59,11.92,True,0.7866
456,10,946.21,401.07,51.49,19.81,51.53,19.8,True,0.8286
456,12,1081.52,633.68,60.75,40.81,60.74,40.82,True,0.7907
456,14,1467.54,489.02,88.56,28.12,88.56,28.12,True,0.8229
456,15,897.46,323.7,47.81,12.09,47.86,12.07,True,0.8038
456,17,706.36,371.28,33.77,16.88,33.77,16.87,True,0.8071
456,19,1514.26,363.68,93.54,16.13,93.55,16.11,True,0.7393
456,36,1338.16,342.95,80.69,14.05,80.69,14.02,True,0.8038
456,38,693.77,958.68,36.07,65.57,36.05,65.59,True,0.7987
456,46,999.78,628.86,55.2,40.41,55.28,40.23,True,0.8291
456,54,1164.86,614.87,66.49,39.23,66.52,39.22,True,0.6527
456,69,1309.62,248.44,79.43,4.17,79.43,4.16,True,0.7309
456,70,882.34,974.7,47.73,66.68,47.73,66.72,True,0.7111
456,73,570.56,1028.82,28.93,70.34,26.13,71.61,False,0.368
456,74,1167.01,614.07,66.64,39.16,67.44,39.03,True,0.4044
456,76,1719.78,371.83,108.6,16.94,108.58,17.0,False,0.736
456,77,50.08,416.55,-13.69,21.31,-13.67,21.31,False,0.79
456,81,1778.52,378.07,112.81,17.56,112.81,17.57,False,0.724
456,83,1446.26,1015.14,82.04,69.42,82.08,69.4,False,0.5565
456,88,1912.22,466.48,120.65,26.04,120.62,26.04,False,0.6356
457,2,1640.05,632.17,98.68,40.68,98.66,40.75,True,0.7831
457,4,1678.66,408.62,104.92,20.54,104.9,20.57,True,0.791
457,5,1391.34,513.63,82.9,30.36,82.93,30.31,True,0.8267
457,7,1610.74,322.5,101.35,11.96,101.38,11.95,True,0.7813
457,10,944.31,400.45,51.35,19.75,51.36,19.79,True,0.8324
457,12,1079.03,633.84,60.58,40.82,60.58,40.83,True,0.7834
457,14,1465.32,489.22,88.4,28.14,88.41,28.12,True,0.8142
457,15,895.59,323.96,47.67,12.11,47.67,12.11,True,0.8034
457,17,704.45,372.0,33.63,16.95,33.63,16.92,True,0.8116
457,18,765.09,230.98,37.4,2.28,37.56,2.27,True,0.591
457,19,1512.14,363.73,93.38,16.13,93.37,16.13,True,0.7407
457,36,1334.06,343.01,80.39,14.05,80.4,14.08,True,0.7976
457,38,692.24,959.0,35.98,65.6,35.98,65.59,True,0.8203
457,46,1003.47,620.26,55.46,39.68,55.49,39.84,True,0.8276
457,54,1163.09,614.98,66.37,39.24,66.36,39.23,True,0.633
457,69,1306.72,248.82,79.2,4.22,79.23,4.2,True,0.7274
457,70,880.06,976.1,47.59,66.78,47.58,66.79,True,0.8256
457,76,1715.96,372.98,108.29,17.05,108.33,17.01,False,0.7486
457,77,49.86,416.91,-13.7,21.34,-13.68,21.33,False,0.7806
457,81,1775.71,378.2,112.6,17.57,112.58,17.57,False,0.7484
457,83,1443.9,1014.53,81.9,69.38,81.91,69.37,False,0.7364
457,88,1911.86,465.98,120.63,25.99,120.58,26.03,False,0.6813
458,2,1641.38,633.62,98.75,40.81,98.69,40.83,True,0.8014
458,4,1675.9,408.68,104.71,20.55,104.7,20.54,True,0.7908
458,5,1389.31,513.14,82.77,30.32,82.77,30.28,True,0.8333
458,7,1609.1,323.07,101.22,12.02,101.19,12.0,True,0.7387
458,10,942.58,400.76,51.23,19.78,51.19,19.78,True,0.8342
458,12,1076.56,634.08,60.41,40.85,60.42,40.84,True,0.7748
458,14,1463.46,489.02,88.27,28.12,88.26,28.13,True,0.8246
458,15,893.88,324.18,47.54,12.14,47.5,12.14,True,0.8128
458,17,702.56,372.02,33.49,16.96,33.49,16.97,True,0.8217
458,18,763.75,231.9,37.3,2.38,37.38,2.33,True,0.7135
458,19,1509.66,363.68,93.2,16.13,93.21,16.15,True,0.7673
458,36,1330.44,343.15,80.12,14.07,80.1,14.16,True,0.805
458,38,691.23,959.45,35.92,65.63,35.92,65.59,True,0.8153
458,46,1007.28,614.92,55.73,39.23,55.73,39.49,True,0.8215
458,54,1160.94,614.83,66.22,39.22,66.21,39.23,True,0.6729
458,69,1304.76,249.0,79.05,4.23,79.05,4.22,True,0.7332
458,70,877.81,976.99,47.45,66.84,47.43,66.86,True,0.825
458,76,1712.74,373.02,108.06,17.06,108.08,17.02,False,0.7544
458,77,50.04,416.97,-13.69,21.35,-13.69,21.37,False,0.7895
458,81,1772.22,378.7,112.33,17.62,112.35,17.58,False,0.7546
458,83,1442.1,1013.57,81.8,69.32,81.75,69.33,False,0.7466
458,88,1910.34,466.01,120.52,25.99,120.51,26.01,False,0.7442
459,2,1641.35,635.36,98.73,40.95,98.71,40.9,True,0.8132
459,4,1672.63,408.46,104.48,20.53,104.5,20.5,True,0.8005
459,5,1387.22,512.31,82.63,30.24,82.63,30.25,True,0.8148
459,7,1606.48,323.37,101.02,12.05,101.02,12.06,True,0.7497
459,10,940.05,400.92,51.04,19.8,51.03,19.79,True,0.8324
459,12,1074.47,634.25,60.27,40.86,60.27,40.86,True,0.7733
459,14,1461.18,489.13,88.11,28.13,88.11,28.14,True,0.8314
459,15,890.82,324.6,47.31,12.18,47.34,12.18,True,0.8036
459,17,700.64,372.49,33.35,17.0,33.35,17.01,True,0.8215
459,18,762.74,231.66,37.22,2.35,37.2,2.4,True,0.7334
459,19,1507.7,364.18,93.04,16.18,93.05,16.16,True,0.7734
459,36,1326.56,344.87,79.81,14.24,79.82,14.22,True,0.8078
459,38,689.94,958.77,35.84,65.58,35.87,65.61,True,0.7113
459,46,1011.06,613.21,55.99,39.08,55.96,39.2,True,0.8182
459,54,1158.67,615.07,66.06,39.24,66.07,39.23,True,0.6672
459,69,1302.49,249.36,78.87,4.27,78.88,4.22,True,0.7194
459,70,874.55,978.64,47.26,66.95,47.26,66.94,True,0.8377
459,76,1709.9,373.09,107.85,17.06,107.83,17.03,False,0.7617
459,77,49.95,417.25,-13.69,21.37,-13.7,21.42,False,0.7921
459,81,1769.07,378.12,112.11,17.56,112.12,17.57,False,0.7814
459,83,1438.46,1013.23,81.58,69.3,81.59,69.29,False,0.7395
459,88,1908.98,466.3,120.42,26.02,120.43,25.99,False,0.7675
460,2,1641.36,636.43,98.71,41.04,98.71,40.97,True,0.8344
460,4,1669.86,407.94,104.29,20.48,104.3,20.48,True,0.7954
460,5,1385.2,511.42,82.49,30.16,82.48,30.19,True,0.8279
460,7,1604.18,323.72,100.84,12.09,100.83,12.09,True,0.7844
460,10,937.24,400.7,50.84,19.77,50.87,19.79,True,0.8261
460,12,1071.99,634.49,60.1,40.88,60.12,40.87,True,0.777
460,14,1458.86,489.32,87.94,28.15,87.96,28.14,True,0.8218
460,15,889.01,324.85,47.17,12.2,47.17,12.2,True,0.7334
460,17,698.53,372.9,33.2,17.04,33.22,17.05,True,0.821
460,18,761.47,232.29,37.12,2.42,37.08,2.48,True,0.7624
460,19,1505.82,364.12,92.91,16.17,92.89,16.18,True,0.7733
460,36,1322.54,346.52,79.5,14.41,79.52,14.27,True,0.7893
460,38,689.12,958.97,35.79,65.59,35.83,65.62,True,0.5579
460,46,1014.94,612.54,56.25,39.03,56.17,39.02,True,0.8227
460,54,1156.34,615.02,65.9,39.24,65.9,39.23,True,0.6018
460,69,1300.03,248.69,78.69,4.2,78.68,4.22,True,0.6861
460,70,872.02,980.39,47.1,67.07,47.1,66.98,True,0.8394
460,76,1706.41,372.29,107.6,16.98,107.59,17.0,False,0.7278
460,77,49.68,418.33,-13.68,21.48,-13.73,21.47,False,0.7854
460,81,1765.89,378.19,111.88,17.57,111.87,17.58,False,0.7772
460,83,1436.18,1012.13,81.45,69.22,81.41,69.26,False,0.595
460,88,1907.81,465.99,120.34,25.99,120.32,25.98,False,0.7852
461,2,1641.14,635.99,98.7,41.01,98.69,41.01,True,0.8368
461,4,1667.22,407.16,104.11,20.4,104.09,20.48,True,0.7959
461,5,1383.14,511.41,82.35,30.16,82.32,30.14,True,0.8301
461,7,1601.92,324.44,100.66,12.16,100.63,12.11,True,0.7841
461,10,935.24,401.33,50.69,19.83,50.71,19.8,True,0.8359
461,12,1070.36,634.5,59.99,40.88,59.98,40.87,True,0.7828
461,14,1457.03,489.27,87.81,28.14,87.8,28.15,True,0.8256
461,15,886.63,325.31,47.0,12.25,46.99,12.24,True,0.7397
461,17,696.82,373.26,33.08,17.08,33.09,17.09,True,0.8136
461,18,759.21,233.85,36.96,2.59,36.96,2.54,True,0.7152
461,19,1503.52,364.09,92.74,16.17,92.71,16.2,True,0.7683
461,36,1319.28,345.87,79.26,14.34,79.22,14.32,True,0.7875
461,38,689.3,959.78,35.8,65.65,35.77,65.6,True,0.6446
461,46,1016.58,612.08,56.37,38.99,56.36,38.88,True,0.786
461,54,1154.78,614.82,65.8,39.22,65.73,39.23,True,0.6472
461,69,1298.5,248.54,78.57,4.18,78.47,4.24,True,0.5397
461,70,869.08,980.0,46.92,67.04,46.96,67.03,True,0.8368
461,76,1702.8,372.34,107.34,16.99,107.33,16.98,False,0.7421
461,77,48.47,419.4,-13.75,21.58,-13.76,21.54,False,0.7908
461,81,1762.86,377.99,111.66,17.55,111.62,17.58,False,0.7696
461,83,1432.56,1012.36,81.23,69.24,81.21,69.21,False,0.6042
461,88,1906.18,465.78,120.23,25.97,120.2,25.97,False,0.779
462,2,1640.86,636.27,98.68,41.03,98.65,41.03,True,0.8347
462,4,1664.49,407.71,103.9,20.45,103.9,20.48,True,0.8067
462,5,1380.5,510.56,82.17,30.08,82.15,30.07,True,0.8328
462,7,1598.82,324.2,100.43,12.14,100.42,12.12,True,0.7913
462,10,933.46,400.85,50.56,19.79,50.55,19.83,True,0.8218
462,12,1068.1,634.35,59.84,40.87,59.83,40.88,True,0.7799
462,14,1454.77,489.37,87.65,28.15,87.63,28.16,True,0.8406
462,15,884.4,325.13,46.83,12.23,46.82,12.29,True,0.7844
462,17,695.5,374.07,32.99,17.16,32.96,17.14,True,0.8191
462,18,757.43,234.55,36.82,2.67,36.8,2.6,True,0.7332
462,19,1501.18,364.81,92.55,16.24,92.54,16.21,True,0.7803
462,36,1314.46,345.57,78.9,14.31,78.92,14.34,True,0.8114
462,38,689.42,959.45,35.81,65.63,35.74,65.59,True,0.7143
462,46,1018.76,609.59,56.52,38.78,56.52,38.7,True,0.8062
462,54,1150.78,614.82,65.53,39.22,65.56,39.22,True,0.4238
462,69,1293.91,248.86,78.21,4.22,78.26,4.26,True,0.6097
462,70,866.89,979.37,46.79,67.0,46.84,67.03,True,0.8245
462,74,1154.54,614.43,65.78,39.19,65.14,39.16,True,0.4535
462,76,1699.15,371.63,107.08,16.92,107.05,16.98,False,0.7554
462,77,47.49,419.51,-13.82,21.59,-13.81,21.61,False,0.7842
462,81,1759.0,378.68,111.36,17.62,111.35,17.6,False,0.7776
462,83,1428.82,1011.78,81.01,69.2,81.01,69.15,False,0.7408
462,88,1904.24,465.36,120.1,25.93,120.06,25.95,False,0.7607
462,89,1907.78,432.96,121.08,22.88,120.99,22.89,False,0.7327
463,2,1639.91,636.32,98.62,41.03,98.58,41.04,True,0.8216
463,4,1661.79,408.36,103.69,20.52,103.7,20.48,True,0.7979
463,5,1377.59,510.05,81.97,30.04,81.97,30.0,True,0.8277
463,7,1595.8,323.79,100.21,12.1,100.21,12.13,True,0.7837
463,10,931.4,401.29,50.41,19.83,50.41,19.88,True,0.8173
463,12,1065.83,634.49,59.68,40.88,59.67,40.88,True,0.7594
463,14,1452.4,489.5,87.48,28.16,87.47,28.17,True,0.8365
463,15,882.1,326.08,46.66,12.33,46.63,12.33,True,0.7699
463,17,693.32,374.4,32.83,17.19,32.81,17.17,True,0.8099
463,18,755.45,234.36,36.67,2.65,36.61,2.64,True,0.7355
463,19,1498.18,364.79,92.33,16.24,92.34,16.21,True,0.7776
463,36,1310.47,345.54,78.61,14.31,78.63,14.35,True,0.8222
463,38,686.54,958.41,35.62,65.56,35.73,65.57,True,0.7
463,46,1020.94,606.77,56.67,38.54,56.65,38.43,True,0.8245
463,54,1148.14,614.78,65.35,39.22,65.4,39.23,True,0.6456
463,69,1291.47,249.66,78.02,4.31,78.05,4.3,True,0.6954
463,70,865.7,980.63,46.72,67.09,46.74,67.0,True,0.832
463,76,1695.14,372.0,106.78,16.95,106.77,16.99,False,0.7551
463,77,46.5,420.3,-13.87,21.67,-13.88,21.66,False,0.7984
463,81,1755.04,378.52,111.07,17.6,111.07,17.61,False,0.7562
463,83,1425.14,1010.4,80.79,69.11,80.79,69.09,False,0.7849
463,88,1901.6,465.32,119.91,25.93,119.89,25.93,False,0.723
463,89,1906.56,433.08,120.98,22.89,120.92,22.9,False,0.7168
464,2,1638.49,636.43,98.52,41.04,98.51,41.07,True,0.819
464,4,1659.2,408.74,103.5,20.55,103.51,20.51,True,0.7822
464,5,1374.5,508.39,81.77,29.89,81.79,29.91,True,0.8209
464,7,1592.8,324.01,99.98,12.12,99.99,12.12,True,0.7832
464,10,929.38,402.26,50.26,19.93,50.25,19.91,True,0.8245
464,12,1063.44,634.37,59.52,40.87,59.5,40.88,True,0.7414
464,14,1449.78,489.97,87.29,28.21,87.3,28.19,True,0.8262
464,15,879.14,327.0,46.44,12.42,46.43,12.36,True,0.779
464,17,691.3,374.57,32.68,17.21,32.65,17.21,True,0.8056
464,18,752.09,234.57,36.41,2.67,36.42,2.68,True,0.7349
464,19,1495.66,364.53,92.15,16.21,92.14,16.21,True,0.7796
464,36,1306.84,345.97,78.33,14.35,78.31,14.37,True,0.8054
464,38,687.85,957.9,35.7,65.52,35.71,65.54,True,0.7121
464,46,1022.38,602.21,56.78,38.15,56.78,38.1,True,0.8087
464,54,1146.41,614.83,65.23,39.22,65.23,39.23,True,0.6385
464,69,1288.99,250.56,77.82,4.4,77.83,4.35,True,0.7298
464,70,864.82,978.61,46.66,66.95,46.66,66.99,True,0.8277
464,76,1691.0,372.83,106.46,17.04,106.49,17.0,False,0.7406
464,77,45.6,420.85,-13.92,21.72,-13.98,21.7,False,0.7956
464,81,1751.14,379.0,110.77,17.65,110.79,17.63,False,0.7342
464,83,1421.28,1008.49,80.57,68.98,80.58,69.01,False,0.6954
464,88,1898.7,465.1,119.71,25.91,119.71,25.92,False,0.7133
464,89,1905.68,433.17,120.92,22.9,120.82,22.91,False,0.6688
465,2,1636.84,636.92,98.4,41.08,98.42,41.1,True,0.8157
465,4,1656.72,408.19,103.32,20.5,103.32,20.51,True,0.7519
465,5,1372.1,507.85,81.6,29.84,81.61,29.82,True,0.8175
465,7,1589.72,323.99,99.75,12.12,99.78,12.11,True,0.7878
465,10,927.34,403.02,50.11,20.0,50.07,19.96,True,0.8321
465,12,1060.66,634.47,59.33,40.88,59.32,40.9,True,0.7344
465,14,1447.72,489.95,87.14,28.21,87.13,28.21,True,0.8239
465,15,876.19,327.02,46.22,12.43,46.22,12.4,True,0.7879
465,17,688.65,374.55,32.48,17.21,32.47,17.24,True,0.8175
465,18,749.6,234.22,36.21,2.63,36.21,2.71,True,0.719
465,19,1492.38,364.28,91.91,16.19,91.94,16.2,True,0.7506
465,36,1303.12,346.98,78.05,14.45,78.02,14.41,True,0.7758
465,38,688.5,957.52,35.74,65.49,35.68,65.52,True,0.7212
465,46,1023.99,597.13,56.89,37.71,56.93,37.76,True,0.7951
465,54,1144.39,615.12,65.09,39.25,65.07,39.24,True,0.6374
465,69,1286.86,250.67,77.65,4.41,77.64,4.38,True,0.7087
465,70,863.78,978.25,46.6,66.92,46.6,67.0,True,0.8214
465,76,1687.39,373.05,106.19,17.06,106.21,17.0,False,0.7544
465,77,43.84,421.04,-14.05,21.74,-14.08,21.74,False,0.7985
465,81,1747.44,379.06,110.5,17.65,110.53,17.63,False,0.7618
465,83,1417.21,1007.58,80.33,68.92,80.39,68.92,False,0.6746
465,88,1895.71,465.09,119.5,25.91,119.51,25.91,False,0.699
465,89,1902.77,433.46,120.7,22.93,120.64,22.9,False,0.6427
466,2,1636.07,637.84,98.33,41.16,98.34,41.14,True,0.8209
466,4,1654.12,408.37,103.13,20.52,103.13,20.49,True,0.7609
466,5,1369.73,506.23,81.45,29.69,81.41,29.74,True,0.8194
466,7,1587.26,324.02,99.57,12.12,99.57,12.12,True,0.7935
466,10,924.24,402.96,49.89,19.99,49.87,19.99,True,0.8381
466,12,1057.63,634.57,59.13,40.89,59.11,40.92,True,0.7488
466,14,1444.97,490.17,86.94,28.23,86.95,28.21,True,0.8152
466,15,873.3,326.87,46.0,12.41,46.0,12.41,True,0.7921
466,17,685.73,375.06,32.27,17.26,32.28,17.27,True,0.816
466,18,746.48,235.57,35.98,2.78,36.0,2.74,True,0.6651
466,19,1490.14,364.23,91.74,16.18,91.74,16.18,True,0.7415
466,36,1297.84,346.84,77.66,14.44,77.7,14.46,True,0.77
466,38,687.6,957.81,35.69,65.51,35.63,65.51,True,0.6734
466,46,1025.82,592.4,57.03,37.31,57.1,37.35,True,0.7809
466,54,1142.22,615.2,64.94,39.25,64.91,39.24,True,0.6165
466,69,1283.99,250.5,77.44,4.4,77.43,4.4,True,0.7058
466,70,862.74,979.57,46.53,67.01,46.54,67.0,True,0.8221
466,76,1684.04,372.51,105.95,17.01,105.93,16.99,False,0.7444
466,77,41.18,421.47,-14.23,21.78,-14.21,21.77,False,0.8045
466,81,1744.14,378.89,110.26,17.64,110.27,17.62,False,0.7878
466,83,1415.0,1006.58,80.2,68.85,80.18,68.85,False,0.7241
466,88,1893.16,465.23,119.31,25.92,119.32,25.88,False,0.7173
466,89,1898.6,433.59,120.4,22.94,120.44,22.85,False,0.6183
467,2,1634.94,638.42,98.25,41.21,98.27,41.18,True,0.8191
467,4,1651.48,407.76,102.95,20.46,102.94,20.46,True,0.7528
467,5,1366.73,505.92,81.24,29.66,81.22,29.68,True,0.8241
467,7,1585.04,323.78,99.4,12.1,99.37,12.13,True,0.7333
467,10,921.4,403.38,49.68,20.03,49.64,20.02,True,0.8434
467,12,1054.78,635.57,58.93,40.97,58.9,40.97,True,0.7067
467,14,1442.94,490.28,86.8,28.24,86.76,28.21,True,0.8223
467,15,870.4,326.75,45.78,12.4,45.78,12.4,True,0.7864
467,17,683.11,375.79,32.08,17.33,32.07,17.28,True,0.8203
467,18,743.97,235.75,35.79,2.8,35.78,2.78,True,0.6858
467,19,1487.68,364.15,91.56,16.17,91.55,16.17,True,0.7452
467,36,1294.92,347.67,77.43,14.52,77.39,14.51,True,0.7843
467,38,686.66,958.2,35.63,65.54,35.54,65.52,True,0.684
467,46,1029.63,589.88,57.29,37.09,57.31,37.06,True,0.7741
467,54,1139.58,615.01,64.76,39.24,64.75,39.25,True,0.6182
467,69,1281.57,250.31,77.25,4.38,77.22,4.39,True,0.7257
467,70,861.8,980.16,46.48,67.05,46.5,67.1,True,0.7865
467,76,1680.22,371.6,105.68,16.92,105.67,16.94,False,0.703
467,77,39.66,421.49,-14.34,21.78,-14.39,21.78,False,0.8185
467,81,1741.06,378.69,110.04,17.62,110.01,17.6,False,0.7829
467,83,1412.2,1005.15,80.04,68.75,79.98,68.8,False,0.7395
467,88,1890.39,464.63,119.12,25.86,119.16,25.85,False,0.7233
467,89,1895.5,432.56,120.2,22.84,120.18,22.81,False,0.6461
468,2,1634.26,638.73,98.2,41.23,98.23,41.22,True,0.805
468,4,1648.82,407.37,102.76,20.42,102.75,20.43,True,0.7572
468,5,1363.36,505.56,81.01,29.63,81.01,29.62,True,0.803
468,7,1582.02,324.06,99.17,12.12,99.17,12.13,True,0.7886
468,10,917.76,403.23,49.41,20.02,49.4,20.04,True,0.8288
468,12,1050.62,635.91,58.65,41.0,58.68,41.04,True,0.7257
468,14,1439.48,489.55,86.56,28.17,86.57,28.2,True,0.8221
468,15,867.24,326.58,45.55,12.38,45.57,12.41,True,0.7962
468,17,680.42,375.72,31.88,17.32,31.87,17.31,True,0.8273
468,18,741.46,235.91,35.59,2.82,35.58,2.84,True,0.6619
468,19,1484.76,363.78,91.35,16.14,91.37,16.17,True,0.7751
468,36,1289.82,347.87,77.05,14.54,77.08,14.54,True,0.7912
468,38,683.0,957.25,35.4,65.48,35.34,65.55,True,0.6082
468,46,1032.64,582.69,57.51,36.47,57.55,36.81,True,0.7407
468,54,1136.49,614.9,64.55,39.23,64.57,39.25,True,0.61
468,69,1278.44,250.64,77.01,4.41,76.98,4.37,True,0.7016
468,70,861.24,980.63,46.44,67.09,46.45,67.16,True,0.7561
468,76,1676.18,371.52,105.38,16.91,105.42,16.87,False,0.7554
468,77,37.34,421.8,-14.5,21.81,-14.59,21.8,False,0.8228
468,81,1737.22,377.89,109.77,17.54,109.76,17.57,False,0.7947
468,83,1407.54,1005.11,79.76,68.75,79.79,68.76,False,0.778
468,88,1888.03,464.04,118.97,25.81,119.0,25.81,False,0.7365
468,89,1891.86,430.53,119.98,22.65,119.91,22.76,False,0.6497
469,2,1634.2,638.78,98.19,41.24,98.21,41.24,True,0.792
469,4,1645.94,407.19,102.55,20.4,102.56,20.39,True,0.7575
469,5,1360.08,504.99,80.78,29.58,80.78,29.59,True,0.8178
469,7,1579.36,324.86,98.96,12.21,98.97,12.12,True,0.791
469,10,913.88,403.5,49.13,20.05,49.15,20.05,True,0.825
469,12,1047.66,637.47,58.44,41.13,58.48,41.1,True,0.7377
469,14,1436.68,489.62,86.36,28.18,86.38,28.19,True,0.8154
469,15,864.84,326.8,45.37,12.4,45.35,12.43,True,0.7032
469,17,677.48,375.33,31.66,17.28,31.66,17.34,True,0.8277
469,18,738.31,236.37,35.35,2.87,35.39,2.88,True,0.6998
469,19,1482.69,364.07,91.19,16.17,91.19,16.15,True,0.7851
469,36,1286.16,348.55,76.77,14.61,76.78,14.57,True,0.7934
469,38,680.23,958.51,35.24,65.56,35.11,65.58,True,0.5535
469,46,1037.2,585.66,57.82,36.73,57.79,36.64,True,0.6966
469,54,1134.16,615.35,64.39,39.27,64.4,39.25,True,0.6502
469,69,1274.81,250.15,76.73,4.36,76.76,4.36,True,0.6703
469,70,861.52,985.83,46.47,67.44,46.39,67.24,True,0.7166
469,76,1672.78,370.49,105.15,16.81,105.17,16.81,False,0.7499
469,77,32.95,421.78,-14.82,21.81,-14.81,21.8,False,0.8143
469,81,1733.4,378.06,109.49,17.55,109.52,17.54,False,0.8001
469,83,1404.21,1005.11,79.56,68.75,79.58,68.72,False,0.8128
469,88,1886.64,463.64,118.88,25.77,118.85,25.78,False,0.7414
469,89,1887.2,430.82,119.63,22.67,119.65,22.71,False,0.6928
469,91,1912.42,634.71,117.13,40.9,117.04,40.93,False,0.4738
470,2,1634.15,638.89,98.19,41.25,98.21,41.25,True,0.7896
470,4,1643.09,406.67,102.35,20.35,102.36,20.37,True,0.7571
470,5,1356.9,504.77,80.56,29.56,80.54,29.55,True,0.8248
470,7,1576.54,324.04,98.76,12.12,98.77,12.1,True,0.7917
470,10,910.38,403.93,48.88,20.09,48.89,20.06,True,0.8171
470,12,1044.92,638.17,58.26,41.19,58.3,41.16,True,0.781
470,14,1433.98,489.6,86.17,28.17,86.18,28.18,True,0.819
470,15,861.7,327.35,45.13,12.46,45.14,12.44,True,0.7655
470,17,674.57,375.89,31.45,17.34,31.46,17.38,True,0.8121
470,18,736.21,237.11,35.2,2.95,35.19,2.92,True,0.6756
470,19,1480.5,364.11,91.03,16.17,90.99,16.13,True,0.7647
470,36,1282.26,348.33,76.48,14.59,76.46,14.59,True,0.7813
470,46,1041.28,582.71,58.11,36.47,57.99,36.47,True,0.6611
470,54,1131.84,615.28,64.23,39.26,64.2,39.24,True,0.6336
470,69,1271.68,249.74,76.49,4.31,76.53,4.37,True,0.6809
470,70,859.12,982.75,46.32,67.23,46.35,67.33,True,0.7509
470,76,1669.4,369.6,104.92,16.72,104.91,16.77,True,0.7491
470,77,29.5,421.79,-15.07,21.81,-15.05,21.81,False,0.8134
470,81,1730.26,377.61,109.26,17.51,109.28,17.5,False,0.7875
470,83,1401.04,1004.49,79.37,68.71,79.35,68.69,False,0.777
470,88,1884.52,463.0,118.74,25.71,118.69,25.75,False,0.7425
470,89,1883.22,431.0,119.34,22.69,119.37,22.68,False,0.7042
470,91,1910.98,635.5,117.02,40.96,117.0,40.93,False,0.4996
471,2,1634.82,639.05,98.23,41.26,98.2,41.26,True,0.7802
471,4,1640.7,406.45,102.18,20.33,102.17,20.34,True,0.7749
471,5,1353.34,504.26,80.31,29.51,80.29,29.49,True,0.825
471,7,1573.93,323.37,98.58,12.05,98.56,12.06,True,0.7752
471,10,907.18,403.73,48.64,20.07,48.63,20.08,True,0.8366
471,12,1043.09,638.69,58.13,41.23,58.13,41.22,True,0.7739
471,14,1431.58,489.93,85.99,28.2,85.98,28.18,True,0.8261
471,15,858.98,327.61,44.93,12.49,44.92,12.46,True,0.7774
471,17,671.64,376.91,31.25,17.44,31.25,17.43,True,0.8123
471,18,733.93,237.13,35.02,2.95,34.97,2.94,True,0.6953
471,19,1477.42,363.35,90.81,16.09,90.79,16.12,True,0.7818
471,36,1278.01,348.24,76.17,14.58,76.15,14.6,True,0.7944
471,38,672.3,959.73,34.75,65.65,34.86,65.61,True,0.5119
471,46,1042.62,582.24,58.2,36.43,58.17,36.28,True,0.6729
471,54,1129.14,615.07,64.05,39.24,64.02,39.25,True,0.5691
471,69,1269.36,250.0,76.31,4.34,76.29,4.38,True,0.68
471,70,857.57,985.17,46.23,67.4,46.29,67.43,True,0.7819
471,76,1666.48,369.49,104.7,16.71,104.67,16.71,True,0.7393
471,77,26.02,421.71,-15.33,21.8,-15.28,21.82,False,0.813
471,81,1727.2,377.31,109.04,17.48,109.04,17.47,False,0.7468
471,83,1397.29,1003.79,79.15,68.66,79.15,68.64,False,0.8073
471,88,1882.0,463.3,118.55,25.74,118.52,25.71,False,0.7495
471,89,1879.74,431.29,119.08,22.72,119.07,22.76,False,0.7008
471,91,1910.25,635.26,116.97,40.94,116.95,40.91,False,0.5543
472,2,1634.68,639.25,98.22,41.28,98.17,41.31,True,0.7714
472,4,1637.84,406.47,101.97,20.33,101.98,20.29,True,0.7775
472,5,1349.28,503.59,80.03,29.45,80.04,29.44,True,0.8136
472,7,1571.06,322.62,98.37,11.98,98.36,12.01,True,0.767
472,10,903.6,403.87,48.38,20.08,48.38,20.1,True,0.8423
472,12,1041.2,639.08,58.0,41.26,57.98,41.25,True,0.7703
472,14,1428.77,489.53,85.8,28.17,85.78,28.18,True,0.8314
472,15,855.92,327.49,44.7,12.47,44.69,12.47,True,0.7837
472,17,669.22,377.66,31.07,17.52,31.05,17.49,True,0.8206
472,18,730.82,237.59,34.78,3.0,34.76,2.99,True,0.6877
472,19,1474.31,363.4,90.58,16.1,90.57,16.11,True,0.7681
472,36,1273.64,348.62,75.84,14.62,75.83,14.59,True,0.7682
472,38,668.81,960.06,34.54,65.67,34.63,65.66,True,0.5878
472,46,1043.99,580.0,58.3,36.24,58.31,35.97,True,0.6737
472,54,1125.47,614.84,63.8,39.22,63.82,39.26,True,0.5466
472,69,1266.47,250.64,76.09,4.41,76.06,4.41,True,0.7022
472,70,858.9,986.39,46.31,67.48,46.24,67.51,True,0.7399
472,73,437.92,1079.19,21.34,73.65,25.13,71.94,False,0.6023
472,76,1662.54,369.21,104.42,16.68,104.43,16.68,True,0.7447
472,77,23.36,421.98,-15.51,21.83,-15.49,21.84,False,0.8118
472,81,1724.22,376.86,108.83,17.44,108.82,17.43,False,0.774
472,83,1393.48,1002.72,78.92,68.59,78.94,68.58,False,0.8011
472,88,1878.64,463.04,118.32,25.72,118.32,25.67,False,0.7454
472,89,1876.05,430.75,118.83,22.67,118.78,22.85,False,0.6637
472,91,1908.75,634.98,116.88,40.92,116.86,40.9,False,0.6555
473,2,1633.78,639.24,98.16,41.28,98.12,41.4,True,0.7397
473,4,1635.0,405.92,101.78,20.28,101.79,20.24,True,0.758
473,5,1345.38,502.71,79.76,29.37,79.79,29.37,True,0.8246
473,7,1568.04,322.47,98.15,11.96,98.15,11.99,True,0.7779
473,10,900.28,403.93,48.14,20.09,48.13,20.11,True,0.8346
473,12,1038.86,639.22,57.84,41.28,57.84,41.26,True,0.7542
473,14,1425.48,489.44,85.57,28.16,85.58,28.18,True,0.8153
473,15,852.74,327.39,44.46,12.46,44.45,12.47,True,0.7833
473,17,666.04,378.09,30.84,17.56,30.83,17.53,True,0.8119
473,18,727.36,237.11,34.51,2.95,34.55,3.0,True,0.6989
473,19,1470.87,363.33,90.33,16.09,90.35,16.09,True,0.7636
473,36,1269.08,348.29,75.5,14.59,75.5,14.6,True,0.7871
473,38,666.2,960.55,34.38,65.7,34.38,65.71,True,0.5026
473,46,1045.62,572.02,58.42,35.54,58.4,35.69,True,0.7219
473,54,1122.72,615.43,63.61,39.27,63.62,39.26,True,0.6277
473,69,1263.3,251.06,75.84,4.46,75.84,4.44,True,0.7132
473,70,856.08,988.16,46.14,67.6,46.19,67.67,True,0.7395
473,73,430.24,1080.0,20.88,73.7,23.72,72.56,False,0.6064
473,76,1658.84,368.72,104.15,16.63,104.17,16.64,True,0.7084
473,77,20.88,422.39,-15.69,21.87,-15.71,21.87,False,0.8184
473,81,1720.66,376.3,108.58,17.38,108.59,17.37,False,0.7726
473,83,1390.38,1001.43,78.74,68.5,78.74,68.52,False,0.7872
473,88,1875.49,461.9,118.12,25.61,118.11,25.62,False,0.7537
473,89,1872.1,434.77,118.45,23.05,118.5,22.94,False,0.6925
473,91,1906.72,633.98,116.76,40.84,116.77,40.88,False,0.7132
474,2,1632.76,641.52,98.06,41.47,98.06,41.52,True,0.7606
474,4,1632.58,404.81,101.62,20.17,101.6,20.19,True,0.7043
474,5,1342.25,502.08,79.54,29.31,79.55,29.29,True,0.8315
474,7,1565.07,322.09,97.93,11.92,97.93,11.98,True,0.7877
474,10,896.65,404.6,47.87,20.15,47.88,20.11,True,0.8359
474,12,1036.6,639.33,57.69,41.28,57.71,41.28,True,0.7517
474,14,1422.76,489.7,85.37,28.18,85.37,28.18,True,0.8115
474,15,849.37,327.25,44.21,12.45,44.21,12.46,True,0.791
474,17,663.12,378.26,30.63,17.57,30.62,17.57,True,0.8169
474,18,724.59,238.33,34.3,3.08,34.3,3.03,True,0.6862
474,19,1468.08,363.19,90.12,16.08,90.12,16.1,True,0.7643
474,36,1264.62,348.25,75.17,14.58,75.16,14.61,True,0.7981
474,38,664.0,961.04,34.25,65.74,34.06,65.75,True,0.4066
474,46,1046.8,567.49,58.51,35.15,58.49,35.4,True,0.7486
474,54,1120.05,615.61,63.43,39.29,63.41,39.28,True,0.6287
474,69,1260.08,251.59,75.59,4.51,75.6,4.45,True,0.7151
474,70,857.2,992.02,46.22,67.86,46.14,67.81,True,0.6893
474,76,1656.0,368.89,103.94,16.65,103.91,16.61,True,0.6693
474,77,18.22,422.64,-15.87,21.89,-15.9,21.92,False,0.8006
474,81,1717.64,375.65,108.37,17.32,108.35,17.33,False,0.7676
474,83,1386.84,1000.32,78.53,68.43,78.54,68.46,False,0.7798
474,88,1871.92,461.27,117.87,25.55,117.91,25.57,False,0.7561
474,89,1868.63,435.6,118.19,23.13,118.23,23.04,False,0.7109
474,91,1905.59,634.18,116.68,40.85,116.68,40.86,False,0.7334
475,2,1631.66,644.52,97.94,41.72,97.98,41.65,True,0.7851
475,4,1629.74,404.2,101.42,20.11,101.42,20.14,True,0.7187
475,5,1338.66,500.95,79.3,29.21,79.32,29.19,True,0.8065
475,7,1562.36,323.44,97.71,12.06,97.71,12.0,True,0.7791
475,10,893.12,404.58,47.62,20.15,47.64,20.11,True,0.8331
475,12,1034.59,639.14,57.55,41.27,57.56,41.3,True,0.7621
475,14,1419.67,489.81,85.15,28.19,85.16,28.19,True,0.8136
475,15,845.93,327.48,43.95,12.47,43.97,12.46,True,0.7937
475,17,659.61,378.32,30.37,17.58,30.39,17.59,True,0.8289
475,18,722.2,237.96,34.12,3.04,34.06,3.06,True,0.4118
475,19,1465.14,363.29,89.9,16.09,89.9,16.1,True,0.7392
475,36,1259.92,348.78,74.82,14.63,74.82,14.62,True,0.8046
475,46,1047.66,566.55,58.58,35.07,58.58,35.05,True,0.7365
475,54,1116.9,615.68,63.21,39.29,63.2,39.29,True,0.6548
475,69,1256.99,251.16,75.35,4.47,75.36,4.44,True,0.7186
475,70,854.6,994.27,46.06,68.02,46.06,67.96,False,0.7112
475,74,1119.06,614.57,63.36,39.2,63.36,39.21,True,0.4112
475,76,1651.78,367.81,103.65,16.54,103.67,16.58,True,0.7005
475,77,14.47,423.35,-16.13,21.96,-16.09,21.96,False,0.8026
475,81,1714.2,374.99,108.13,17.25,108.12,17.29,False,0.7589
475,83,1383.59,1000.01,78.34,68.4,78.34,68.41,False,0.7813
475,88,1869.06,460.78,117.68,25.5,117.71,25.53,False,0.7595
475,89,1865.53,435.69,117.96,23.14,117.98,23.13,False,0.7065
475,91,1904.15,634.33,116.58,40.87,116.59,40.83,False,0.764
476,2,1631.48,646.01,97.91,41.84,97.9,41.8,True,0.7892
476,4,1627.06,403.67,101.23,20.06,101.25,20.09,True,0.7335
476,5,1335.9,499.89,79.11,29.12,79.11,29.08,True,0.8165
476,7,1559.09,322.9,97.47,12.0,97.49,12.03,True,0.6678
476,10,890.1,404.0,47.39,20.09,47.4,20.1,True,0.8292
476,12,1033.19,639.56,57.46,41.3,57.43,41.33,True,0.7612
476,14,1417.17,489.88,84.97,28.2,84.97,28.2,True,0.8062
476,15,842.98,327.12,43.73,12.44,43.74,12.46,True,0.803
476,17,656.82,378.84,30.17,17.63,30.17,17.61,True,0.8318
476,18,717.81,238.38,33.78,3.08,33.83,3.1,True,0.6387
476,19,1462.19,363.62,89.68,16.12,89.7,16.1,True,0.7579
476,36,1255.37,348.64,74.48,14.62,74.48,14.64,True,0.7939
476,46,1048.64,565.75,58.65,35.0,58.67,34.85,True,0.7305
476,54,1113.62,615.87,62.99,39.31,63.01,39.3,True,0.666
476,69,1253.93,250.64,75.12,4.41,75.16,4.4,True,0.7102
476,70,853.33,995.41,45.98,68.09,46.06,68.11,False,0.7179
476,76,1648.32,367.83,103.39,16.54,103.43,16.54,True,0.7332
476,77,11.72,424.1,-16.31,22.03,-16.27,22.01,False,0.7934
476,81,1710.6,375.01,107.86,17.25,107.89,17.27,False,0.7794
476,83,1380.73,999.47,78.17,68.37,78.13,68.38,False,0.7902
476,88,1867.28,460.66,117.55,25.49,117.52,25.5,False,0.7501
476,89,1862.67,436.39,117.74,23.2,117.74,23.15,False,0.7325
476,91,1902.91,633.91,116.5,40.83,116.49,40.81,False,0.805
476,92,950.22,1017.17,51.91,69.56,51.78,69.52,False,0.418
476,93,1913.26,453.27,121.02,24.8,121.02,24.66,False,0.4982
477,2,1630.72,647.08,97.84,41.93,97.8,41.94,True,0.791
477,4,1624.84,403.78,101.07,20.07,101.06,20.08,True,0.7332
477,5,1332.36,498.19,78.88,28.96,78.9,28.96,True,0.8408
477,7,1556.54,323.49,97.27,12.07,97.28,12.06,True,0.7728
477,10,886.94,403.55,47.16,20.05,47.18,20.08,True,0.8343
477,12,1030.62,640.5,57.28,41.38,57.3,41.36,True,0.76
477,14,1414.26,489.89,84.76,28.2,84.78,28.21,True,0.806
477,15,839.85,327.32,43.49,12.46,43.52,12.46,True,0.6821
477,17,654.05,378.61,29.96,17.61,29.96,17.63,True,0.8282
477,18,715.02,238.86,33.57,3.14,33.61,3.11,True,0.6926
477,19,1459.64,363.52,89.49,16.11,89.49,16.1,True,0.7618
477,36,1250.7,349.4,74.13,14.7,74.16,14.67,True,0.7355
477,38,659.64,961.95,33.98,65.8,33.74,65.77,True,0.5244
477,46,1049.99,559.77,58.75,34.47,58.76,34.76,True,0.7203
477,54,1110.56,615.75,62.78,39.3,62.82,39.3,True,0.6599
477,69,1251.3,250.11,74.92,4.35,74.93,4.37,True,0.6827
477,70,852.04,997.37,45.91,68.23,46.02,68.24,False,0.7451
477,76,1645.74,367.98,103.2,16.56,103.19,16.49,True,0.7231
477,77,9.74,424.35,-16.45,22.06,-16.44,22.06,False,0.7764
477,81,1707.58,374.86,107.64,17.24,107.67,17.25,False,0.7794
477,83,1377.02,999.35,77.94,68.36,77.89,68.37,False,0.8099
477,88,1864.19,460.49,117.34,25.48,117.34,25.48,False,0.7659
477,89,1859.8,435.75,117.54,23.14,117.52,23.14,False,0.7166
477,91,1901.4,633.17,116.41,40.77,116.39,40.77,False,0.8063
477,92,948.86,1016.91,51.82,69.54,51.69,69.51,False,0.6005
477,93,1912.89,452.17,121.01,24.7,121.02,24.63,False,0.632
478,2,1629.28,648.29,97.73,42.03,97.71,42.05,True,0.8052
478,4,1622.4,403.63,100.89,20.06,100.87,20.07,True,0.7642
478,5,1329.6,496.37,78.7,28.79,78.7,28.84,True,0.8518
478,7,1553.97,323.69,97.07,12.09,97.07,12.05,True,0.777
478,10,884.22,403.53,46.96,20.05,46.95,20.09,True,0.8447
478,12,1028.94,640.97,57.17,41.42,57.17,41.41,True,0.7607
478,14,1411.78,490.29,84.58,28.24,84.6,28.21,True,0.8111
478,15,837.4,327.35,43.31,12.46,43.31,12.47,True,0.7888
478,17,650.87,379.07,29.73,17.65,29.76,17.67,True,0.8261
478,18,712.52,239.06,33.38,3.16,33.37,3.14,True,0.7182
478,19,1456.84,363.29,89.29,16.09,89.28,16.09,True,0.7642
478,36,1246.52,349.29,73.82,14.69,73.85,14.69,True,0.7673
478,46,1051.68,561.03,58.87,34.58,58.87,34.62,True,0.7218
478,54,1108.3,615.65,62.62,39.29,62.63,39.31,True,0.6955
478,69,1249.66,249.46,74.8,4.28,74.72,4.36,True,0.4502
478,70,855.92,999.2,46.15,68.35,46.0,68.33,False,0.704
478,76,1642.3,366.61,102.97,16.42,102.96,16.46,True,0.7277
478,77,7.65,424.81,-16.59,22.1,-16.55,22.1,False,0.7406
478,81,1704.93,375.22,107.44,17.27,107.45,17.26,False,0.7733
478,83,1372.29,999.35,77.65,68.36,77.64,68.36,False,0.8185
478,88,1861.8,460.34,117.17,25.46,117.17,25.48,False,0.7524
478,89,1855.98,435.56,117.27,23.13,117.29,23.12,False,0.7196
478,91,1899.43,632.5,116.29,40.71,116.28,40.73,False,0.8078
478,92,945.23,1015.45,51.6,69.45,51.61,69.5,False,0.6537
478,93,1912.42,449.87,121.03,24.48,121.01,24.62,False,0.683
479,2,1627.8,650.17,97.6,42.19,97.61,42.14,True,0.8102
479,4,1619.43,403.91,100.67,20.09,100.68,20.07,True,0.7684
479,5,1326.76,495.78,78.5,28.74,78.5,28.73,True,0.8458
479,7,1551.31,323.44,96.88,12.06,96.86,12.06,True,0.7673
479,10,881.6,403.51,46.77,20.05,46.72,20.1,True,0.8418
479,12,1027.24,641.31,57.05,41.45,57.04,41.44,True,0.7499
479,14,1409.44,490.08,84.42,28.22,84.42,28.2,True,0.813
479,15,834.8,327.59,43.12,12.48,43.1,12.47,True,0.7879
479,17,648.55,379.54,29.56,17.7,29.56,17.69,True,0.8084
479,18,710.17,238.74,33.19,3.12,33.15,3.16,True,0.6849
479,19,1453.96,363.13,89.08,16.07,89.08,16.1,True,0.7682
479,36,1243.03,349.39,73.56,14.7,73.55,14.7,True,0.778
479,46,1052.94,561.86,58.95,34.66,58.97,34.47,True,0.7567
479,54,1106.78,616.04,62.52,39.32,62.44,39.32,True,0.6354
479,69,1245.57,249.85,74.48,4.33,74.51,4.4,True,0.6535
479,70,853.62,1001.37,46.01,68.5,46.02,68.42,False,0.7371
479,76,1639.16,366.29,102.74,16.39,102.75,16.42,True,0.7208
479,77,6.02,425.2,-16.7,22.14,-16.63,22.14,False,0.6422
479,81,1702.46,375.08,107.26,17.26,107.26,17.25,False,0.7489
479,83,1367.42,999.24,77.36,68.35,77.35,68.33,False,0.8141
479,88,1859.2,460.62,116.98,25.49,116.99,25.47,False,0.7806
479,89,1853.1,435.09,117.07,23.08,117.06,23.1,False,0.7156
479,91,1897.62,631.91,116.18,40.66,116.15,40.69,False,0.8249
479,92,942.34,1016.02,51.43,69.48,51.45,69.49,False,0.6774
479,93,1912.16,450.51,121.0,24.54,121.0,24.58,False,0.718
480,2,1626.13,651.13,97.48,42.27,97.51,42.21,True,0.8217
480,4,1616.62,403.89,100.47,20.08,100.49,20.06,True,0.7875
480,5,1324.14,494.09,78.33,28.59,78.31,28.65,True,0.8285
480,7,1548.2,323.24,96.65,12.04,96.65,12.04,True,0.771
480,10,877.47,404.94,46.47,20.19,46.48,20.12,True,0.8238
480,12,1025.03,641.72,56.9,41.48,56.92,41.46,True,0.7588
480,14,1407.1,489.66,84.26,28.18,84.25,28.18,True,0.8223
480,15,831.6,327.73,42.88,12.5,42.89,12.46,True,0.7851
480,17,645.95,379.91,29.37,17.74,29.35,17.71,True,0.812
480,18,706.66,239.45,32.93,3.2,32.93,3.16,True,0.686
480,19,1451.22,363.15,88.88,16.07,88.87,16.09,True,0.7636
480,36,1239.22,349.6,73.27,14.72,73.24,14.69,True,0.7871
480,38,646.11,962.23,33.15,65.82,33.43,65.82,True,0.3614
480,46,1055.09,559.1,59.11,34.41,59.07,34.39,True,0.7576
480,54,1102.56,616.25,62.23,39.34,62.27,39.33,True,0.5025
480,69,1243.06,250.99,74.28,4.45,74.3,4.45,True,0.7035
480,70,852.77,1001.21,45.96,68.49,46.03,68.46,False,0.7453
480,76,1636.15,366.07,102.52,16.37,102.52,16.36,True,0.7067
480,77,5.7,425.79,-16.71,22.19,-16.68,22.16,False,0.4576
480,81,1699.86,375.11,107.07,17.26,107.07,17.25,False,0.7689
480,83,1362.83,999.12,77.08,68.34,77.03,68.3,False,0.7761
480,88,1857.04,460.41,116.82,25.47,116.81,25.45,False,0.7641
480,89,1849.89,434.73,116.85,23.05,116.83,23.06,False,0.6858
480,91,1895.55,632.11,116.04,40.68,115.99,40.67,False,0.8352
480,92,940.22,1015.87,51.3,69.47,51.29,69.48,False,0.7367
480,93,1912.18,450.84,120.99,24.57,120.97,24.56,False,0.7494
481,2,1625.27,651.3,97.42,42.28,97.44,42.25,True,0.8177
481,4,1614.28,403.57,100.3,20.05,100.3,20.05,True,0.7792
481,5,1321.0,493.86,78.11,28.56,78.11,28.6,True,0.8338
481,7,1545.3,323.2,96.43,12.04,96.44,11.99,True,0.7718
481,10,874.08,404.54,46.22,20.15,46.24,20.15,True,0.8225
481,12,1023.2,641.61,56.78,41.47,56.8,41.47,True,0.7658
481,14,1404.78,489.33,84.1,28.15,84.08,28.16,True,0.8264
481,15,828.93,327.29,42.68,12.45,42.67,12.44,True,0.7788
481,17,643.1,379.81,29.16,17.73,29.16,17.75,True,0.8071
481,18,703.3,239.17,32.67,3.17,32.71,3.17,True,0.7074
481,19,1448.46,363.77,88.66,16.14,88.67,16.08,True,0.7663
481,36,1235.0,349.11,72.96,14.67,72.94,14.68,True,0.7804
481,38,643.05,962.04,32.96,65.81,33.11,65.85,True,0.4498
481,46,1055.84,556.91,59.16,34.22,59.17,34.24,True,0.7785
481,54,1100.26,616.41,62.07,39.36,62.1,39.34,True,0.5795
481,69,1240.55,252.39,74.08,4.6,74.07,4.5,True,0.7382
481,70,854.22,1001.51,46.05,68.51,45.99,68.47,False,0.6957
481,76,1633.38,366.24,102.31,16.38,102.3,16.33,True,0.669
481,77,5.63,426.07,-16.71,22.22,-16.71,22.18,False,0.4053
481,81,1697.32,374.67,106.89,17.22,106.88,17.22,False,0.7692
481,83,1356.97,997.43,76.73,68.23,76.69,68.26,False,0.7507
481,88,1854.24,460.15,116.63,25.45,116.65,25.44,False,0.7744
481,89,1846.5,435.44,116.59,23.11,116.63,23.0,False,0.7283
481,91,1892.36,631.64,115.83,40.64,115.8,40.66,False,0.8185
481,92,937.24,1016.08,51.12,69.49,50.95,69.51,False,0.7031
481,93,1911.6,451.05,120.95,24.59,120.93,24.58,False,0.7688
482,2,1624.18,651.1,97.34,42.26,97.39,42.28,True,0.8087
482,4,1611.63,403.32,100.11,20.03,100.11,20.02,True,0.7675
482,5,1318.12,493.8,77.9,28.56,77.92,28.55,True,0.8204
482,7,1542.07,322.53,96.2,11.97,96.24,11.94,True,0.7838
482,10,870.99,404.64,46.0,20.16,46.0,20.18,True,0.8282
482,12,1021.72,641.84,56.68,41.49,56.69,41.48,True,0.7606
482,14,1401.91,489.17,83.89,28.13,83.91,28.15,True,0.8176
482,15,825.8,326.76,42.44,12.4,42.45,12.43,True,0.7858
482,17,639.96,380.05,28.93,17.75,28.96,17.78,True,0.8125
482,18,701.08,239.19,32.49,3.17,32.48,3.19,True,0.6851
482,19,1445.46,363.2,88.45,16.08,88.48,16.05,True,0.7758
482,36,1230.24,348.97,72.61,14.65,72.62,14.67,True,0.7803
482,46,1057.01,555.03,59.25,34.06,59.29,34.05,True,0.7784
482,54,1097.93,616.48,61.91,39.36,61.91,39.34,True,0.6155
482,69,1237.9,252.48,73.87,4.61,73.87,4.53,True,0.7178
482,70,852.98,1000.52,45.97,68.44,45.95,68.43,False,0.7061
482,76,1629.92,365.04,102.08,16.26,102.09,16.28,True,0.6391
482,81,1694.92,374.69,106.71,17.22,106.69,17.2,False,0.7727
482,83,1350.66,997.11,76.35,68.21,76.34,68.22,False,0.7701
482,88,1851.9,459.51,116.47,25.39,116.5,25.42,False,0.7808
482,89,1843.18,433.64,116.39,22.94,116.42,22.92,False,0.7218
482,91,1888.95,631.81,115.59,40.65,115.6,40.65,False,0.8147
482,92,935.64,1016.59,51.02,69.52,50.85,69.48,False,0.6181
482,93,1910.86,451.11,120.89,24.6,120.88,24.59,False,0.7806
483,2,1624.24,651.19,97.35,42.27,97.38,42.3,True,0.812
483,4,1609.1,402.92,99.93,19.99,99.91,19.97,True,0.7119
483,5,1315.32,493.55,77.71,28.54,77.73,28.54,True,0.8182
483,7,1539.65,321.4,96.03,11.85,96.04,11.88,True,0.7909
483,10,867.48,404.85,45.74,20.18,45.78,20.2,True,0.8089
483,12,1020.32,641.63,56.58,41.48,56.6,41.48,True,0.7684
483,14,1399.8,489.23,83.74,28.14,83.74,28.13,True,0.8241
483,15,822.96,326.49,42.23,12.37,42.24,12.41,True,0.7785
483,17,637.62,380.75,28.77,17.82,28.76,17.8,True,0.8103
483,18,697.9,239.4,32.25,3.2,32.26,3.21,True,0.6656
483,19,1442.82,362.9,88.26,16.05,88.28,16.03,True,0.7763
483,36,1225.84,349.09,72.28,14.67,72.3,14.67,True,0.793
483,38,640.18,963.51,32.79,65.91,32.81,65.88,True,0.6177
483,46,1058.66,552.91,59.37,33.87,59.4,33.88,True,0.7913
483,54,1095.5,615.92,61.75,39.31,61.75,39.33,True,0.6237
483,69,1234.66,251.51,73.63,4.51,73.66,4.55,True,0.7142
483,70,853.06,1000.23,45.98,68.42,45.9,68.4,False,0.6444
483,76,1627.0,364.89,101.86,16.25,101.89,16.23,True,0.72
483,81,1691.74,373.99,106.49,17.15,106.48,17.16,False,0.7778
483,83,1343.72,996.64,75.93,68.18,76.01,68.17,False,0.7489
483,88,1850.25,459.41,116.36,25.38,116.36,25.4,False,0.7761
483,89,1840.54,432.09,116.23,22.8,116.23,22.86,False,0.7325
483,91,1885.5,631.85,115.36,40.66,115.38,40.61,False,0.8456
483,93,1909.76,451.16,120.81,24.6,120.81,24.58,False,0.7929
484,2,1624.69,651.83,97.37,42.32,97.38,42.34,True,0.8192
484,4,1606.18,402.3,99.73,19.93,99.72,19.92,True,0.7431
484,5,1312.9,493.35,77.54,28.52,77.55,28.51,True,0.8217
484,7,1537.88,320.89,95.91,11.8,95.85,11.82,True,0.6878
484,10,864.82,405.09,45.55,20.2,45.57,20.23,True,0.8183
484,12,1019.3,641.63,56.52,41.48,56.53,41.46,True,0.779
484,14,1397.3,489.1,83.57,28.13,83.57,28.12,True,0.8107
484,15,819.96,326.85,42.0,12.41,42.02,12.4,True,0.7815
484,17,634.9,381.1,28.57,17.85,28.57,17.82,True,0.804
484,18,695.51,239.62,32.07,3.22,32.06,3.24,True,0.6824
484,19,1440.84,361.43,88.13,15.9,88.1,15.98,True,0.7021
484,36,1221.84,349.05,71.98,14.66,71.99,14.7,True,0.7679
484,38,637.88,963.52,32.65,65.91,32.69,65.91,True,0.4454
484,46,1061.27,550.95,59.55,33.7,59.53,33.72,True,0.7921
484,54,1093.32,616.24,61.6,39.34,61.59,39.32,True,0.6055
484,69,1232.64,251.34,73.48,4.49,73.44,4.51,True,0.7144
484,70,849.99,998.58,45.79,68.31,45.8,68.35,False,0.7049
484,76,1624.44,363.89,101.69,16.15,101.69,16.15,True,0.713
484,81,1688.8,373.87,106.27,17.14,106.28,17.13,False,0.7781
484,83,1338.67,996.27,75.62,68.15,75.72,68.13,False,0.7652
484,88,1848.56,459.51,116.24,25.39,116.23,25.38,False,0.7945
484,89,1837.67,431.32,116.04,22.72,116.06,22.78,False,0.7383
484,91,1882.37,631.22,115.16,40.61,115.17,40.57,False,0.8449
484,93,1908.76,450.8,120.75,24.57,120.73,24.57,False,0.8039
485,2,1625.57,652.64,97.42,42.39,97.37,42.45,True,0.8213
485,4,1602.61,401.72,99.48,19.87,99.56,19.88,True,0.7526
485,5,1310.85,493.35,77.39,28.52,77.39,28.47,True,0.8187
485,7,1534.14,320.3,95.64,11.74,95.67,11.77,True,0.7429
485,10,862.34,406.01,45.37,20.29,45.38,20.27,True,0.8105
485,12,1018.51,641.47,56.46,41.46,56.48,41.43,True,0.7762
485,14,1394.95,489.06,83.4,28.12,83.4,28.12,True,0.8107
485,15,817.72,326.86,41.83,12.41,41.83,12.41,True,0.7575
485,17,632.4,381.1,28.39,17.85,28.4,17.84,True,0.8153
485,18,692.33,240.07,31.82,3.27,31.87,3.26,True,0.6657
485,19,1437.88,361.98,87.9,15.96,87.94,15.92,True,0.7487
485,36,1217.74,349.58,71.67,14.72,71.7,14.73,True,0.8019
485,38,635.66,963.92,32.52,65.94,32.6,65.95,True,0.5185
485,46,1063.22,549.22,59.69,33.54,59.65,33.59,True,0.8062
485,54,1090.76,615.73,61.43,39.3,61.44,39.3,True,0.6191
485,69,1229.42,251.79,73.23,4.54,73.24,4.46,True,0.6998
485,70,849.06,998.55,45.73,68.31,45.71,68.29,False,0.6887
485,76,1621.66,363.52,101.49,16.11,101.5,16.1,True,0.7209
485,81,1685.64,373.26,106.05,17.08,106.09,17.11,False,0.781
485,83,1335.64,995.48,75.44,68.1,75.47,68.09,False,0.7599
485,88,1846.69,459.5,116.1,25.38,116.1,25.37,False,0.7995
485,89,1835.64,431.23,115.89,22.71,115.9,22.76,False,0.7315
485,91,1878.97,629.89,114.95,40.49,114.96,40.52,False,0.8493
485,93,1907.2,450.37,120.64,24.53,120.64,24.57,False,0.8126
486,2,1625.84,653.75,97.42,42.48,97.34,42.61,True,0.829
486,4,1600.91,400.86,99.37,19.79,99.4,19.83,True,0.7632
486,5,1308.41,492.25,77.23,28.42,77.23,28.42,True,0.8354
486,7,1531.92,320.25,95.47,11.73,95.5,11.75,True,0.7804
486,10,860.12,406.51,45.21,20.34,45.2,20.31,True,0.8178
486,12,1017.99,640.6,56.43,41.39,56.45,41.41,True,0.7828
486,14,1392.48,488.68,83.23,28.09,83.24,28.13,True,0.8057
486,15,814.65,326.98,41.6,12.42,41.66,12.43,True,0.7242
486,17,629.82,381.09,28.2,17.85,28.22,17.85,True,0.8169
486,18,690.36,240.65,31.68,3.33,31.7,3.27,True,0.6905
486,19,1435.85,361.42,87.76,15.9,87.79,15.87,True,0.7823
486,36,1214.38,350.28,71.42,14.79,71.43,14.76,True,0.8077
486,38,635.62,964.68,32.52,65.99,32.54,65.98,True,0.5461
486,46,1064.62,548.21,59.79,33.45,59.75,33.47,True,0.8225
486,54,1088.55,615.49,61.28,39.28,61.29,39.29,True,0.6352
486,69,1226.47,250.32,73.01,4.38,73.05,4.43,True,0.6616
486,70,846.18,998.0,45.55,68.27,45.58,68.22,False,0.6998
486,76,1619.03,361.97,101.32,15.96,101.33,16.04,True,0.6674
486,81,1683.35,373.01,105.89,17.06,105.91,17.08,False,0.783
486,83,1332.56,994.35,75.26,68.02,75.28,68.06,False,0.8062
486,88,1845.05,459.25,115.99,25.36,115.97,25.35,False,0.7756
486,89,1833.65,431.47,115.74,22.74,115.73,22.74,False,0.7327
486,91,1876.07,629.38,114.77,40.45,114.77,40.47,False,0.854
486,93,1905.91,450.49,120.55,24.54,120.55,24.58,False,0.7957
487,2,1624.65,657.32,97.29,42.78,97.29,42.78,True,0.8311
487,4,1599.72,400.93,99.28,19.8,99.27,19.77,True,0.7696
487,5,1305.99,491.7,77.06,28.37,77.08,28.34,True,0.8298
487,7,1529.78,320.44,95.31,11.75,95.33,11.73,True,0.7878
487,10,857.66,406.49,45.03,20.34,45.01,20.35,True,0.8173
487,12,1017.72,640.04,56.41,41.34,56.43,41.39,True,0.786
487,14,1390.25,489.1,83.07,28.13,83.07,28.13,True,0.8209
487,15,813.09,327.33,41.49,12.46,41.5,12.45,True,0.7793
487,17,627.78,381.06,28.05,17.85,28.06,17.85,True,0.8038
487,18,688.46,239.99,31.52,3.26,31.54,3.29,True,0.655
487,19,1434.2,360.48,87.65,15.81,87.63,15.84,True,0.7868
487,36,1210.97,350.6,71.16,14.82,71.17,14.79,True,0.8154
487,38,635.42,964.64,32.5,65.99,32.5,66.0,True,0.4485
487,46,1065.21,547.21,59.84,33.37,59.83,33.37,True,0.8162
487,54,1086.28,615.4,61.12,39.27,61.15,39.28,True,0.6315
487,69,1224.46,250.32,72.85,4.38,72.88,4.4,True,0.6722
487,70,845.18,996.42,45.49,68.16,45.46,68.17,False,0.7037
487,76,1616.64,362.63,101.13,16.02,101.17,15.99,True,0.7037
487,81,1681.46,373.69,105.74,17.12,105.76,17.04,False,0.7692
487,83,1330.0,994.28,75.11,68.02,75.12,68.02,False,0.7816
487,88,1842.34,459.21,115.8,25.36,115.84,25.31,False,0.7356
487,89,1831.6,432.27,115.58,22.81,115.56,22.73,False,0.7242
487,91,1873.06,628.83,114.57,40.4,114.6,40.42,False,0.855
487,93,1904.71,451.26,120.45,24.61,120.46,24.59,False,0.7801
488,2,1623.77,660.79,97.18,43.07,97.24,42.94,True,0.8369
488,4,1597.8,400.46,99.14,19.75,99.18,19.71,True,0.7858
488,5,1304.14,490.54,76.94,28.26,76.93,28.25,True,0.837
488,7,1528.0,320.12,95.18,11.72,95.2,11.73,True,0.7886
488,10,854.91,407.01,44.83,20.39,44.84,20.35,True,0.8237
488,12,1017.89,640.39,56.42,41.37,56.43,41.37,True,0.8131
488,14,1388.08,489.5,82.91,28.16,82.92,28.13,True,0.836
488,15,811.32,327.41,41.36,12.47,41.36,12.47,True,0.7851
488,17,625.84,381.3,27.91,17.87,27.91,17.86,True,0.8023
488,18,686.64,240.21,31.39,3.28,31.4,3.28,True,0.6736
488,19,1432.08,360.06,87.49,15.77,87.51,15.8,True,0.7859
488,36,1207.9,350.7,70.93,14.83,70.94,14.81,True,0.8126
488,38,635.16,965.53,32.49,66.05,32.49,66.02,True,0.5599
488,46,1065.7,546.61,59.87,33.31,59.93,33.27,True,0.8172
488,54,1084.47,615.41,61.0,39.27,61.04,39.27,True,0.667
488,69,1222.46,250.23,72.7,4.37,72.75,4.35,True,0.6808
488,70,842.55,994.85,45.33,68.05,45.37,68.12,False,0.7193
488,76,1614.95,361.86,101.02,15.95,101.02,15.97,True,0.7132
488,81,1679.54,372.22,105.62,16.98,105.63,17.01,False,0.7238
488,83,1327.72,994.12,74.97,68.01,74.98,67.97,False,0.7995
488,88,1840.81,458.32,115.7,25.27,115.74,25.26,False,0.7533
488,89,1828.76,431.55,115.39,22.74,115.41,22.7,False,0.7072
488,91,1870.76,628.71,114.42,40.39,114.44,40.39,False,0.8523
488,93,1903.44,451.42,120.35,24.63,120.38,24.59,False,0.7689
489,2,1623.56,662.02,97.15,43.17,97.18,43.12,True,0.833
489,4,1597.04,399.49,99.1,19.66,99.1,19.66,True,0.7788
489,5,1301.58,489.25,76.77,28.14,76.79,28.16,True,0.823
489,7,1526.5,320.17,95.06,11.72,95.08,11.74,True,0.7836
489,10,852.21,406.81,44.63,20.37,44.68,20.35,True,0.8241
489,12,1018.08,640.31,56.43,41.37,56.45,41.38,True,0.8311
489,14,1385.88,489.41,82.75,28.16,82.77,28.14,True,0.8302
489,15,809.56,327.6,41.23,12.49,41.24,12.48,True,0.7775
489,17,623.49,381.07,27.73,17.85,27.79,17.85,True,0.801
489,18,685.28,240.37,31.28,3.3,31.27,3.26,True,0.6733
489,19,1430.34,360.03,87.37,15.76,87.4,15.76,True,0.7828
489,36,1204.6,350.31,70.69,14.79,70.72,14.82,True,0.7705
489,38,634.52,965.38,32.45,66.04,32.36,66.02,True,0.6308
489,46,1066.83,545.17,59.95,33.18,60.08,33.16,True,0.8123
489,54,1083.53,615.33,60.93,39.26,60.94,39.28,True,0.6209
489,69,1221.32,249.81,72.62,4.32,72.64,4.34,True,0.68
489,70,840.88,994.87,45.22,68.06,45.32,68.09,False,0.7421
489,76,1612.94,361.45,100.88,15.91,100.89,16.0,True,0.684
489,81,1677.7,371.93,105.49,16.95,105.52,16.99,False,0.7441
489,83,1325.0,993.13,74.81,67.94,74.86,67.9,True,0.7826
489,88,1839.25,457.48,115.61,25.2,115.67,25.21,False,0.7702
489,89,1826.18,430.38,115.22,22.63,115.27,22.67,False,0.7089
489,91,1868.48,628.42,114.27,40.37,114.29,40.37,False,0.8472
489,93,1902.62,451.4,120.29,24.62,120.33,24.6,False,0.7589
490,2,1623.52,662.62,97.14,43.22,97.15,43.27,True,0.8312
490,4,1595.53,398.29,99.01,19.54,99.02,19.61,True,0.7819
490,5,1299.92,488.4,76.65,28.06,76.67,28.07,True,0.8166
490,7,1525.12,320.28,94.96,11.74,94.98,11.73,True,0.7776
490,10,850.4,406.48,44.5,20.33,44.54,20.33,True,0.8198
490,12,1018.6,640.66,56.47,41.4,56.47,41.41,True,0.8282
490,14,1383.91,488.99,82.62,28.12,82.64,28.13,True,0.8343
490,15,808.07,327.71,41.11,12.5,41.12,12.48,True,0.785
490,17,622.74,381.18,27.68,17.86,27.69,17.84,True,0.8084
490,18,683.56,239.6,31.14,3.22,31.15,3.27,True,0.6635
490,19,1428.99,359.95,87.27,15.76,87.3,15.74,True,0.7841
490,36,1201.94,350.64,70.49,14.82,70.54,14.81,True,0.7831
490,38,635.18,965.07,32.49,66.02,32.2,66.02,True,0.3568
490,46,1070.3,543.8,60.2,33.06,60.31,33.04,True,0.8159
490,54,1082.79,615.48,60.88,39.28,60.85,39.29,True,0.5602
490,69,1220.43,249.75,72.55,4.32,72.54,4.34,True,0.6857
490,70,841.25,995.11,45.25,68.07,45.27,68.07,False,0.7035
490,76,1611.54,362.75,100.75,16.03,100.79,15.99,True,0.7079
490,81,1676.65,371.76,105.42,16.93,105.42,16.94,False,0.7491
490,83,1323.7,991.81,74.74,67.85,74.72,67.83,True,0.7959
490,88,1839.04,456.54,115.61,25.11,115.62,25.16,False,0.7695
490,89,1824.45,429.92,115.11,22.59,115.16,22.61,False,0.7441
490,91,1866.83,628.09,114.16,40.34,114.17,40.36,False,0.8488
490,92,917.12,1017.31,49.9,69.57,50.88,69.45,False,0.5467
490,93,1902.2,450.79,120.27,24.57,120.29,24.6,False,0.7595
491,2,1623.88,664.15,97.15,43.34,97.16,43.37,True,0.8277
491,4,1594.64,398.36,98.95,19.55,98.96,19.57,True,0.7811
491,5,1298.24,487.52,76.54,27.98,76.56,27.97,True,0.8144
491,7,1524.25,320.41,94.89,11.75,94.9,11.72,True,0.7742
491,10,849.22,406.15,44.41,20.3,44.41,20.3,True,0.8221
491,12,1019.1,641.11,56.5,41.43,56.51,41.42,True,0.8236
491,14,1382.54,488.95,82.52,28.11,82.52,28.11,True,0.8332
491,15,806.83,327.43,41.02,12.47,41.02,12.46,True,0.7889
491,17,621.69,380.99,27.6,17.84,27.59,17.82,True,0.8054
491,18,682.22,240.01,31.04,3.26,31.04,3.25,True,0.673
491,19,1428.18,359.45,87.21,15.71,87.22,15.73,True,0.7764
491,36,1199.86,350.61,70.34,14.82,70.37,14.81,True,0.7997
491,46,1075.06,541.84,60.54,32.89,60.64,32.93,True,0.8142
491,54,1081.03,615.74,60.76,39.3,60.77,39.3,True,0.5337
491,69,1219.28,249.8,72.46,4.32,72.46,4.35,True,0.6914
491,70,842.27,995.46,45.31,68.1,45.24,68.08,False,0.6972
491,76,1610.68,363.27,100.68,16.09,100.7,15.99,True,0.6964
491,81,1675.59,371.94,105.33,16.95,105.33,16.92,False,0.7629
491,83,1322.0,989.59,74.65,67.7,74.57,67.74,True,0.7886
491,88,1838.98,456.5,115.61,25.1,115.6,25.13,False,0.7671
491,89,1823.7,429.57,115.06,22.56,115.08,22.56,False,0.7574
491,91,1865.1,628.17,114.04,40.35,114.06,40.36,False,0.8389
491,93,1902.16,451.01,120.27,24.59,120.28,24.58,False,0.7605
492,2,1624.22,666.51,97.14,43.54,97.18,43.46,True,0.8273
492,4,1593.91,398.31,98.89,19.54,98.91,19.54,True,0.791
492,5,1296.99,486.47,76.46,27.89,76.47,27.9,True,0.8202
492,7,1523.18,319.98,94.82,11.71,94.83,11.71,True,0.7794
492,10,847.92,405.69,44.32,20.26,44.3,20.28,True,0.8244
492,12,1019.83,641.42,56.55,41.46,56.56,41.44,True,0.8208
492,14,1380.67,488.72,82.39,28.09,82.42,28.09,True,0.8322
492,15,805.24,327.32,40.9,12.46,40.93,12.43,True,0.7921
492,17,620.7,380.58,27.52,17.8,27.52,17.8,True,0.8125
492,18,680.64,240.27,30.92,3.29,30.94,3.24,True,0.7076
492,19,1427.35,359.32,87.15,15.69,87.15,15.73,True,0.7784
492,36,1198.36,350.51,70.23,14.81,70.24,14.81,True,0.7934
492,46,1081.76,540.61,61.01,32.78,61.03,32.85,True,0.7987
492,54,1079.99,616.16,60.69,39.34,60.7,39.3,True,0.5363
492,69,1218.09,250.23,72.37,4.37,72.38,4.38,True,0.7143
492,70,840.97,995.22,45.23,68.08,45.22,68.08,False,0.7218
492,74,1082.69,615.44,60.88,39.27,62.06,39.22,True,0.3853
492,76,1609.58,362.12,100.62,15.97,100.64,15.97,True,0.7131
492,81,1674.45,371.53,105.26,16.91,105.24,16.9,False,0.7829
492,83,1318.26,988.79,74.42,67.64,74.43,67.64,True,0.745
492,88,1838.62,456.46,115.58,25.1,115.6,25.11,False,0.7674
492,89,1823.05,429.13,115.02,22.51,115.02,22.54,False,0.7689
492,91,1863.64,628.45,113.94,40.37,113.97,40.37,False,0.8364
492,93,1902.11,451.13,120.26,24.6,120.29,24.57,False,0.7411
493,2,1625.24,667.1,97.2,43.58,97.23,43.53,True,0.8292
493,4,1593.53,398.25,98.87,19.54,98.87,19.54,True,0.7784
493,5,1295.6,485.44,76.37,27.79,76.4,27.83,True,0.8197
493,7,1522.36,319.9,94.76,11.7,94.77,11.7,True,0.7784
493,10,846.38,405.69,44.2,20.26,44.2,20.28,True,0.8213
493,12,1020.86,641.29,56.62,41.45,56.61,41.45,True,0.8025
493,14,1379.5,488.52,82.31,28.07,82.33,28.08,True,0.8361
493,15,804.32,326.61,40.83,12.38,40.84,12.39,True,0.7882
493,17,619.56,380.2,27.43,17.77,27.44,17.79,True,0.8158
493,18,679.3,239.48,30.81,3.2,30.86,3.24,True,0.7206
493,19,1426.57,359.68,87.09,15.73,87.09,15.72,True,0.776
493,36,1196.77,350.4,70.11,14.8,70.14,14.81,True,0.799
493,46,1089.08,540.23,61.52,32.75,61.45,32.79,True,0.816
493,54,1078.6,615.72,60.6,39.3,60.62,39.3,True,0.5308
493,69,1217.01,250.71,72.28,4.42,72.3,4.39,True,0.7339
493,70,840.46,995.54,45.2,68.1,45.2,68.08,False,0.6991
493,76,1608.73,361.97,100.56,15.96,100.59,15.92,True,0.6897
493,81,1672.7,370.99,105.14,16.85,105.15,16.88,False,0.7838
493,83,1315.16,987.38,74.24,67.55,74.28,67.52,True,0.7281
493,88,1838.84,456.72,115.6,25.12,115.6,25.1,False,0.75
493,89,1822.48,429.22,114.98,22.52,114.98,22.53,False,0.7705
493,91,1862.58,628.55,113.87,40.38,113.89,40.37,False,0.8337
493,93,1902.34,450.2,120.3,24.51,120.31,24.57,False,0.7471
494,2,1626.4,667.42,97.27,43.61,97.29,43.6,True,0.8373
494,4,1593.12,398.4,98.83,19.55,98.84,19.53,True,0.7878
494,5,1294.92,485.06,76.33,27.76,76.34,27.79,True,0.8224
494,7,1521.86,319.64,94.72,11.67,94.73,11.68,True,0.784
494,10,844.56,405.68,44.07,20.26,44.1,20.28,True,0.8253
494,12,1021.58,641.49,56.67,41.46,56.66,41.46,True,0.7986
494,14,1378.66,488.49,82.25,28.07,82.25,28.08,True,0.8286
494,15,803.64,326.17,40.78,12.34,40.76,12.35,True,0.7816
494,17,618.5,380.08,27.35,17.75,27.36,17.78,True,0.8213
494,18,678.68,239.53,30.77,3.21,30.78,3.24,True,0.7233
494,19,1425.8,359.8,87.03,15.74,87.04,15.71,True,0.7721
494,36,1195.75,350.53,70.03,14.81,70.06,14.81,True,0.8164
494,46,1094.19,540.52,61.88,32.77,61.87,32.74,True,0.8149
494,54,1077.89,615.61,60.55,39.29,60.56,39.3,True,0.5361
494,69,1216.32,251.05,72.22,4.46,72.23,4.41,True,0.7255
494,70,839.42,995.02,45.13,68.07,45.16,68.06,False,0.7219
494,76,1608.46,360.27,100.57,15.79,100.55,15.85,True,0.677
494,81,1671.62,370.81,105.06,16.84,105.07,16.85,False,0.7817
494,83,1312.79,985.97,74.1,67.45,74.12,67.39,True,0.6536
494,88,1839.04,456.54,115.61,25.11,115.59,25.1,False,0.7574
494,89,1821.88,429.07,114.94,22.51,114.94,22.51,False,0.7633
494,91,1861.9,628.65,113.82,40.39,113.82,40.38,False,0.8416
494,93,1903.08,450.77,120.34,24.56,120.34,24.58,False,0.773
495,2,1628.06,667.26,97.38,43.6,97.37,43.64,True,0.8213
495,4,1592.8,398.17,98.81,19.53,98.82,19.52,True,0.7801
495,5,1294.45,484.77,76.29,27.73,76.28,27.76,True,0.8212
495,7,1521.24,319.67,94.68,11.67,94.7,11.67,True,0.781
495,10,843.62,406.11,44.0,20.3,44.0,20.32,True,0.8253
495,12,1022.26,641.49,56.72,41.46,56.72,41.46,True,0.7921
495,14,1377.62,488.52,82.18,28.07,82.17,28.08,True,0.821
495,15,802.49,325.62,40.69,12.28,40.68,12.32,True,0.7857
495,17,617.43,380.41,27.28,17.79,27.29,17.78,True,0.8245
495,18,678.4,240.03,30.75,3.26,30.73,3.21,True,0.7104
495,19,1425.12,359.62,86.98,15.72,87.0,15.68,True,0.7682
495,36,1195.08,350.71,69.98,14.83,69.98,14.81,True,0.817
495,46,1099.98,540.18,62.28,32.74,62.28,32.71,True,0.8165
495,54,1077.33,615.62,60.51,39.29,60.5,39.29,True,0.5374
495,69,1215.59,250.54,72.17,4.4,72.18,4.42,True,0.7236
495,70,839.5,994.94,45.14,68.06,45.12,68.02,False,0.7066
495,76,1608.08,360.45,100.53,15.81,100.51,15.78,True,0.62
495,81,1670.56,370.86,104.98,16.84,104.98,16.84,True,0.7813
495,83,1310.76,983.54,73.99,67.28,73.96,67.2,True,0.3591
495,88,1838.72,456.32,115.59,25.09,115.59,25.11,False,0.7686
495,89,1821.24,429.28,114.89,22.53,114.9,22.49,False,0.7562
495,91,1861.1,628.59,113.76,40.38,113.76,40.37,False,0.8456
495,93,1903.73,450.93,120.38,24.58,120.37,24.6,False,0.7771
496,2,1629.37,668.38,97.46,43.69,97.45,43.68,True,0.8263
496,4,1592.58,398.0,98.8,19.51,98.79,19.51,True,0.7872
496,5,1293.64,485.17,76.23,27.77,76.23,27.72,True,0.8218
496,7,1520.98,319.48,94.66,11.65,94.67,11.65,True,0.785
496,10,842.45,406.5,43.92,20.34,43.92,20.38,True,0.8277
496,12,1022.79,641.53,56.75,41.47,56.8,41.46,True,0.7905
496,14,1376.54,488.79,82.1,28.1,82.1,28.09,True,0.827
496,15,801.0,325.67,40.58,12.29,40.6,12.29,True,0.798
496,17,616.58,380.48,27.22,17.79,27.22,17.79,True,0.8245
496,18,677.42,239.74,30.67,3.23,30.69,3.21,True,0.7071
496,19,1424.66,358.91,86.96,15.65,86.96,15.63,True,0.7747
496,36,1194.52,350.58,69.94,14.82,69.91,14.8,True,0.8155
496,46,1105.13,539.47,62.65,32.68,62.66,32.69,True,0.8296
496,54,1076.32,615.5,60.44,39.28,60.46,39.28,True,0.5494
496,69,1215.12,250.6,72.13,4.41,72.12,4.42,True,0.7304
496,70,838.58,993.73,45.08,67.98,45.07,67.97,True,0.7018
496,76,1606.76,359.35,100.45,15.7,100.47,15.69,True,0.6023
496,81,1669.66,370.78,104.92,16.83,104.88,16.84,True,0.7837
496,83,1307.93,979.45,73.85,67.01,73.89,67.11,True,0.5637
496,88,1838.48,456.46,115.57,25.1,115.57,25.11,False,0.769
496,89,1820.56,428.56,114.85,22.46,114.86,22.47,False,0.7648
496,91,1860.15,628.45,113.7,40.37,113.71,40.35,False,0.8541
496,93,1904.28,451.64,120.41,24.65,120.39,24.65,False,0.7584
497,2,1630.8,668.69,97.55,43.71,97.52,43.74,True,0.8269
497,4,1592.18,397.7,98.78,19.48,98.76,19.5,True,0.7875
497,5,1292.9,484.94,76.18,27.75,76.17,27.67,True,0.7997
497,7,1521.02,319.4,94.66,11.65,94.64,11.64,True,0.7802
497,10,841.13,407.77,43.83,20.46,43.84,20.45,True,0.8361
497,12,1024.36,641.5,56.86,41.47,56.89,41.45,True,0.791
497,14,1375.66,488.76,82.03,28.1,82.01,28.1,True,0.8119
497,15,800.0,325.84,40.5,12.31,40.52,12.26,True,0.7972
497,17,615.97,380.76,27.17,17.82,27.15,17.8,True,0.82
497,18,676.92,239.2,30.63,3.17,30.65,3.22,True,0.7187
497,19,1424.32,357.91,86.94,15.55,86.92,15.59,True,0.7749
497,36,1193.48,350.43,69.86,14.8,69.83,14.79,True,0.8198
497,46,1111.0,538.81,63.06,32.62,63.04,32.66,True,0.8335
497,54,1075.86,615.38,60.41,39.27,60.41,39.27,True,0.5379
497,69,1214.47,250.47,72.08,4.39,72.06,4.42,True,0.7232
497,70,837.73,992.25,45.03,67.88,45.0,67.93,True,0.7164
497,76,1606.11,358.7,100.42,15.63,100.43,15.56,True,0.636
497,81,1668.15,371.01,104.8,16.86,104.79,16.82,True,0.7647
497,83,1304.04,975.36,73.63,66.72,73.82,67.0,True,0.353
497,88,1838.34,456.52,115.56,25.11,115.55,25.11,False,0.7721
497,89,1820.22,428.12,114.84,22.42,114.81,22.45,False,0.7647
497,91,1859.4,627.84,113.66,40.32,113.65,40.32,False,0.8699
497,93,1904.7,452.27,120.42,24.71,120.39,24.7,False,0.7811
498,2,1631.76,669.55,97.6,43.79,97.55,43.84,True,0.819
498,4,1591.57,397.9,98.73,19.5,98.73,19.5,True,0.8089
498,5,1291.83,483.27,76.12,27.59,76.1,27.61,True,0.8023
498,7,1520.53,319.2,94.63,11.63,94.61,11.64,True,0.7935
498,10,840.15,408.54,43.76,20.53,43.76,20.51,True,0.8485
498,12,1026.22,641.21,56.98,41.44,56.98,41.45,True,0.8024
498,14,1374.11,488.8,81.92,28.1,81.91,28.09,True,0.8219
498,15,799.24,325.34,40.44,12.25,40.45,12.25,True,0.8023
498,17,614.78,380.55,27.08,17.8,27.08,17.8,True,0.8243
498,18,676.68,239.16,30.61,3.17,30.6,3.22,True,0.7101
498,19,1423.42,357.41,86.88,15.5,86.87,15.55,True,0.7959
498,36,1191.7,350.02,69.73,14.76,69.74,14.77,True,0.8309
498,46,1116.54,538.82,63.45,32.62,63.42,32.64,True,0.8202
498,54,1075.29,615.42,60.37,39.27,60.37,39.27,True,0.6227
498,69,1213.38,250.95,72.0,4.44,71.99,4.43,True,0.7283
498,70,836.54,991.76,44.95,67.85,44.94,67.9,True,0.6343
498,76,1605.28,357.59,100.37,15.52,100.37,15.48,True,0.7027
498,81,1666.2,370.59,104.66,16.82,104.68,16.79,True,0.7648
498,88,1837.88,456.63,115.53,25.12,115.53,25.09,False,0.7796
498,89,1819.3,428.16,114.77,22.42,114.76,22.42,False,0.7742
498,91,1858.31,627.44,113.6,40.29,113.6,40.28,False,0.8673
498,93,1904.47,452.88,120.39,24.76,120.38,24.74,False,0.7765
498,99,1853.61,915.09,108.32,62.52,108.41,62.48,False,0.7272
499,2,1632.06,671.01,97.6,43.91,97.56,43.95,True,0.8224
499,4,1591.18,397.77,98.7,19.49,98.69,19.49,True,0.81
499,5,1290.69,482.55,76.04,27.53,76.03,27.53,True,0.8019
499,7,1520.04,319.07,94.59,11.61,94.57,11.63,True,0.7923
499,10,839.36,409.18,43.7,20.6,43.69,20.58,True,0.8424
499,12,1028.47,641.03,57.14,41.43,57.1,41.43,True,0.7973
499,14,1372.78,489.04,81.83,28.12,81.81,28.08,True,0.8207
499,15,798.67,324.59,40.4,12.18,40.39,12.24,True,0.7995
499,17,613.82,380.66,27.02,17.81,26.99,17.81,True,0.8209
499,18,676.26,239.97,30.58,3.26,30.56,3.23,True,0.673
499,19,1422.6,357.49,86.82,15.51,86.82,15.51,True,0.7933
499,36,1190.49,349.89,69.64,14.75,69.64,14.76,True,0.8215
499,38,624.85,964.76,31.85,66.0,32.03,66.0,True,0.3692
499,46,1121.26,539.19,63.77,32.65,63.82,32.63,True,0.8331
499,54,1074.66,615.29,60.33,39.26,60.32,39.27,True,0.634
499,69,1212.4,251.24,71.92,4.48,71.91,4.41,True,0.717
499,70,834.1,992.36,44.8,67.89,44.87,67.91,True,0.6879
499,76,1604.32,353.92,100.36,15.15,100.32,15.45,True,0.7135
499,81,1664.72,369.84,104.57,16.74,104.57,16.75,True,0.7558
499,88,1837.61,456.58,115.51,25.11,115.49,25.07,False,0.7889
499,89,1818.4,427.95,114.71,22.4,114.69,22.41,False,0.7772
499,91,1857.52,626.98,113.55,40.25,113.54,40.25,False,0.8646
499,93,1904.04,453.21,120.35,24.79,120.35,24.79,False,0.7807
499,99,1855.0,914.66,108.42,62.49,108.46,62.47,False,0.7963
500,2,1631.86,673.28,97.56,44.09,97.55,44.08,True,0.8068
500,4,1590.31,397.89,98.64,19.5,98.64,19.48,True,0.8027
500,5,1289.03,481.41,75.93,27.42,75.96,27.44,True,0.8137
500,7,1519.03,319.4,94.51,11.65,94.52,11.61,True,0.799
500,10,837.97,409.46,43.6,20.62,43.62,20.63,True,0.8297
500,12,1029.27,640.98,57.19,41.42,57.23,41.4,True,0.7789
500,14,1370.74,488.02,81.69,28.03,81.71,28.06,True,0.8158
500,15,797.94,325.11,40.34,12.23,40.34,12.22,True,0.7906
500,17,612.22,380.52,26.9,17.8,26.9,17.82,True,0.8193
500,18,675.3,240.07,30.51,3.27,30.53,3.24,True,0.5895
500,19,1421.8,357.68,86.76,15.53,86.77,15.5,True,0.7961
500,36,1188.76,349.81,69.52,14.74,69.53,14.74,True,0.8242
500,38,622.83,964.49,31.73,65.98,31.85,65.98,True,0.3872
500,46,1126.77,538.94,64.16,32.63,64.24,32.64,True,0.8311
500,54,1074.03,615.45,60.28,39.27,60.27,39.26,True,0.6189
500,69,1211.06,250.77,71.82,4.43,71.84,4.39,True,0.7301
500,70,834.46,992.69,44.83,67.91,44.8,67.94,True,0.6651
500,76,1603.55,356.26,100.27,15.39,100.28,15.43,True,0.7026
500,81,1663.12,369.25,104.46,16.68,104.47,16.69,True,0.7379
500,88,1836.68,455.77,115.46,25.03,115.46,25.05,False,0.7995
500,89,1817.12,427.99,114.62,22.4,114.62,22.4,False,0.7756
500,91,1856.52,626.27,113.5,40.19,113.48,40.21,False,0.8602
500,93,1903.64,453.24,120.32,24.8,120.32,24.83,False,0.7922
500,99,1856.24,913.93,108.5,62.44,108.52,62.45,False,0.8301
501,2,1631.36,674.95,97.5,44.23,97.54,44.22,True,0.8033
501,4,1589.44,397.59,98.58,19.47,98.59,19.46,True,0.7893
501,5,1287.86,480.57,75.86,27.34,75.9,27.37,True,0.8074
501,7,1517.92,318.95,94.44,11.6,94.48,11.58,True,0.7852
501,10,837.1,410.13,43.54,20.69,43.57,20.68,True,0.8263
501,12,1031.56,640.32,57.35,41.37,57.36,41.4,True,0.7859
501,14,1369.38,488.1,81.59,28.04,81.61,28.04,True,0.804
501,15,797.19,324.9,40.29,12.21,40.28,12.21,True,0.7842
501,17,610.68,380.74,26.78,17.82,26.81,17.83,True,0.8189
501,18,674.84,240.03,30.47,3.26,30.5,3.27,True,0.6106
501,19,1421.0,357.15,86.71,15.48,86.73,15.49,True,0.7785
501,36,1187.55,349.7,69.43,14.73,69.44,14.74,True,0.8195
501,38,620.93,964.3,31.61,65.96,31.67,65.97,True,0.416
501,46,1133.82,539.13,64.65,32.65,64.68,32.65,True,0.8222
501,54,1073.07,615.25,60.22,39.26,60.23,39.25,True,0.6323
501,69,1210.09,249.85,71.75,4.33,71.78,4.35,True,0.7181
501,70,832.68,994.35,44.72,68.02,44.79,67.97,False,0.6954
501,76,1602.89,357.78,100.19,15.54,100.24,15.42,True,0.6941
501,81,1661.79,368.76,104.37,16.63,104.39,16.64,True,0.7223
501,88,1835.88,455.34,115.41,24.99,115.43,25.02,False,0.8068
501,89,1815.73,427.88,114.52,22.39,114.55,22.39,False,0.7763
501,91,1855.2,626.11,113.41,40.18,113.42,40.17,False,0.8605
501,93,1903.24,454.3,120.27,24.9,120.3,24.86,False,0.7863
501,99,1857.99,913.76,108.62,62.42,108.62,62.41,False,0.8275
502,2,1631.87,676.58,97.51,44.36,97.53,44.38,True,0.8078
502,4,1588.9,397.26,98.54,19.44,98.53,19.45,True,0.7787
502,5,1287.68,480.39,75.85,27.33,75.85,27.29,True,0.7979
502,7,1517.72,318.41,94.43,11.54,94.45,11.56,True,0.7848
502,10,836.86,410.43,43.52,20.72,43.52,20.72,True,0.8448
502,12,1033.6,640.2,57.49,41.36,57.48,41.41,True,0.7948
502,14,1368.25,487.78,81.52,28.01,81.52,28.01,True,0.8063
502,15,796.3,324.86,40.22,12.21,40.22,12.21,True,0.7859
502,17,609.61,381.02,26.71,17.85,26.72,17.85,True,0.8159
502,18,674.96,240.03,30.48,3.26,30.42,3.27,True,0.5603
502,19,1420.68,357.11,86.68,15.47,86.7,15.49,True,0.7778
502,36,1186.37,349.75,69.34,14.73,69.36,14.73,True,0.8228
502,38,620.62,964.06,31.59,65.95,31.62,65.97,True,0.4667
502,46,1140.92,539.24,65.15,32.66,65.15,32.66,True,0.8215
502,54,1072.28,614.94,60.17,39.23,60.18,39.26,True,0.6424
502,69,1209.38,249.24,71.7,4.26,71.73,4.31,True,0.7208
502,70,832.18,994.46,44.69,68.03,44.83,68.0,False,0.6671
502,76,1602.9,357.9,100.19,15.55,100.21,15.46,True,0.6883
502,81,1660.78,368.12,104.31,16.57,104.31,16.6,True,0.7444
502,88,1835.56,455.36,115.39,25.0,115.39,25.0,False,0.8108
502,89,1814.93,427.67,114.46,22.37,114.49,22.39,False,0.7727
502,91,1854.32,625.56,113.36,40.13,113.37,40.14,False,0.8605
502,93,1903.24,454.37,120.27,24.9,120.28,24.89,False,0.7892
502,99,1860.06,913.26,108.75,62.39,108.71,62.36,False,0.8102
503,2,1632.4,678.24,97.53,44.5,97.53,44.54,True,0.8111
503,4,1588.15,396.85,98.49,19.4,98.48,19.43,True,0.7627
503,5,1287.3,479.41,75.83,27.24,75.82,27.2,True,0.7996
503,7,1517.68,318.15,94.43,11.52,94.44,11.55,True,0.7836
503,10,836.45,410.78,43.5,20.75,43.49,20.77,True,0.8339
503,12,1035.44,640.99,57.61,41.42,57.61,41.41,True,0.7928
503,14,1367.15,487.49,81.44,27.98,81.44,28.0,True,0.8147
503,15,795.3,324.84,40.14,12.2,40.17,12.21,True,0.7857
503,17,608.6,381.31,26.64,17.88,26.65,17.87,True,0.8153
503,18,674.8,240.22,30.47,3.28,30.34,3.27,True,0.4561
503,19,1420.68,357.05,86.68,15.47,86.68,15.47,True,0.7814
503,36,1185.79,349.85,69.29,14.74,69.3,14.72,True,0.8171
503,38,620.58,964.11,31.59,65.95,31.57,65.98,True,0.3898
503,46,1148.32,539.12,65.67,32.65,65.62,32.71,True,0.817
503,54,1071.96,615.17,60.14,39.25,60.15,39.27,True,0.6052
503,69,1209.38,249.29,71.7,4.27,71.7,4.3,True,0.721
503,70,835.74,994.22,44.91,68.01,44.84,68.03,False,0.6031
503,74,1072.03,614.74,60.15,39.21,60.92,39.22,True,0.486
503,76,1602.74,357.29,100.19,15.49,100.19,15.44,True,0.6845
503,81,1659.76,367.99,104.23,16.56,104.24,16.58,True,0.7535
503,88,1835.12,455.34,115.36,24.99,115.36,24.98,False,0.8125
503,89,1814.86,427.69,114.46,22.38,114.44,22.38,False,0.7739
503,91,1853.31,625.16,113.3,40.1,113.31,40.11,False,0.8606
503,93,1903.48,454.63,120.28,24.93,120.28,24.9,False,0.7873
503,99,1861.06,912.47,108.83,62.33,108.82,62.32,False,0.7564
504,2,1633.2,680.83,97.54,44.71,97.57,44.69,True,0.8083
504,4,1587.18,397.14,98.42,19.43,98.44,19.42,True,0.7618
504,5,1286.73,478.3,75.79,27.13,75.81,27.11,True,0.7997
504,7,1517.64,317.99,94.43,11.5,94.44,11.54,True,0.7883
504,10,835.7,411.64,43.44,20.83,43.47,20.81,True,0.8306
504,12,1037.63,641.47,57.76,41.46,57.74,41.42,True,0.8011
504,14,1366.0,487.38,81.36,27.97,81.37,27.99,True,0.8242
504,15,794.7,324.82,40.1,12.2,40.13,12.22,True,0.7841
504,17,607.82,381.56,26.58,17.9,26.59,17.89,True,0.813
504,18,671.2,240.12,30.19,3.27,30.25,3.26,True,0.4494
504,19,1420.64,357.3,86.68,15.49,86.68,15.46,True,0.7864
504,36,1184.97,349.66,69.23,14.72,69.27,14.7,True,0.8211
504,38,620.12,965.15,31.57,66.02,31.54,66.0,True,0.447
504,46,1154.83,540.03,66.12,32.73,66.07,32.76,True,0.8074
504,54,1071.47,615.47,60.11,39.28,60.13,39.3,True,0.576
504,69,1209.1,249.2,71.68,4.26,71.68,4.32,True,0.7272
504,70,837.05,994.52,44.99,68.03,44.88,68.04,False,0.5049
504,74,1071.58,614.7,60.12,39.21,60.29,39.21,True,0.4197
504,76,1602.46,355.57,100.2,15.32,100.2,15.36,True,0.6947
504,81,1659.03,368.01,104.18,16.56,104.19,16.57,True,0.7623
504,88,1834.76,455.03,115.34,24.97,115.35,24.97,False,0.8179
504,89,1814.2,427.82,114.41,22.39,114.41,22.38,False,0.7804
504,91,1852.74,625.03,113.26,40.08,113.27,40.09,False,0.8605
504,93,1903.44,454.52,120.28,24.92,120.3,24.9,False,0.7948
504,99,1861.26,910.77,108.87,62.21,108.94,62.3,False,0.6418
505,2,1634.08,682.97,97.57,44.88,97.63,44.82,True,0.8159
505,4,1586.67,397.09,98.38,19.42,98.42,19.41,True,0.7665
505,5,1286.34,476.62,75.78,26.98,75.81,27.0,True,0.8102
505,7,1518.06,318.63,94.45,11.57,94.46,11.55,True,0.7872
505,10,835.58,412.03,43.44,20.87,43.45,20.84,True,0.828
505,12,1039.08,641.22,57.86,41.44,57.87,41.43,True,0.7977
505,14,1365.15,487.53,81.3,27.98,81.3,28.01,True,0.8279
505,15,794.44,325.09,40.08,12.23,40.11,12.23,True,0.7743
505,17,607.08,381.57,26.53,17.9,26.54,17.89,True,0.8094
505,18,669.68,240.04,30.07,3.27,30.17,3.26,True,0.551
505,19,1420.51,356.97,86.67,15.46,86.7,15.44,True,0.7866
505,36,1184.86,349.13,69.23,14.67,69.25,14.68,True,0.8158
505,38,618.9,965.39,31.49,66.04,31.53,66.02,True,0.6111
505,46,1160.6,541.26,66.52,32.84,66.5,32.82,True,0.8402
505,54,1071.65,616.04,60.12,39.32,60.26,39.32,True,0.5488
505,69,1208.97,250.39,71.66,4.38,71.68,4.36,True,0.7303
505,70,835.26,994.82,44.88,68.05,44.93,68.04,False,0.6175
505,74,1071.51,614.51,60.11,39.2,60.14,39.2,True,0.4057
505,76,1602.28,355.3,100.19,15.29,100.23,15.25,True,0.6925
505,81,1658.36,368.22,104.13,16.58,104.17,16.57,True,0.7811
505,88,1834.48,454.71,115.32,24.94,115.36,24.95,False,0.8136
505,89,1813.53,427.85,114.36,22.39,114.39,22.39,False,0.7733
505,91,1852.26,624.98,113.23,40.08,113.25,40.08,False,0.8579
505,93,1903.55,453.76,120.31,24.85,120.31,24.92,False,0.8008
505,99,1864.11,911.31,109.04,62.25,109.08,62.29,False,0.5783
506,2,1635.93,684.3,97.68,44.99,97.73,44.93,True,0.8085
506,4,1586.67,397.06,98.38,19.42,98.42,19.41,True,0.7742
506,5,1286.24,475.2,75.78,26.85,75.82,26.91,True,0.8113
506,7,1518.38,318.56,94.48,11.56,94.5,11.56,True,0.7784
506,10,835.59,412.26,43.44,20.89,43.44,20.87,True,0.8276
506,12,1040.76,640.9,57.97,41.42,58.0,41.43,True,0.8045
506,14,1364.14,488.08,81.22,28.03,81.25,28.03,True,0.824
506,15,794.48,325.25,40.09,12.25,40.12,12.24,True,0.7793
506,17,606.5,381.57,26.48,17.9,26.5,17.89,True,0.8134
506,18,669.24,239.69,30.04,3.23,30.09,3.26,True,0.5564
506,19,1420.72,356.5,86.69,15.41,86.72,15.43,True,0.7824
506,36,1185.1,348.88,69.25,14.64,69.25,14.67,True,0.8143
506,38,618.39,965.54,31.46,66.05,31.52,66.04,True,0.6768
506,46,1165.97,542.03,66.89,32.91,66.9,32.91,True,0.839
506,54,1071.84,617.27,60.13,39.43,60.3,39.33,True,0.4373
506,69,1209.08,250.85,71.67,4.43,71.68,4.39,True,0.7314
506,70,835.75,994.98,44.91,68.06,44.96,68.05,False,0.6912
506,74,1072.28,614.25,60.17,39.17,60.13,39.19,True,0.3842
506,76,1602.6,353.98,100.23,15.16,100.27,15.18,True,0.6803
506,81,1658.24,368.21,104.12,16.58,104.18,16.57,True,0.7706
506,88,1834.93,454.68,115.36,24.93,115.38,24.94,False,0.8071
506,89,1813.6,427.87,114.36,22.39,114.38,22.4,False,0.7741
506,91,1851.86,624.99,113.2,40.08,113.26,40.08,False,0.8568
506,93,1904.22,454.41,120.34,24.91,120.33,24.94,False,0.8049
506,99,1866.82,912.18,109.19,62.31,109.26,62.29,False,0.6537
507,2,1638.3,684.63,97.83,45.02,97.87,45.01,True,0.8033
507,4,1587.38,396.9,98.44,19.4,98.44,19.4,True,0.7746
507,5,1287.1,474.69,75.85,26.8,75.86,26.83,True,0.8094
507,7,1519.14,318.8,94.53,11.58,94.55,11.58,True,0.7735
507,10,835.64,412.03,43.44,20.87,43.46,20.88,True,0.8309
507,12,1043.4,640.85,58.15,41.41,58.13,41.42,True,0.8196
507,14,1363.9,488.49,81.2,28.07,81.21,28.07,True,0.8297
507,15,795.12,325.36,40.13,12.26,40.16,12.24,True,0.7918
507,17,606.0,381.3,26.45,17.87,26.47,17.89,True,0.8121
507,18,669.51,240.0,30.06,3.26,32.28,3.17,True,0.4351
507,19,1421.62,356.34,86.76,15.39,86.76,15.42,True,0.7818
507,36,1185.39,348.71,69.27,14.63,69.28,14.66,True,0.7815
507,38,619.36,965.44,31.52,66.04,31.53,66.04,True,0.6942
507,46,1171.88,542.76,67.3,32.97,67.29,32.99,True,0.8208
507,69,1209.18,251.16,71.67,4.47,71.68,4.41,True,0.7353
507,70,836.7,995.12,44.97,68.07,44.98,68.05,False,0.6492
507,76,1603.7,352.42,100.34,15.0,100.32,15.17,True,0.6904
507,81,1659.2,368.12,104.19,16.57,104.21,16.57,True,0.7794
507,88,1835.72,454.79,115.41,24.94,115.43,24.94,False,0.806
507,89,1813.92,428.01,114.38,22.41,114.4,22.39,False,0.7728
507,91,1852.7,624.97,113.26,40.08,113.28,40.09,False,0.8537
507,93,1904.7,455.31,120.35,24.99,120.36,24.96,False,0.8089
507,99,1871.6,912.44,109.49,62.33,109.47,62.33,False,0.7857
508,2,1641.4,685.07,98.03,45.05,98.06,45.06,True,0.828
508,4,1587.8,396.6,98.47,19.37,98.49,19.39,True,0.7782
508,5,1287.88,474.58,75.9,26.79,75.94,26.77,True,0.8105
508,7,1519.9,318.92,94.59,11.6,94.62,11.57,True,0.7712
508,10,835.92,412.23,43.46,20.89,43.5,20.88,True,0.8275
508,12,1044.89,640.98,58.25,41.42,58.28,41.42,True,0.8063
508,14,1363.56,488.71,81.17,28.09,81.21,28.12,True,0.8256
508,15,796.26,325.37,40.22,12.26,40.23,12.23,True,0.7895
508,17,605.86,381.39,26.44,17.88,26.47,17.89,True,0.8146
508,18,669.71,240.26,30.08,3.29,34.58,3.1,True,0.3668
508,19,1422.31,356.5,86.81,15.41,86.84,15.42,True,0.7713
508,36,1185.74,349.19,69.29,14.68,69.34,14.65,True,0.7711
508,38,620.08,965.43,31.56,66.04,31.61,66.05,True,0.6916
508,46,1176.96,544.12,67.65,33.09,67.71,33.07,True,0.8202
508,69,1209.48,250.77,71.7,4.43,71.72,4.39,True,0.7373
508,70,837.86,994.99,45.04,68.06,45.01,68.06,False,0.613
508,76,1604.6,353.62,100.39,15.12,100.39,15.19,True,0.6801
508,81,1660.26,368.05,104.27,16.56,104.28,16.56,True,0.7714
508,88,1836.69,454.64,115.48,24.93,115.51,24.94,False,0.8064
508,89,1814.05,428.0,114.39,22.41,114.46,22.38,False,0.7709
508,91,1853.74,624.99,113.33,40.08,113.33,40.1,False,0.8538
508,93,1905.18,455.66,120.38,25.02,120.4,25.0,False,0.8155
508,99,1875.56,912.95,109.73,62.37,109.7,62.34,False,0.7344
508,100,674.62,240.5,30.46,3.31,30.5,3.29,True,0.4218
509,2,1644.56,685.51,98.24,45.09,98.28,45.14,True,0.8432
509,4,1588.4,396.56,98.52,19.37,98.58,19.38,True,0.7845
509,5,1288.96,474.21,75.98,26.75,76.05,26.74,True,0.806
509,7,1521.06,318.62,94.68,11.57,94.74,11.58,True,0.7713
509,10,836.56,412.08,43.51,20.88,43.58,20.89,True,0.8287
509,12,1047.22,640.99,58.41,41.42,58.46,41.41,True,0.8052
509,14,1363.8,489.49,81.18,28.16,81.25,28.18,True,0.8345
509,15,797.37,324.91,40.3,12.21,40.33,12.21,True,0.7822
509,17,606.1,381.58,26.45,17.9,26.5,17.89,True,0.8128
509,19,1423.47,356.85,86.89,15.45,86.95,15.44,True,0.7858
509,36,1186.67,348.99,69.37,14.66,69.42,14.65,True,0.7736
509,38,620.9,965.51,31.62,66.05,31.74,66.03,True,0.6695
509,46,1183.4,544.7,68.09,33.14,68.2,33.13,True,0.8193
509,69,1209.74,250.03,71.72,4.35,71.79,4.37,True,0.7372
509,70,838.62,994.54,45.08,68.03,45.07,68.06,False,0.5437
509,76,1605.58,355.4,100.43,15.3,100.5,15.25,True,0.6639
509,81,1661.14,367.93,104.34,16.55,104.4,16.54,True,0.7732
509,88,1837.78,454.74,115.56,24.94,115.62,24.94,False,0.8074
509,89,1815.5,427.43,114.51,22.35,114.56,22.38,False,0.7638
509,91,1854.56,625.46,113.38,40.12,113.43,40.13,False,0.8559
509,93,1905.7,455.84,120.41,25.04,120.45,25.01,False,0.8066
509,99,1878.62,913.06,109.92,62.37,109.92,62.36,False,0.7431
509,100,675.14,240.29,30.5,3.29,30.54,3.26,True,0.5471
510,2,1649.08,686.21,98.53,45.14,98.5,45.28,True,0.8267
510,4,1590.18,396.7,98.65,19.38,98.71,19.38,True,0.8049
510,5,1291.58,473.43,76.18,26.68,76.2,26.7,True,0.7937
510,7,1523.14,318.51,94.84,11.55,94.88,11.6,True,0.7677
510,10,838.6,411.88,43.66,20.86,43.69,20.9,True,0.8327
510,12,1050.6,640.89,58.64,41.41,58.66,41.4,True,0.7957
510,14,1365.22,490.4,81.28,28.25,81.33,28.24,True,0.841
510,15,799.08,324.52,40.43,12.17,40.46,12.18,True,0.784
510,17,607.33,381.49,26.54,17.89,26.58,17.89,True,0.8198
510,19,1425.64,356.89,87.05,15.45,87.1,15.46,True,0.7709
510,36,1188.53,348.86,69.5,14.64,69.55,14.65,True,0.8105
510,38,625.56,965.67,31.9,66.06,31.89,66.02,True,0.6016
510,46,1191.26,545.6,68.64,33.22,68.76,33.19,True,0.8121
510,69,1210.96,249.42,71.82,4.28,71.9,4.34,True,0.7287
510,70,838.1,995.11,45.05,68.07,45.13,68.06,False,0.5797
510,76,1607.7,355.87,100.58,15.35,100.64,15.33,True,0.593
510,81,1662.98,367.76,104.48,16.53,104.56,16.52,True,0.7724
510,88,1840.28,454.78,115.74,24.94,115.76,24.95,False,0.7967
510,89,1817.28,427.44,114.64,22.35,114.68,22.41,False,0.7634
510,91,1856.42,625.95,113.5,40.16,113.54,40.19,False,0.8565
510,93,1906.93,455.89,120.5,25.05,120.52,25.0,False,0.8072
510,99,1882.34,912.4,110.16,62.33,110.13,62.38,False,0.7244
510,100,675.87,240.08,30.55,3.27,30.59,3.24,True,0.6499
510,101,1242.7,967.89,69.9,66.21,69.73,66.23,True,0.696
511,2,1653.18,689.37,98.76,45.4,98.73,45.45,True,0.8189
511,4,1592.7,396.63,98.83,19.38,98.89,19.4,True,0.7973
511,5,1294.13,473.38,76.36,26.68,76.39,26.65,True,0.7981
511,7,1525.96,318.93,95.04,11.6,95.06,11.61,True,0.7724
511,10,840.66,412.62,43.81,20.93,43.86,20.91,True,0.8364
511,12,1054.04,640.8,58.87,41.41,58.92,41.37,True,0.7896
511,14,1366.99,491.14,81.4,28.32,81.46,28.3,True,0.8263
511,15,801.12,324.39,40.58,12.16,40.62,12.16,True,0.7959
511,17,608.66,381.53,26.64,17.9,26.7,17.89,True,0.825
511,19,1428.32,357.16,87.25,15.48,87.29,15.49,True,0.7728
511,36,1191.06,348.8,69.69,14.64,69.74,14.64,True,0.8208
511,38,628.92,964.58,32.1,65.98,32.07,65.99,True,0.7378
511,46,1201.39,545.69,69.34,33.23,69.39,33.24,True,0.7827
511,54,1081.92,615.77,60.82,39.3,60.36,39.35,True,0.3951
511,69,1213.66,249.77,72.03,4.32,72.06,4.33,True,0.7102
511,70,840.62,995.3,45.21,68.09,45.2,68.04,False,0.5159
511,76,1610.63,357.23,100.78,15.48,100.83,15.38,True,0.7083
511,81,1666.37,367.39,104.73,16.5,104.75,16.49,True,0.7614
511,88,1842.9,454.96,115.92,24.96,115.93,24.98,False,0.7805
511,89,1820.54,427.94,114.87,22.4,114.85,22.42,False,0.7378
511,91,1859.12,626.81,113.66,40.23,113.7,40.26,False,0.8558
511,93,1908.0,455.05,120.6,24.97,120.61,24.98,False,0.807
511,99,1885.16,913.46,110.32,62.4,110.31,62.4,False,0.6639
511,100,677.24,239.19,30.65,3.17,30.73,3.21,True,0.7049
511,101,1240.24,969.88,69.74,66.35,69.6,66.21,True,0.7379
512,2,1656.75,693.1,98.95,45.7,98.99,45.65,True,0.8239
512,4,1596.36,396.77,99.1,19.39,99.11,19.43,True,0.7917
512,5,1297.16,472.52,76.58,26.6,76.64,26.59,True,0.8105
512,7,1528.72,319.63,95.24,11.67,95.3,11.63,True,0.783
512,10,843.76,412.69,44.03,20.94,44.08,20.94,True,0.8262
512,12,1058.19,640.13,59.15,41.35,59.22,41.34,True,0.7829
512,14,1370.0,491.74,81.6,28.37,81.65,28.36,True,0.8249
512,15,803.86,323.91,40.78,12.11,40.84,12.14,True,0.7888
512,17,611.1,381.52,26.82,17.9,26.86,17.87,True,0.8261
512,19,1431.57,357.65,87.48,15.53,87.52,15.54,True,0.7823
512,36,1194.01,348.61,69.91,14.62,69.97,14.64,True,0.8127
512,38,631.67,964.14,32.27,65.95,32.27,65.96,True,0.7801
512,46,1212.14,546.32,70.09,33.29,70.05,33.3,True,0.7732
512,69,1216.49,249.84,72.24,4.33,72.27,4.32,True,0.724
512,70,841.34,994.51,45.25,68.03,45.36,68.04,False,0.5743
512,76,1613.92,356.37,101.03,15.4,101.1,15.41,True,0.7185
512,81,1669.34,366.79,104.96,16.44,105.0,16.49,True,0.7761
512,88,1845.32,455.27,116.09,24.99,116.17,25.02,False,0.776
512,89,1822.93,429.23,115.01,22.52,115.05,22.45,False,0.775
512,91,1862.16,628.48,113.84,40.38,113.92,40.31,False,0.8254
512,93,1909.18,454.69,120.69,24.93,120.73,24.96,False,0.7814
512,99,1888.2,913.76,110.5,62.42,110.48,62.44,False,0.7418
512,100,679.2,239.18,30.8,3.17,30.92,3.2,True,0.7083
512,101,1236.9,966.62,69.55,66.12,69.5,66.21,True,0.776
513,2,1660.93,695.72,99.19,45.91,99.25,45.89,True,0.8323
513,4,1600.0,397.62,99.35,19.47,99.38,19.45,True,0.7908
513,5,1300.9,471.76,76.86,26.53,76.91,26.54,True,0.8001
513,7,1532.22,319.48,95.5,11.65,95.57,11.68,True,0.793
513,10,847.2,412.67,44.28,20.93,44.34,20.99,True,0.8291
513,12,1063.38,639.07,59.51,41.26,59.56,41.3,True,0.7832
513,14,1373.38,492.26,81.84,28.42,81.88,28.4,True,0.8395
513,15,807.18,324.24,41.03,12.14,41.11,12.1,True,0.7991
513,17,613.94,381.03,27.03,17.85,27.08,17.85,True,0.8175
513,19,1435.3,357.9,87.76,15.55,87.78,15.62,True,0.7688
513,36,1198.2,349.05,70.22,14.66,70.25,14.65,True,0.8139
513,38,634.45,963.69,32.44,65.92,32.47,65.92,True,0.7785
513,46,1221.89,546.76,70.77,33.33,70.75,33.36,True,0.808
513,69,1219.88,250.1,72.5,4.35,72.54,4.34,True,0.6975
513,70,843.88,993.96,45.4,67.99,45.6,68.01,True,0.5981
513,76,1618.18,356.14,101.35,15.37,101.42,15.42,True,0.7316
513,81,1672.95,366.93,105.23,16.45,105.29,16.49,False,0.7788
513,88,1849.22,456.14,116.35,25.07,116.45,25.07,False,0.773
513,89,1825.4,428.88,115.2,22.49,115.3,22.5,False,0.7406
513,91,1866.57,628.6,114.14,40.39,114.17,40.37,False,0.8288
513,93,1911.44,454.25,120.86,24.89,120.79,24.94,False,0.7277
513,99,1890.68,914.7,110.64,62.49,110.63,62.48,False,0.64
513,100,683.47,239.04,31.13,3.16,31.17,3.2,True,0.6702
513,101,1231.8,967.2,69.23,66.16,69.33,66.21,True,0.7839
514,2,1666.23,698.03,99.51,46.1,99.56,46.15,True,0.824
514,4,1603.88,398.14,99.63,19.52,99.68,19.48,True,0.7945
514,5,1305.66,471.16,77.2,26.47,77.24,26.47,True,0.8199
514,7,1537.56,319.95,95.9,11.7,95.88,11.71,True,0.5517
514,10,851.5,413.6,44.6,21.02,44.65,21.02,True,0.8265
514,12,1069.42,638.95,59.92,41.25,59.96,41.28,True,0.7758
514,14,1377.24,492.41,82.11,28.43,82.15,28.44,True,0.8538
514,15,811.64,323.9,41.37,12.11,41.41,12.08,True,0.7844
514,17,617.6,380.64,27.29,17.81,27.34,17.81,True,0.8215
514,19,1439.43,359.48,88.05,15.71,88.09,15.69,True,0.727
514,36,1202.36,349.05,70.53,14.66,70.59,14.67,True,0.8143
514,38,637.82,963.37,32.65,65.9,32.68,65.9,True,0.7308
514,46,1231.34,547.77,71.42,33.41,71.46,33.46,True,0.7879
514,69,1223.47,249.91,72.78,4.33,72.85,4.34,True,0.6944
514,70,851.97,994.0,45.9,68.0,45.87,68.01,True,0.6429
514,76,1623.72,356.69,101.76,15.43,101.78,15.38,True,0.7051
514,81,1677.9,367.52,105.58,16.51,105.62,16.5,False,0.7599
514,88,1854.66,456.87,116.73,25.14,116.78,25.12,False,0.7926
514,89,1830.12,428.75,115.54,22.48,115.6,22.56,False,0.7566
514,91,1871.22,628.76,114.45,40.4,114.46,40.45,False,0.8427
514,93,1913.86,455.03,121.02,24.97,120.86,24.93,False,0.6389
514,99,1892.9,915.44,110.77,62.54,110.78,62.51,False,0.6646
514,100,687.7,239.92,31.47,3.25,31.47,3.18,True,0.6772
514,101,1229.7,967.81,69.1,66.21,69.19,66.2,True,0.7959
515,2,1672.14,701.05,99.86,46.34,99.91,46.38,True,0.828
515,4,1608.89,397.9,100.0,19.5,100.02,19.5,True,0.7664
515,5,1310.72,470.43,77.57,26.4,77.59,26.42,True,0.8003
515,7,1541.38,320.54,96.18,11.76,96.24,11.73,True,0.7712
515,10,856.58,414.6,44.97,21.12,45.0,21.03,True,0.8268
515,12,1076.18,638.67,60.37,41.23,60.38,41.28,True,0.7884
515,14,1381.74,492.6,82.43,28.45,82.48,28.5,True,0.8378
515,15,817.18,322.78,41.78,11.99,41.76,12.06,True,0.617
515,17,621.84,380.33,27.6,17.78,27.63,17.77,True,0.8154
515,19,1444.04,360.61,88.37,15.82,88.44,15.76,True,0.7468
515,36,1207.59,349.36,70.92,14.69,70.97,14.7,True,0.8224
515,38,641.69,963.0,32.88,65.87,32.95,65.87,True,0.7223
515,46,1241.51,549.38,72.12,33.56,72.17,33.57,True,0.8209
515,69,1228.24,250.38,73.15,4.38,73.21,4.35,True,0.7024
515,70,857.4,993.29,46.23,67.95,46.2,68.03,True,0.6157
515,76,1629.12,356.68,102.16,15.43,102.18,15.36,True,0.6996
515,81,1683.18,367.8,105.97,16.54,105.98,16.53,False,0.7562
515,88,1860.86,457.42,117.16,25.19,117.16,25.18,False,0.7764
515,89,1835.38,429.91,115.9,22.59,115.96,22.61,False,0.7736
515,91,1875.88,629.39,114.75,40.45,114.8,40.51,False,0.8468
515,99,1895.1,915.51,110.91,62.55,110.93,62.57,False,0.7351
515,100,691.81,239.75,31.78,3.23,31.84,3.18,True,0.6823
515,101,1228.56,967.87,69.03,66.21,69.09,66.23,True,0.8047
516,2,1679.27,705.18,100.27,46.68,100.3,46.61,True,0.8138
516,4,1613.61,398.01,100.34,19.51,100.39,19.51,True,0.8076
516,5,1316.26,469.91,77.97,26.36,77.97,26.38,True,0.7938
516,7,1546.76,320.39,96.58,11.75,96.63,11.75,True,0.7542
516,10,862.34,414.13,45.39,21.07,45.39,21.05,True,0.8152
516,12,1082.99,639.42,60.83,41.29,60.83,41.31,True,0.7973
516,14,1387.0,493.7,82.79,28.55,82.83,28.54,True,0.8192
516,15,821.62,323.14,42.11,12.03,42.14,12.05,True,0.7883
516,17,626.55,379.75,27.94,17.72,27.95,17.72,True,0.8065
516,19,1449.41,360.97,88.77,15.86,88.81,15.85,True,0.7478
516,36,1213.47,349.77,71.35,14.73,71.37,14.73,True,0.8166
516,38,646.26,962.76,33.16,65.86,33.25,65.83,True,0.709
516,46,1252.57,550.95,72.88,33.7,72.9,33.7,True,0.8026
516,69,1233.68,249.92,73.57,4.33,73.6,4.35,True,0.7133
516,70,863.24,995.22,46.59,68.08,46.55,68.05,False,0.7625
516,76,1634.46,355.33,102.58,15.29,102.63,15.35,True,0.7327
516,81,1688.38,368.1,106.35,16.57,106.38,16.56,False,0.7689
516,88,1866.58,457.68,117.57,25.21,117.58,25.24,False,0.7468
516,89,1842.22,431.48,116.36,22.74,116.35,22.68,False,0.7385
516,91,1881.92,631.24,115.13,40.61,115.17,40.57,False,0.8401
516,99,1897.55,915.68,111.06,62.56,111.08,62.63,False,0.7397
516,100,696.9,238.62,32.17,3.11,32.24,3.18,True,0.6649
516,101,1228.84,969.0,69.04,66.29,69.08,66.27,True,0.7997
517,2,1686.31,707.79,100.7,46.88,100.74,46.82,True,0.8182
517,4,1619.5,397.66,100.78,19.48,100.81,19.51,True,0.793
517,5,1321.68,469.71,78.36,26.34,78.38,26.36,True,0.8163
517,7,1552.87,320.93,97.03,11.8,97.04,11.76,True,0.7604
517,10,867.72,413.53,45.78,21.02,45.82,21.06,True,0.8078
517,12,1089.6,640.27,61.28,41.36,61.3,41.34,True,0.8177
517,14,1393.06,494.54,83.21,28.63,83.22,28.59,True,0.8041
517,15,826.68,323.23,42.49,12.04,42.56,12.02,True,0.7877
517,17,631.0,379.46,28.27,17.69,28.32,17.68,True,0.8197
517,19,1455.7,361.07,89.23,15.87,89.23,15.89,True,0.7249
517,36,1219.71,350.17,71.82,14.77,71.82,14.76,True,0.7919
517,38,653.49,961.81,33.6,65.79,33.6,65.79,True,0.6369
517,46,1263.6,552.63,73.64,33.84,73.65,33.84,True,0.8036
517,69,1239.99,250.25,74.05,4.37,74.04,4.36,True,0.7129
517,70,867.61,995.78,46.86,68.12,46.87,68.07,False,0.7388
517,76,1641.14,355.17,103.07,15.28,103.09,15.36,True,0.7174
517,81,1694.12,368.15,106.77,16.57,106.82,16.59,False,0.7827
517,88,1872.6,458.56,117.98,25.3,118.05,25.3,False,0.7899
517,89,1848.08,431.43,116.79,22.73,116.79,22.77,False,0.7669
517,91,1888.36,632.11,115.55,40.68,115.53,40.66,False,0.8125
517,92,933.99,1013.95,50.92,69.34,51.37,69.44,False,0.5273
517,99,1901.57,918.07,111.27,62.73,111.27,62.64,False,0.7206
517,100,702.86,239.04,32.63,3.16,32.67,3.16,True,0.6985
517,101,1229.36,969.12,69.07,66.3,69.17,66.3,True,0.7989
518,2,1693.32,709.66,101.14,47.03,101.24,47.0,True,0.8229
518,4,1625.63,398.13,101.22,19.52,101.27,19.53,True,0.7814
518,5,1327.3,469.83,78.76,26.35,78.83,26.35,True,0.8086
518,7,1558.59,320.29,97.47,11.74,97.52,11.77,True,0.6571
518,10,873.8,413.51,46.22,21.01,46.29,21.06,True,0.8262
518,12,1096.48,640.76,61.74,41.4,61.78,41.38,True,0.8055
518,14,1398.58,494.71,83.6,28.64,83.65,28.64,True,0.8158
518,15,833.0,323.43,42.97,12.06,43.0,12.01,True,0.7822
518,17,636.34,378.71,28.66,17.62,28.73,17.65,True,0.8159
518,19,1461.16,362.09,89.62,15.97,89.7,15.93,True,0.6843
518,36,1225.5,350.47,72.24,14.8,72.31,14.8,True,0.7854
518,38,659.56,960.98,33.97,65.73,33.95,65.75,True,0.6438
518,46,1274.95,554.28,74.42,33.99,74.44,33.95,True,0.7991
518,69,1245.04,250.05,74.44,4.35,74.53,4.36,True,0.6162
518,70,872.67,995.52,47.17,68.1,47.22,68.06,False,0.7337
518,76,1647.99,355.55,103.58,15.31,103.58,15.38,True,0.7149
518,81,1700.62,368.72,107.24,16.63,107.28,16.62,False,0.7467
518,88,1879.9,459.47,118.48,25.38,118.54,25.39,False,0.7575
518,89,1853.67,432.9,117.16,22.87,117.28,22.87,False,0.7472
518,91,1894.69,632.62,115.97,40.72,115.88,40.78,False,0.8227
518,92,942.64,1013.83,51.45,69.34,51.97,69.42,False,0.5996
518,99,1903.73,918.33,111.4,62.75,111.49,62.63,False,0.6886
518,100,709.59,239.06,33.15,3.16,33.16,3.13,True,0.6863
518,101,1231.2,969.94,69.18,66.35,69.33,66.34,True,0.8138
519,2,1702.38,711.28,101.72,47.16,101.78,47.16,True,0.7897
519,4,1632.58,398.31,101.72,19.54,101.77,19.58,True,0.7199
519,5,1334.34,469.87,79.26,26.35,79.31,26.35,True,0.7788
519,7,1565.0,320.45,97.95,11.75,98.02,11.78,True,0.7374
519,10,880.8,414.09,46.73,21.07,46.79,21.08,True,0.8145
519,12,1104.05,640.86,62.26,41.41,62.27,41.42,True,0.8048
519,14,1405.28,495.01,84.07,28.67,84.12,28.7,True,0.8178
519,15,839.49,322.54,43.45,11.97,43.48,11.99,True,0.7049
519,17,642.92,378.66,29.14,17.61,29.17,17.64,True,0.8082
519,19,1468.15,361.85,90.15,15.95,90.22,15.99,True,0.6965
519,36,1232.8,350.63,72.79,14.82,72.83,14.83,True,0.8074
519,38,666.04,960.35,34.37,65.69,34.35,65.72,True,0.408
519,46,1286.39,555.44,75.2,34.09,75.25,34.07,True,0.7938
519,69,1251.99,250.05,74.98,4.35,75.04,4.4,True,0.6816
519,70,877.73,995.41,47.48,68.09,47.57,68.0,False,0.5561
519,76,1654.59,357.18,104.04,15.48,104.11,15.44,True,0.6828
519,81,1707.54,368.84,107.75,16.64,107.79,16.67,False,0.7583
519,88,1888.12,460.07,119.06,25.44,119.07,25.5,False,0.7496
519,89,1861.78,433.65,117.73,22.94,117.78,22.96,False,0.7401
519,91,1899.32,633.79,116.26,40.82,116.2,40.9,False,0.818
519,99,1908.41,916.44,111.72,62.61,111.6,62.65,False,0.6058
519,100,715.86,238.72,33.63,3.12,33.7,3.14,True,0.6902
519,101,1236.78,969.76,69.53,66.34,69.52,66.37,True,0.8161
520,2,1712.42,712.61,102.36,47.27,102.36,47.29,True,0.8188
520,4,1640.38,399.09,102.28,19.62,102.3,19.64,True,0.7978
520,5,1342.12,469.74,79.82,26.34,79.82,26.37,True,0.8145
520,7,1573.18,320.79,98.56,11.79,98.56,11.8,True,0.7172
520,10,889.17,414.62,47.34,21.12,47.32,21.12,True,0.819
520,12,1111.8,641.19,62.78,41.44,62.78,41.44,True,0.8241
520,14,1412.64,495.5,84.59,28.71,84.6,28.76,True,0.8168
520,15,846.67,322.24,43.99,11.94,44.0,11.97,True,0.7801
520,17,649.79,378.86,29.65,17.63,29.65,17.61,True,0.7885
520,19,1476.4,362.56,90.75,16.02,90.75,16.04,True,0.7319
520,36,1240.35,351.05,73.34,14.86,73.37,14.86,True,0.7862
520,38,670.35,960.27,34.63,65.68,34.78,65.69,True,0.6652
520,46,1299.14,556.16,76.08,34.15,76.09,34.17,True,0.7587
520,69,1260.06,250.67,75.59,4.41,75.58,4.42,True,0.6917
520,70,886.64,992.79,48.02,67.92,47.94,67.93,True,0.6644
520,76,1662.64,357.67,104.63,15.53,104.66,15.52,True,0.7196
520,81,1715.02,369.15,108.3,16.67,108.34,16.74,False,0.7685
520,88,1896.64,461.9,119.63,25.61,119.59,25.6,False,0.7478
520,89,1870.67,434.83,118.35,23.06,118.34,23.06,False,0.7647
520,91,1903.4,636.73,116.48,41.07,116.52,40.98,False,0.7788
520,99,1912.3,914.86,111.99,62.5,111.7,62.62,False,0.4757
520,100,723.68,238.74,34.24,3.12,34.26,3.13,True,0.6415
520,101,1241.49,970.99,69.81,66.42,69.75,66.4,True,0.8116
521,2,1722.15,715.14,102.97,47.47,102.97,47.43,True,0.8024
521,4,1648.46,400.29,102.85,19.73,102.87,19.71,True,0.784
521,5,1349.66,470.04,80.35,26.37,80.36,26.39,True,0.7938
521,7,1580.57,321.22,99.11,11.83,99.12,11.84,True,0.7459
521,10,896.26,415.24,47.86,21.18,47.89,21.15,True,0.8179
521,12,1119.38,641.77,63.29,41.49,63.3,41.46,True,0.8319
521,14,1420.22,497.0,85.11,28.85,85.11,28.83,True,0.8312
521,15,853.54,322.05,44.51,11.92,44.54,11.93,True,0.7823
521,17,656.5,378.82,30.14,17.63,30.16,17.59,True,0.8114
521,19,1484.45,363.56,91.33,16.12,91.34,16.08,True,0.7416
521,36,1248.43,351.64,73.94,14.92,73.96,14.88,True,0.7897
521,38,679.49,960.43,35.2,65.7,35.19,65.68,True,0.7016
521,46,1311.16,557.54,76.91,34.28,76.96,34.27,True,0.7922
521,69,1267.47,251.56,76.16,4.51,76.17,4.44,True,0.6726
521,70,891.58,990.95,48.32,67.79,48.37,67.86,True,0.5546
521,76,1671.08,358.28,105.24,15.59,105.22,15.62,False,0.7175
521,81,1723.76,370.8,108.91,16.84,108.91,16.8,False,0.7465
521,88,1905.38,463.52,120.22,25.76,120.05,25.7,False,0.745
521,89,1878.52,436.09,118.89,23.18,118.94,23.16,False,0.7586
521,91,1907.88,638.66,116.74,41.23,116.66,41.05,False,0.6813
521,100,731.4,239.07,34.84,3.16,34.83,3.1,True,0.6619
521,101,1244.88,971.0,70.02,66.43,69.98,66.42,True,0.8141
521,103,10.11,417.72,-16.57,21.42,-16.28,21.28,False,0.6942
522,2,1731.98,715.97,103.61,47.54,103.57,47.62,True,0.7892
522,4,1656.88,401.12,103.45,19.81,103.46,19.79,True,0.7607
522,5,1357.54,470.75,80.91,26.43,80.9,26.42,True,0.7977
522,7,1588.62,321.64,99.71,11.88,99.69,11.89,True,0.7089
522,10,904.38,415.48,48.45,21.2,48.47,21.19,True,0.8117
522,12,1127.4,641.5,63.84,41.47,63.81,41.48,True,0.7995
522,14,1427.7,497.79,85.63,28.92,85.63,28.91,True,0.8219
522,15,861.26,322.28,45.09,11.94,45.09,11.9,True,0.7554
522,17,663.72,378.13,30.67,17.56,30.66,17.57,True,0.7919
522,19,1492.5,363.87,91.92,16.15,91.92,16.13,True,0.7405
522,36,1256.69,351.43,74.56,14.9,74.54,14.9,True,0.8156
522,38,687.78,959.99,35.71,65.67,35.64,65.7,True,0.7597
522,46,1324.48,558.43,77.83,34.35,77.83,34.39,True,0.7436
522,69,1275.2,251.09,76.75,4.46,76.76,4.5,True,0.6729
522,70,898.31,990.64,48.73,67.77,48.82,67.8,True,0.6407
522,76,1678.88,359.46,105.8,15.71,105.82,15.69,False,0.6548
522,81,1731.64,371.46,109.48,16.9,109.5,16.89,False,0.7504
522,88,1910.17,464.01,120.55,25.81,120.3,25.77,False,0.6784
522,89,1888.05,436.68,119.57,23.23,119.53,23.28,False,0.7248
522,91,1913.22,636.92,117.14,41.08,116.79,41.13,False,0.4862
522,100,738.95,238.47,35.42,3.09,35.43,3.09,True,0.6592
522,101,1247.92,971.25,70.2,66.44,70.15,66.46,True,0.813
522,103,14.9,416.15,-16.26,21.27,-16.15,21.22,False,0.7521
523,2,1741.42,718.3,104.2,47.72,104.14,47.86,True,0.8135
523,4,1665.28,401.56,104.06,19.86,104.05,19.85,True,0.7975
523,5,1365.24,471.05,81.46,26.46,81.43,26.45,True,0.8015
523,7,1596.01,322.3,100.25,11.94,100.24,11.95,True,0.6945
523,10,912.54,415.34,49.05,21.19,49.05,21.22,True,0.8153
523,12,1134.64,641.68,64.33,41.48,64.32,41.5,True,0.827
523,14,1435.3,498.67,86.16,29.0,86.15,29.01,True,0.8116
523,15,868.89,321.49,45.66,11.86,45.64,11.88,True,0.7802
523,17,670.72,377.8,31.18,17.53,31.18,17.55,True,0.783
523,19,1500.71,364.08,92.53,16.17,92.51,16.18,True,0.7494
523,36,1264.68,351.42,75.15,14.9,75.13,14.92,True,0.7981
523,38,693.08,960.02,36.04,65.67,36.13,65.69,True,0.7269
523,46,1338.04,559.66,78.76,34.46,78.67,34.53,True,0.7669
523,69,1283.44,251.35,77.39,4.49,77.35,4.56,True,0.675
523,70,907.6,990.4,49.3,67.75,49.24,67.77,True,0.6693
523,76,1687.04,360.42,106.39,15.8,106.4,15.78,False,0.71
523,81,1740.14,372.14,110.1,16.97,110.09,16.99,False,0.7555
523,88,1913.94,465.01,120.8,25.9,120.52,25.82,False,0.4653
523,89,1896.53,438.32,120.14,23.39,120.07,23.4,False,0.7468
523,92,977.57,1015.34,53.57,69.44,52.9,69.44,False,0.6492
523,100,746.58,237.56,36.0,3.0,36.03,3.08,True,0.6357
523,101,1250.12,971.6,70.34,66.47,70.28,66.51,True,0.8184
523,103,18.61,414.8,-16.02,21.14,-15.98,21.18,False,0.7704
524,2,1750.58,722.87,104.73,48.09,104.69,48.11,True,0.7882
524,4,1673.4,402.36,104.64,19.94,104.65,19.9,True,0.7464
524,5,1372.44,471.6,81.97,26.51,81.97,26.48,True,0.7637
524,7,1603.54,322.84,100.81,12.0,100.78,12.02,True,0.7394
524,10,920.56,415.96,49.63,21.25,49.65,21.25,True,0.8067
524,12,1141.9,642.12,64.82,41.52,64.81,41.52,True,0.8359
524,14,1442.48,499.4,86.66,29.07,86.65,29.09,True,0.8309
524,15,875.9,321.46,46.18,11.86,46.19,11.85,True,0.7874
524,17,677.54,377.41,31.68,17.49,31.69,17.52,True,0.792
524,19,1508.28,364.18,93.09,16.18,93.08,16.23,True,0.7203
524,36,1272.51,351.71,75.73,14.93,75.71,14.93,True,0.7714
524,38,702.44,961.34,36.62,65.76,36.58,65.69,True,0.6961
524,46,1349.8,562.61,79.55,34.72,79.5,34.67,True,0.7774
524,69,1290.43,252.79,77.91,4.64,77.93,4.62,True,0.6772
524,70,915.07,990.34,49.75,67.75,49.65,67.73,True,0.6788
524,76,1695.68,360.71,107.02,15.83,106.97,15.89,False,0.7137
524,81,1748.74,373.33,110.71,17.09,110.66,17.06,False,0.7242
524,89,1904.69,439.92,120.7,23.54,120.55,23.5,False,0.7695
524,100,754.83,238.14,36.64,3.06,36.63,3.05,True,0.6437
524,101,1250.98,972.59,70.39,66.53,70.37,66.56,True,0.8258
524,103,22.74,413.73,-15.74,21.04,-15.64,21.09,False,0.7749
525,2,1758.82,727.9,105.2,48.49,105.2,48.4,False,0.8043
525,4,1681.94,402.1,105.27,19.91,105.23,19.96,False,0.7751
525,5,1379.54,471.31,82.48,26.49,82.48,26.49,True,0.7883
525,7,1610.87,323.79,101.34,12.1,101.29,12.1,True,0.7173
525,10,928.94,416.44,50.24,21.3,50.25,21.29,True,0.8106
525,12,1149.36,642.59,65.32,41.56,65.29,41.55,True,0.8149
525,14,1449.84,500.83,87.17,29.2,87.15,29.17,True,0.8142
525,15,883.67,320.88,46.77,11.8,46.72,11.82,True,0.7856
525,17,684.64,377.75,32.21,17.52,32.18,17.51,True,0.8055
525,19,1516.22,365.34,93.66,16.29,93.63,16.29,True,0.7161
525,36,1279.85,351.72,76.28,14.93,76.28,14.97,True,0.8143
525,38,709.94,959.81,37.07,65.65,36.94,65.68,True,0.6495
525,46,1360.68,563.98,80.3,34.84,80.29,34.84,True,0.7959
525,69,1298.76,253.42,78.55,4.71,78.49,4.7,True,0.631
525,70,920.48,990.59,50.08,67.77,50.07,67.68,True,0.7361
525,76,1703.18,362.23,107.55,15.98,107.52,15.97,False,0.6583
525,81,1756.04,374.02,111.23,17.16,111.23,17.13,False,0.7572
525,89,1909.98,441.08,121.05,23.65,120.8,23.57,False,0.7537
525,92,985.07,1015.26,54.02,69.43,53.96,69.5,False,0.66
525,100,762.43,238.21,37.23,3.07,37.2,3.02,True,0.6797
525,101,1252.2,974.35,70.45,66.66,70.44,66.6,True,0.8336
525,103,28.86,413.8,-15.3,21.04,-15.3,21.0,False,0.7799
526,2,1767.13,731.01,105.69,48.73,105.69,48.7,False,0.8189
526,4,1689.76,402.88,105.83,19.99,105.79,20.02,False,0.783
526,5,1386.98,471.55,83.01,26.51,82.98,26.47,True,0.7654
526,7,1616.95,324.78,101.78,12.2,101.79,12.18,True,0.7473
526,10,937.8,416.77,50.89,21.33,50.84,21.32,True,0.8129
526,12,1155.8,642.92,65.75,41.58,65.76,41.58,True,0.806
526,14,1456.74,501.61,87.65,29.27,87.64,29.24,True,0.8158
526,15,890.34,320.84,47.27,11.79,47.23,11.8,True,0.7429
526,17,691.29,377.74,32.7,17.52,32.66,17.5,True,0.7917
526,19,1523.72,366.19,94.2,16.38,94.17,16.35,True,0.7631
526,36,1287.47,352.48,76.84,15.01,76.82,15.02,True,0.7956
526,38,716.03,960.6,37.45,65.71,37.32,65.66,True,0.7018
526,46,1372.1,565.63,81.07,34.99,81.01,35.02,True,0.7991
526,69,1305.18,254.07,79.03,4.78,79.03,4.74,True,0.6992
526,70,925.57,988.44,50.39,67.62,50.46,67.62,True,0.4897
526,76,1710.76,363.52,108.09,16.11,108.06,16.06,False,0.7103
526,81,1763.54,374.13,111.78,17.17,111.76,17.19,False,0.7361
526,89,1913.71,441.75,121.31,23.71,121.02,23.63,False,0.6446
526,100,770.34,238.0,37.84,3.04,37.76,3.01,True,0.3984
526,101,1252.53,974.78,70.47,66.68,70.48,66.65,True,0.8368
526,103,34.66,412.69,-14.9,20.94,-14.91,20.94,False,0.7849
527,2,1775.06,733.78,106.17,48.95,106.17,48.98,False,0.8039
527,4,1697.0,404.16,106.33,20.11,106.34,20.07,False,0.7556
527,5,1393.57,471.27,83.48,26.48,83.47,26.43,True,0.7844
527,7,1623.73,325.38,102.28,12.26,102.26,12.24,True,0.7611
527,10,945.36,417.36,51.44,21.39,51.43,21.36,True,0.8069
527,12,1162.84,643.08,66.23,41.6,66.2,41.59,True,0.8274
527,14,1463.58,502.01,88.13,29.31,88.1,29.31,True,0.8263
527,15,896.32,320.58,47.72,11.77,47.72,11.79,True,0.7838
527,17,697.29,377.41,33.14,17.49,33.12,17.49,True,0.7868
527,19,1530.47,366.93,94.69,16.45,94.67,16.4,True,0.7409
527,36,1294.89,353.12,77.38,15.07,77.34,15.08,True,0.7902
527,38,717.24,959.13,37.52,65.61,37.66,65.62,True,0.645
527,46,1382.14,568.05,81.75,35.2,81.71,35.16,True,0.8416
527,69,1312.18,254.84,79.56,4.86,79.56,4.75,True,0.6902
527,70,932.84,986.98,50.84,67.52,51.1,67.54,True,0.5651
527,76,1717.3,363.61,108.57,16.12,108.57,16.17,False,0.708
527,81,1770.95,374.87,112.32,17.24,112.27,17.26,False,0.7405
527,92,993.72,1018.71,54.55,69.66,54.96,69.59,False,0.4156
527,100,776.14,237.03,38.28,2.94,38.27,2.98,True,0.6974
527,101,1253.76,974.59,70.55,66.67,70.51,66.68,True,0.8369
527,103,40.08,411.87,-14.52,20.86,-14.52,20.87,False,0.7844
528,2,1783.45,737.43,106.67,49.24,106.65,49.23,False,0.8062
528,4,1704.68,404.37,106.89,20.13,106.86,20.15,False,0.7334
528,5,1400.14,470.21,83.96,26.38,83.93,26.39,True,0.7885
528,7,1629.88,326.2,102.73,12.34,102.7,12.3,True,0.7594
528,10,953.0,416.93,51.99,21.34,52.03,21.38,True,0.8131
528,12,1169.19,643.31,66.66,41.62,66.61,41.61,True,0.8088
528,14,1469.82,502.33,88.57,29.34,88.55,29.37,True,0.8088
528,15,902.92,320.73,48.21,11.78,48.18,11.79,True,0.7862
528,17,703.04,377.16,33.56,17.47,33.55,17.46,True,0.7993
528,19,1537.24,366.88,95.19,16.45,95.16,16.44,True,0.7078
528,36,1301.51,353.8,77.87,15.14,77.83,15.16,True,0.8113
528,38,724.44,958.59,37.96,65.57,37.94,65.6,True,0.7194
528,46,1391.69,569.61,82.39,35.33,82.38,35.29,True,0.8157
528,69,1319.05,253.4,80.11,4.71,80.06,4.76,True,0.6702
528,70,939.56,985.84,51.25,67.44,51.7,67.48,True,0.5864
528,76,1724.48,364.97,109.08,16.26,109.05,16.25,False,0.7114
528,81,1777.45,375.56,112.78,17.31,112.75,17.32,False,0.7324
528,100,782.88,237.02,38.8,2.94,38.75,2.95,True,0.6694
528,101,1253.94,975.11,70.55,66.71,70.53,66.71,True,0.836
528,103,45.99,411.51,-14.1,20.82,-14.14,20.78,False,0.779
529,2,1791.2,740.6,107.12,49.49,107.12,49.45,False,0.8198
529,4,1711.44,405.09,107.37,20.2,107.34,20.23,False,0.7972
529,5,1406.26,469.0,84.41,26.27,84.37,26.35,True,0.8029
529,7,1635.52,326.02,103.15,12.32,103.14,12.34,True,0.7871
529,10,961.34,417.77,52.6,21.42,52.61,21.41,True,0.8214
529,12,1174.56,643.23,67.02,41.61,67.01,41.61,True,0.8048
529,14,1476.01,503.44,88.99,29.44,88.97,29.42,True,0.8331
529,15,908.48,321.1,48.63,11.82,48.61,11.78,True,0.7804
529,17,708.64,376.76,33.97,17.43,33.96,17.44,True,0.8068
529,19,1543.14,366.87,95.63,16.45,95.62,16.47,True,0.7572
529,36,1307.94,354.86,78.34,15.25,78.28,15.23,True,0.8121
529,38,729.48,958.64,38.28,65.57,38.2,65.55,True,0.7614
529,46,1401.27,570.77,83.05,35.43,83.02,35.4,True,0.8122
529,69,1324.66,253.39,80.54,4.71,80.55,4.77,True,0.6773
529,76,1731.08,366.43,109.54,16.4,109.52,16.31,False,0.7182
529,81,1783.67,376.62,113.22,17.41,113.21,17.39,False,0.7658
529,100,788.12,236.83,39.21,2.92,39.21,2.91,True,0.6779
529,101,1253.46,974.81,70.53,66.69,70.54,66.74,True,0.8284
529,103,50.68,409.98,-13.79,20.67,-13.75,20.72,False,0.7872
530,2,1798.84,743.63,107.58,49.73,107.61,49.65,False,0.8096
530,4,1718.45,406.09,107.86,20.3,107.81,20.31,False,0.764
530,5,1411.72,469.47,84.8,26.31,84.79,26.31,True,0.7756
530,7,1640.95,326.45,103.55,12.37,103.56,12.38,True,0.7656
530,10,969.97,417.87,53.22,21.43,53.18,21.42,True,0.818
530,12,1179.94,643.32,67.39,41.62,67.38,41.62,True,0.8128
530,14,1481.78,504.11,89.39,29.5,89.36,29.46,True,0.8111
530,15,914.12,320.81,49.05,11.79,49.04,11.78,True,0.7584
530,17,714.38,376.4,34.39,17.39,34.35,17.4,True,0.7972
530,19,1549.3,367.05,96.08,16.46,96.07,16.51,True,0.7402
530,36,1312.97,355.66,78.7,15.33,78.7,15.29,True,0.7856
530,38,732.74,958.02,38.47,65.53,38.45,65.5,True,0.6998
530,46,1409.93,571.45,83.64,35.49,83.66,35.49,True,0.7956
530,69,1331.34,253.8,81.05,4.75,81.01,4.76,True,0.6953
530,76,1737.07,366.25,109.98,16.38,109.96,16.36,False,0.7304
530,81,1789.7,377.21,113.65,17.47,113.65,17.44,False,0.7637
530,100,793.7,236.7,39.64,2.9,39.67,2.91,True,0.6313
530,101,1253.73,976.43,70.54,66.8,70.54,66.77,True,0.8157
530,103,56.28,409.5,-13.39,20.63,-13.37,20.67,False,0.7994
531,2,1806.84,744.96,108.08,49.83,108.1,49.81,False,0.8167
531,4,1724.08,407.5,108.25,20.43,108.24,20.4,False,0.7163
531,5,1417.25,469.63,85.19,26.33,85.19,26.28,True,0.7994
531,7,1646.7,327.1,103.97,12.43,103.96,12.42,True,0.7576
531,10,977.92,418.11,53.8,21.46,53.73,21.46,True,0.7945
531,12,1185.45,643.34,67.76,41.62,67.74,41.62,True,0.8278
531,14,1486.98,504.47,89.75,29.53,89.74,29.5,True,0.8262
531,15,919.44,320.38,49.45,11.75,49.45,11.77,True,0.7957
531,17,719.22,376.48,34.75,17.4,34.73,17.36,True,0.7923
531,19,1555.4,367.88,96.52,16.55,96.49,16.55,True,0.7411
531,36,1318.59,355.99,79.12,15.36,79.11,15.33,True,0.779
531,38,737.94,956.99,38.79,65.46,38.78,65.47,True,0.6703
531,46,1419.18,572.09,84.27,35.55,84.29,35.56,True,0.7998
531,69,1337.3,254.47,81.5,4.82,81.44,4.77,True,0.6801
531,76,1742.9,366.08,110.42,16.37,110.39,16.42,False,0.7165
531,81,1795.98,377.82,114.1,17.53,114.06,17.5,False,0.7529
531,92,1020.82,1018.16,56.19,69.63,55.59,69.69,False,0.4327
531,100,799.65,236.38,40.1,2.87,40.09,2.89,True,0.6994
531,101,1253.94,977.05,70.54,66.84,70.54,66.79,True,0.8108
531,103,62.42,409.24,-12.95,20.6,-12.99,20.62,False,0.7896
532,2,1814.81,746.38,108.58,49.94,108.6,49.93,False,0.821
532,4,1729.88,408.17,108.66,20.5,108.66,20.47,False,0.7182
532,5,1422.93,469.14,85.6,26.28,85.57,26.28,True,0.8032
532,7,1652.16,327.11,104.38,12.44,104.35,12.47,True,0.7613
532,10,984.56,418.01,54.29,21.45,54.22,21.47,True,0.812
532,12,1190.26,643.57,68.08,41.64,68.09,41.63,True,0.8194
532,14,1492.12,504.26,90.12,29.51,90.1,29.53,True,0.8241
532,15,924.61,320.51,49.84,11.76,49.84,11.75,True,0.7851
532,17,723.94,375.58,35.09,17.31,35.08,17.33,True,0.796
532,19,1561.13,368.63,96.93,16.62,96.89,16.59,True,0.7147
532,36,1323.43,356.02,79.48,15.36,79.49,15.36,True,0.7942
532,38,737.57,955.77,38.76,65.37,39.1,65.43,True,0.4671
532,46,1429.18,573.18,84.95,35.64,84.91,35.63,True,0.8095
532,69,1341.54,254.28,81.83,4.8,81.86,4.78,True,0.5359
532,76,1748.05,366.09,110.8,16.37,110.78,16.47,False,0.7004
532,81,1801.2,377.41,114.49,17.49,114.46,17.53,False,0.7274
532,92,1025.79,1020.92,56.49,69.81,56.16,69.77,False,0.6246
532,100,806.04,236.69,40.59,2.9,40.51,2.9,True,0.6703
532,101,1253.7,976.62,70.53,66.81,70.55,66.8,True,0.8189
532,103,67.28,409.38,-12.6,20.62,-12.61,20.59,False,0.7959
533,2,1823.48,747.64,109.13,50.04,109.1,50.05,False,0.8235
533,4,1735.69,408.68,109.07,20.55,109.05,20.54,False,0.7611
533,5,1427.97,468.5,85.97,26.22,85.94,26.27,True,0.8054
533,7,1657.43,328.08,104.76,12.53,104.73,12.51,True,0.7595
533,10,990.56,418.88,54.72,21.53,54.66,21.49,True,0.825
533,12,1195.8,643.43,68.46,41.63,68.42,41.63,True,0.812
533,14,1496.92,504.58,90.46,29.54,90.44,29.56,True,0.8253
533,15,930.47,320.43,50.28,11.75,50.22,11.73,True,0.7877
533,17,728.48,375.36,35.43,17.29,35.42,17.3,True,0.8026
533,19,1566.16,368.93,97.3,16.65,97.28,16.63,True,0.7469
533,36,1329.1,356.08,79.9,15.37,79.85,15.38,True,0.8021
533,38,750.7,956.3,39.58,65.41,39.68,65.4,True,0.4749
533,46,1438.11,573.8,85.56,35.7,85.5,35.7,True,0.8201
533,69,1347.28,254.06,82.27,4.78,82.27,4.81,True,0.662
533,70,966.88,984.74,52.92,67.37,52.27,67.44,True,0.5567
533,76,1753.86,368.1,111.19,16.57,111.14,16.53,False,0.6808
533,81,1806.28,378.3,114.85,17.58,114.84,17.57,False,0.7654
533,92,1029.1,1022.72,56.69,69.93,56.7,69.77,False,0.4804
533,100,810.35,236.39,40.93,2.87,40.98,2.89,True,0.6984
533,101,1254.03,976.33,70.55,66.79,70.56,66.79,True,0.8324
533,103,72.44,409.2,-12.22,20.6,-12.24,20.56,False,0.8173
534,2,1831.26,748.51,109.62,50.11,109.59,50.19,False,0.8235
534,4,1740.98,409.15,109.45,20.59,109.44,20.6,False,0.761
534,5,1432.78,468.66,86.31,26.24,86.3,26.26,True,0.7842
534,7,1661.95,328.65,105.09,12.59,105.1,12.54,False,0.7907
534,10,995.4,418.58,55.07,21.5,55.07,21.52,True,0.8239
534,12,1200.19,643.65,68.75,41.64,68.74,41.63,True,0.806
534,14,1501.53,505.07,90.78,29.59,90.79,29.59,True,0.8214
534,15,934.57,319.93,50.59,11.7,50.58,11.72,True,0.7224
534,17,732.68,374.95,35.73,17.25,35.76,17.28,True,0.8035
534,18,813.17,235.98,41.14,2.82,37.21,3.02,True,0.5472
534,19,1570.7,368.95,97.63,16.65,97.65,16.66,True,0.7759
534,36,1333.59,356.28,80.23,15.39,80.21,15.39,True,0.8024
534,38,755.88,955.95,39.9,65.39,40.21,65.39,True,0.4243
534,46,1446.09,574.53,86.11,35.76,86.09,35.77,True,0.8132
534,69,1352.3,253.99,82.66,4.77,82.66,4.82,True,0.697
534,70,969.56,985.82,53.09,67.44,52.84,67.49,True,0.4398
534,76,1758.1,368.92,111.49,16.65,111.5,16.59,False,0.7114
534,81,1811.01,378.55,115.19,17.6,115.21,17.6,False,0.7639
534,92,1032.13,1020.68,56.87,69.8,56.98,69.78,False,0.6905
534,100,815.02,237.05,41.29,2.94,41.43,2.88,True,0.4279
534,101,1254.47,975.8,70.58,66.75,70.57,66.76,True,0.8263
534,103,77.41,408.17,-11.88,20.5,-11.9,20.52,False,0.8033
535,2,1839.05,751.08,110.09,50.31,110.04,50.41,False,0.8262
535,4,1746.38,409.44,109.84,20.62,109.83,20.65,False,0.7201
535,5,1437.34,469.17,86.63,26.29,86.64,26.25,True,0.7879
535,7,1666.62,328.47,105.44,12.57,105.45,12.57,False,0.7688
535,10,1000.2,418.77,55.42,21.52,55.45,21.56,True,0.8126
535,12,1204.45,643.52,69.04,41.63,69.06,41.63,True,0.8162
535,14,1506.24,505.42,91.1,29.62,91.12,29.65,True,0.8013
535,15,939.11,319.9,50.93,11.7,50.93,11.71,True,0.7893
535,17,737.63,374.93,36.1,17.25,36.08,17.27,True,0.8008
535,18,819.07,236.63,41.6,2.89,39.86,2.95,True,0.6393
535,19,1575.69,369.01,98.0,16.66,98.02,16.68,True,0.7382
535,36,1337.85,356.38,80.54,15.4,80.56,15.41,True,0.7963
535,46,1453.82,575.45,86.63,35.84,86.64,35.85,True,0.8463
535,69,1358.0,254.94,83.08,4.87,83.04,4.84,True,0.6971
535,70,972.36,985.84,53.26,67.44,53.33,67.52,True,0.3763
535,76,1762.56,369.41,111.81,16.7,111.86,16.68,False,0.7145
535,81,1816.1,378.82,115.56,17.63,115.56,17.65,False,0.7656
535,92,1038.16,1018.89,57.24,69.68,57.28,69.77,False,0.6623
535,101,1255.01,975.68,70.62,66.75,70.56,66.72,True,0.8215
535,103,81.89,408.19,-11.56,20.5,-11.56,20.47,False,0.8011
536,2,1846.97,754.42,110.55,50.57,110.43,50.66,False,0.8274
536,4,1751.62,410.55,110.2,20.73,110.19,20.7,False,0.6857
536,5,1442.47,468.9,87.0,26.26,86.97,26.25,True,0.8068
536,7,1671.9,328.37,105.84,12.56,105.77,12.6,False,0.7706
536,10,1006.18,419.4,55.86,21.58,55.82,21.59,True,0.8151
536,12,1209.63,643.34,69.39,41.62,69.35,41.63,True,0.8332
536,14,1511.67,506.44,91.48,29.71,91.42,29.71,True,0.7979
536,15,943.62,319.72,51.27,11.68,51.26,11.7,True,0.7931
536,17,742.32,375.42,36.45,17.29,36.37,17.26,True,0.798
536,19,1581.28,369.42,98.41,16.7,98.35,16.71,True,0.6883
536,36,1342.89,356.79,80.91,15.44,80.88,15.43,True,0.7775
536,46,1462.03,576.4,87.19,35.92,87.14,35.93,True,0.8215
536,69,1362.84,255.13,83.45,4.89,83.38,4.9,True,0.7044
536,70,979.38,990.68,53.69,67.77,53.5,67.53,True,0.5775
536,76,1768.1,369.16,112.22,16.67,112.21,16.71,False,0.7283
536,81,1821.58,379.44,115.95,17.69,115.9,17.67,False,0.7471
536,92,1044.6,1019.06,57.63,69.69,57.59,69.74,False,0.6287
536,100,823.94,236.29,41.98,2.86,41.83,2.88,True,0.709
536,101,1254.36,974.65,70.58,66.68,70.53,66.67,True,0.8213
536,103,86.54,407.18,-11.24,20.4,-11.24,20.41,False,0.8125
537,2,1852.7,760.19,110.83,51.02,110.78,50.94,False,0.8318
537,4,1757.07,410.91,110.59,20.76,110.53,20.75,False,0.7553
537,5,1446.82,468.71,87.31,26.24,87.27,26.26,True,0.8072
537,7,1675.83,328.64,106.13,12.59,106.06,12.63,False,0.7756
537,10,1010.93,420.17,56.2,21.66,56.18,21.62,True,0.8111
537,12,1213.7,643.25,69.67,41.61,69.62,41.64,True,0.8374
537,14,1515.9,507.23,91.76,29.78,91.7,29.77,True,0.8228
537,15,947.92,320.03,51.59,11.71,51.56,11.7,True,0.7907
537,17,745.37,375.3,36.67,17.28,36.63,17.25,True,0.7932
537,19,1585.82,369.76,98.74,16.73,98.67,16.75,True,0.6955
537,36,1346.95,357.03,81.21,15.46,81.19,15.45,True,0.7972
537,46,1469.36,577.44,87.69,36.01,87.59,36.04,True,0.8172
537,69,1366.62,255.25,83.74,4.91,83.68,4.94,True,0.6836
537,70,979.58,987.61,53.7,67.56,53.71,67.55,True,0.6326
537,76,1773.54,370.65,112.59,16.82,112.55,16.74,False,0.6878
537,81,1825.98,379.85,116.27,17.73,116.22,17.7,False,0.7656
537,92,1050.28,1019.68,57.98,69.73,57.93,69.76,False,0.6463
537,100,828.62,236.24,42.34,2.85,42.21,2.87,True,0.6849
537,101,1252.8,974.03,70.49,66.63,70.44,66.64,True,0.8119
537,103,91.42,406.46,-10.9,20.33,-10.95,20.36,False,0.8227
538,2,1857.49,763.8,111.08,51.3,111.06,51.23,False,0.8244
538,4,1761.25,411.33,110.89,20.8,110.83,20.81,False,0.7572
538,5,1450.71,468.67,87.59,26.24,87.54,26.26,True,0.8053
538,7,1678.82,329.66,106.33,12.7,106.32,12.65,False,0.6927
538,10,1015.46,420.29,56.53,21.67,56.53,21.65,True,0.8114
538,12,1217.3,643.99,69.91,41.67,69.86,41.65,True,0.8173
538,14,1519.1,508.11,91.98,29.86,91.93,29.83,True,0.8263
538,15,951.95,320.15,51.9,11.72,51.82,11.71,True,0.7891
538,17,748.52,375.0,36.9,17.25,36.85,17.25,True,0.8089
538,19,1589.38,370.4,98.99,16.8,98.95,16.81,True,0.7179
538,36,1351.06,356.87,81.52,15.45,81.47,15.48,True,0.7982
538,46,1475.26,578.93,88.08,36.14,87.99,36.16,True,0.8245
538,69,1369.72,256.59,83.97,5.05,83.95,4.99,True,0.6688
538,70,980.48,985.75,53.75,67.44,53.88,67.55,True,0.5964
538,76,1778.06,369.78,112.94,16.73,112.85,16.77,False,0.701
538,81,1829.79,379.73,116.55,17.72,116.5,17.72,False,0.76
538,92,1054.85,1021.01,58.25,69.82,58.22,69.81,False,0.7281
538,100,832.1,236.4,42.61,2.87,42.54,2.85,True,0.6788
538,101,1250.64,973.02,70.36,66.56,70.3,66.6,True,0.8139
538,103,94.98,406.27,-10.64,20.31,-10.7,20.31,False,0.8206
539,2,1862.19,766.51,111.34,51.51,111.29,51.51,False,0.8208
539,4,1764.8,411.67,111.14,20.84,111.1,20.83,False,0.7554
539,5,1453.9,468.94,87.82,26.27,87.76,26.27,True,0.7706
539,7,1682.02,329.86,106.57,12.72,106.52,12.68,False,0.7659
539,10,1020.23,420.39,56.88,21.68,56.86,21.67,True,0.8262
539,12,1219.94,644.23,70.09,41.69,70.04,41.67,True,0.8066
539,14,1521.66,508.34,92.16,29.88,92.12,29.85,True,0.8199
539,15,954.6,319.97,52.09,11.7,52.04,11.72,True,0.7899
539,17,750.62,374.41,37.05,17.19,37.02,17.24,True,0.8204
539,19,1592.37,371.07,99.2,16.86,99.18,16.87,True,0.7567
539,36,1354.46,357.44,81.77,15.5,81.71,15.5,True,0.8104
539,46,1479.88,580.69,88.38,36.3,88.33,36.27,True,0.82
539,69,1372.39,255.73,84.18,4.96,84.17,5.02,True,0.6674
539,76,1781.36,370.32,113.18,16.79,113.12,16.81,False,0.6847
539,81,1833.02,379.83,116.79,17.73,116.74,17.72,False,0.7424
539,92,1060.18,1022.05,58.57,69.89,58.45,69.86,False,0.7208
539,100,834.94,236.02,42.83,2.83,42.74,2.84,True,0.7011
539,101,1247.56,972.96,70.17,66.56,70.09,66.56,True,0.8103
539,103,97.96,405.88,-10.43,20.28,-10.48,20.29,False,0.8042
540,2,1865.58,769.46,111.5,51.74,111.5,51.75,False,0.8194
540,4,1767.78,412.37,111.34,20.9,111.33,20.85,False,0.7326
540,5,1456.0,469.4,87.96,26.31,87.96,26.26,True,0.7752
540,7,1683.96,329.62,106.72,12.69,106.69,12.72,False,0.7817
540,10,1024.27,420.41,57.17,21.68,57.21,21.68,True,0.8054
540,12,1221.93,644.01,70.22,41.67,70.2,41.68,True,0.7998
540,14,1523.53,508.54,92.29,29.9,92.29,29.86,True,0.819
540,15,956.5,320.3,52.24,11.74,52.21,11.72,True,0.7926
540,17,752.34,374.81,37.18,17.23,37.18,17.24,True,0.8174
540,19,1595.18,371.87,99.4,16.94,99.37,16.93,True,0.7714
540,36,1356.8,357.77,81.94,15.54,81.92,15.52,True,0.809
540,46,1483.38,582.32,88.6,36.44,88.64,36.36,True,0.8091
540,69,1375.39,257.36,84.39,5.13,84.37,5.07,True,0.7132
540,70,986.85,987.58,54.14,67.56,53.93,67.41,True,0.4775
540,76,1783.76,371.0,113.34,16.86,113.35,16.79,False,0.696
540,81,1835.19,379.67,116.95,17.71,116.96,17.71,False,0.7467
540,92,1061.4,1022.73,58.65,69.93,58.63,69.91,False,0.7296
540,100,836.13,236.1,42.92,2.84,42.84,2.84,True,0.6912
540,101,1242.99,973.09,69.89,66.57,69.85,66.52,True,0.8094
540,103,99.92,405.57,-10.29,20.25,-10.3,20.29,False,0.809
541,2,1869.48,772.84,111.7,52.0,111.7,51.95,False,0.8237
541,4,1769.96,411.62,111.52,20.83,111.53,20.87,False,0.7183
541,5,1458.27,469.1,88.13,26.28,88.13,26.24,True,0.7692
541,7,1685.94,329.83,106.86,12.71,106.84,12.74,False,0.7667
541,10,1029.13,420.42,57.52,21.68,57.55,21.68,True,0.7935
541,12,1223.56,644.42,70.33,41.71,70.33,41.68,True,0.799
541,14,1525.48,507.84,92.43,29.84,92.43,29.85,True,0.8051
541,15,958.32,320.12,52.37,11.72,52.37,11.72,True,0.7288
541,17,754.22,374.84,37.32,17.24,37.32,17.25,True,0.7995
541,18,839.32,236.35,43.17,2.86,42.52,2.87,True,0.6791
541,19,1597.36,372.72,99.55,17.03,99.54,16.97,True,0.7607
541,36,1358.85,357.9,82.09,15.55,82.09,15.55,True,0.8011
541,38,779.52,955.87,41.35,65.38,40.75,65.38,True,0.6013
541,46,1487.58,582.6,88.89,36.46,88.95,36.43,True,0.8093
541,69,1377.47,256.67,84.56,5.06,84.56,5.08,True,0.7299
541,70,986.12,985.69,54.1,67.43,54.03,67.58,True,0.4628
541,76,1786.38,370.93,113.53,16.85,113.56,16.79,False,0.6936
541,81,1837.92,379.49,117.16,17.7,117.15,17.72,False,0.7243
541,92,1063.8,1022.83,58.79,69.94,58.78,69.92,False,0.5998
541,100,837.5,236.03,43.02,2.83,42.92,2.83,True,0.4432
541,101,1237.38,971.9,69.55,66.49,69.59,66.46,True,0.8132
541,103,101.9,405.99,-10.14,20.29,-10.15,20.29,False,0.7968
542,2,1873.12,775.37,111.89,52.19,111.89,52.13,False,0.8272
542,4,1773.21,412.01,111.75,20.87,111.71,20.87,False,0.7005
542,5,1460.54,468.38,88.3,26.21,88.28,26.21,True,0.7638
542,7,1687.68,330.59,106.98,12.79,106.96,12.77,False,0.7576
542,10,1034.88,420.46,57.94,21.68,57.86,21.68,True,0.8118
542,12,1225.12,644.01,70.44,41.67,70.43,41.69,True,0.8024
542,14,1527.5,507.4,92.58,29.8,92.55,29.85,True,0.7971
542,15,959.64,320.09,52.47,11.72,52.51,11.71,True,0.6935
542,17,756.05,375.58,37.46,17.31,37.45,17.26,True,0.8065
542,18,841.09,236.47,43.3,2.88,43.0,2.88,True,0.6784
542,19,1599.45,372.57,99.7,17.01,99.69,17.01,True,0.7359
542,36,1361.27,358.18,82.26,15.58,82.24,15.57,True,0.7966
542,38,780.96,955.84,41.44,65.38,41.15,65.36,True,0.6079
542,46,1492.85,582.57,89.25,36.46,89.27,36.48,True,0.7975
542,69,1380.08,257.43,84.75,5.14,84.73,5.11,True,0.7393
542,76,1789.04,369.5,113.76,16.71,113.74,16.78,False,0.7216
542,81,1840.64,379.67,117.35,17.71,117.32,17.72,False,0.7197
542,92,1065.53,1023.08,58.9,69.96,58.85,69.91,False,0.57
542,101,1233.02,970.75,69.29,66.41,69.34,66.39,True,0.8252
542,103,103.93,406.48,-9.98,20.33,-10.03,20.28,False,0.7985
543,2,1876.7,777.11,112.09,52.33,112.08,52.26,False,0.8173
543,4,1775.58,412.23,111.91,20.89,111.87,20.87,False,0.6847
543,5,1462.33,467.66,88.44,26.15,88.42,26.14,True,0.7793
543,7,1689.18,330.69,107.09,12.8,107.06,12.79,False,0.7583
543,10,1038.73,420.37,58.22,21.67,58.15,21.7,True,0.8231
543,12,1226.83,643.8,70.56,41.66,70.51,41.7,True,0.8081
543,14,1529.28,507.76,92.7,29.83,92.66,29.82,True,0.7757
543,15,962.26,320.03,52.67,11.71,52.64,11.7,True,0.7944
543,17,757.76,375.3,37.58,17.28,37.57,17.25,True,0.8097
543,18,842.42,236.52,43.41,2.88,43.4,2.87,True,0.6688
543,19,1601.6,372.68,99.86,17.02,99.82,17.03,True,0.721
543,36,1362.89,358.25,82.38,15.59,82.37,15.58,True,0.7878
543,38,781.77,954.95,41.49,65.32,41.48,65.35,True,0.5709
543,46,1498.35,583.21,89.62,36.51,89.64,36.51,True,0.8227
543,69,1382.45,257.16,84.94,5.11,84.88,5.08,True,0.7229
543,70,983.9,980.42,53.97,67.07,54.11,67.74,True,0.4068
543,76,1791.91,369.76,113.97,16.73,113.91,16.76,False,0.7123
543,81,1842.72,379.79,117.5,17.73,117.48,17.72,False,0.7276
543,92,1066.74,1022.02,58.97,69.89,58.92,69.88,False,0.6917
543,101,1229.22,968.78,69.07,66.27,69.11,66.32,True,0.8257
543,103,105.39,405.95,-9.89,20.28,-9.92,20.28,False,0.806
544,2,1879.4,778.03,112.25,52.4,112.28,52.36,False,0.8277
544,4,1777.2,411.94,112.04,20.86,112.01,20.89,False,0.6711
544,5,1463.78,466.98,88.55,26.08,88.55,26.06,True,0.7746
544,7,1689.88,331.16,107.14,12.85,107.16,12.81,False,0.7621
544,10,1041.62,420.48,58.43,21.69,58.42,21.71,True,0.8193
544,12,1227.53,644.56,70.6,41.72,70.59,41.7,True,0.8087
544,14,1529.87,508.07,92.74,29.86,92.76,29.78,True,0.7663
544,15,963.66,319.65,52.78,11.67,52.76,11.69,True,0.7983
544,17,759.31,375.02,37.7,17.25,37.69,17.24,True,0.8055
544,18,843.93,236.48,43.52,2.88,43.51,2.85,True,0.6505
544,19,1602.9,372.99,99.95,17.05,99.95,17.02,True,0.7104
544,36,1364.74,358.08,82.52,15.57,82.5,15.58,True,0.7759
544,38,782.8,955.05,41.55,65.32,41.52,65.31,True,0.5414
544,46,1503.95,583.56,90.0,36.54,90.02,36.56,True,0.783
544,69,1383.53,256.93,85.02,5.09,85.01,5.08,True,0.7306
544,76,1793.57,369.94,114.09,16.75,114.08,16.77,False,0.7145
544,81,1844.6,379.81,117.64,17.73,117.6,17.73,False,0.7322
544,92,1066.58,1021.15,58.96,69.83,58.95,69.84,False,0.7469
544,101,1226.19,968.06,68.88,66.22,68.94,66.26,True,0.8232
544,103,105.93,405.58,-9.86,20.25,-9.83,20.27,False,0.8062
545,2,1882.72,778.14,112.47,52.4,112.48,52.43,False,0.8388
545,4,1778.64,412.46,112.13,20.91,112.13,20.9,False,0.691
545,5,1465.14,465.68,88.66,25.96,88.67,25.99,True,0.7881
545,7,1690.97,330.57,107.23,12.79,107.25,12.81,False,0.7579
545,10,1044.64,421.39,58.65,21.77,58.63,21.75,True,0.8315
545,12,1228.12,644.89,70.64,41.75,70.67,41.71,True,0.8217
545,14,1531.51,507.03,92.87,29.76,92.83,29.75,True,0.7454
545,15,965.18,319.56,52.89,11.66,52.88,11.68,True,0.801
545,17,760.58,374.36,37.79,17.19,37.81,17.21,True,0.8083
545,18,844.93,236.3,43.6,2.86,43.61,2.83,True,0.6759
545,19,1604.05,372.79,100.04,17.03,100.06,17.02,True,0.7023
545,36,1365.91,358.28,82.61,15.59,82.62,15.58,True,0.7754
545,38,782.97,955.1,41.57,65.33,41.6,65.27,True,0.4467
545,46,1510.1,584.08,90.42,36.59,90.38,36.63,True,0.8068
545,69,1384.66,255.99,85.12,4.99,85.12,5.05,True,0.7243
545,76,1795.09,370.06,114.2,16.76,114.21,16.82,False,0.7243
545,81,1845.87,380.01,117.73,17.75,117.72,17.72,False,0.7279
545,92,1066.55,1020.66,58.96,69.79,58.75,69.79,False,0.6936
545,101,1224.24,967.8,68.76,66.2,68.78,66.21,True,0.8292
545,103,107.38,405.74,-9.75,20.26,-9.76,20.25,False,0.8133
546,2,1886.3,778.95,112.69,52.47,112.68,52.49,False,0.8306
546,4,1780.18,412.63,112.24,20.93,112.22,20.9,False,0.6991
546,5,1466.97,464.99,88.8,25.9,88.77,25.93,True,0.7896
546,7,1692.66,330.71,107.35,12.8,107.33,12.8,False,0.7587
546,10,1047.28,421.27,58.84,21.76,58.8,21.8,True,0.832
546,12,1229.44,644.53,70.73,41.72,70.74,41.72,True,0.821
546,14,1531.88,505.72,92.91,29.65,92.88,29.68,True,0.7238
546,15,966.56,319.72,52.99,11.68,52.97,11.66,True,0.7957
546,17,762.68,374.13,37.94,17.17,37.91,17.19,True,0.8066
546,18,846.81,235.45,43.74,2.77,43.7,2.81,True,0.7268
546,19,1605.92,372.45,100.18,17.0,100.16,17.01,True,0.6993
546,36,1367.58,358.3,82.73,15.59,82.73,15.57,True,0.7805
546,38,782.51,953.03,41.53,65.18,41.6,65.24,True,0.4372
546,46,1515.76,585.2,90.8,36.69,90.71,36.74,True,0.8034
546,69,1385.92,256.63,85.21,5.06,85.21,5.04,True,0.7257
546,76,1797.59,371.2,114.36,16.88,114.32,16.87,False,0.6956
546,81,1846.77,379.87,117.8,17.73,117.81,17.69,False,0.6647
546,101,1222.87,967.38,68.68,66.18,68.64,66.2,True,0.8189
546,103,108.64,405.43,-9.66,20.23,-9.71,20.23,False,0.8055
547,2,1889.98,780.03,112.91,52.55,112.85,52.57,False,0.8285
547,4,1781.25,412.64,112.32,20.93,112.28,20.91,False,0.7163
547,5,1468.38,464.61,88.9,25.86,88.86,25.87,True,0.784
547,7,1693.65,330.59,107.43,12.79,107.4,12.76,False,0.765
547,10,1049.47,422.14,59.0,21.84,58.96,21.85,True,0.8245
547,12,1231.01,644.43,70.84,41.71,70.81,41.72,True,0.8277
547,14,1532.2,505.69,92.94,29.64,92.91,29.59,True,0.7486
547,15,967.62,319.87,53.07,11.69,53.05,11.63,True,0.7964
547,17,764.06,374.15,38.04,17.17,37.99,17.17,True,0.8082
547,18,847.54,235.48,43.8,2.77,43.76,2.78,True,0.7422
547,19,1607.1,372.28,100.27,16.98,100.26,16.99,True,0.703
547,36,1369.03,358.16,82.84,15.58,82.83,15.56,True,0.7912
547,38,787.6,953.38,41.85,65.21,41.53,65.19,True,0.5621
547,46,1520.03,587.0,91.07,36.84,91.0,36.85,True,0.8
547,69,1387.13,256.34,85.31,5.02,85.29,5.04,True,0.6967
547,76,1799.06,372.3,114.44,16.98,114.42,16.91,False,0.684
547,81,1848.04,379.1,117.91,17.66,117.89,17.67,False,0.6327
547,92,1066.56,1019.99,58.96,69.75,58.51,69.75,False,0.5741
547,101,1220.2,967.62,68.52,66.19,68.48,66.18,True,0.8191
547,103,109.1,405.17,-9.63,20.21,-9.67,20.2,False,0.808
548,2,1892.56,780.88,113.06,52.61,112.98,52.73,False,0.8227
548,4,1781.58,412.05,112.36,20.87,112.34,20.91,False,0.7165
548,5,1469.05,464.28,88.96,25.83,88.94,25.83,True,0.7801
548,7,1694.2,330.27,107.48,12.76,107.47,12.72,False,0.7694
548,10,1050.82,423.01,59.09,21.93,59.09,21.89,True,0.8182
548,12,1231.84,644.39,70.89,41.71,70.87,41.71,True,0.8284
548,14,1531.68,504.19,92.92,29.51,92.91,29.52,True,0.7382
548,15,968.55,319.18,53.14,11.62,53.12,11.58,True,0.7897
548,17,764.46,374.27,38.07,17.18,38.05,17.16,True,0.8012
548,18,847.9,235.56,43.83,2.78,43.81,2.74,True,0.7434
548,19,1608.54,372.16,100.38,16.97,100.34,16.98,True,0.7036
548,36,1370.42,357.76,82.95,15.54,82.94,15.53,True,0.7877
548,38,781.76,952.77,41.48,65.16,41.46,65.14,True,0.5347
548,46,1523.23,589.03,91.27,37.02,91.23,36.96,True,0.8404
548,69,1388.14,256.27,85.38,5.02,85.35,5.05,True,0.6736
548,76,1799.86,372.28,114.5,16.98,114.51,16.95,False,0.6583
548,81,1848.75,378.46,117.98,17.59,117.94,17.63,False,0.6385
548,101,1217.46,967.52,68.35,66.19,68.3,66.16,True,0.8382
548,103,109.08,404.93,-9.64,20.18,-9.66,20.17,False,0.8019
549,2,1894.28,783.35,113.13,52.8,113.05,52.96,False,0.8305
549,4,1781.68,412.45,112.35,20.91,112.39,20.89,False,0.738
549,5,1469.63,463.8,89.0,25.79,88.98,25.81,True,0.7802
549,7,1694.68,329.44,107.53,12.67,107.52,12.67,False,0.7596
549,10,1052.64,423.31,59.22,21.96,59.22,21.92,True,0.8152
549,12,1232.42,644.41,70.93,41.71,70.93,41.7,True,0.8308
549,14,1531.6,502.91,92.93,29.39,92.89,29.48,True,0.7221
549,15,969.05,318.0,53.18,11.5,53.16,11.53,True,0.7847
549,17,764.71,374.08,38.09,17.16,38.1,17.16,True,0.8035
549,18,848.13,234.99,43.84,2.72,43.83,2.72,True,0.7477
549,19,1609.09,372.31,100.42,16.99,100.41,16.98,True,0.7044
549,36,1371.62,357.32,83.04,15.49,83.04,15.5,True,0.7802
549,38,777.46,951.64,41.21,65.09,41.42,65.1,True,0.5823
549,46,1525.61,590.08,91.42,37.11,91.41,37.11,True,0.8456
549,69,1388.63,257.15,85.41,5.11,85.4,5.02,True,0.6854
549,76,1801.26,371.92,114.61,16.95,114.59,16.93,False,0.6659
549,81,1849.28,378.52,118.01,17.6,117.98,17.6,False,0.688
549,101,1213.47,966.76,68.11,66.13,68.08,66.14,True,0.8318
549,103,108.82,404.32,-9.67,20.13,-9.68,20.14,False,0.7986
550,2,1895.32,788.65,113.1,53.21,113.1,53.14,False,0.8299
550,4,1782.54,412.27,112.42,20.89,112.42,20.86,False,0.7366
550,5,1469.96,463.58,89.03,25.77,89.01,25.79,True,0.7827
550,7,1695.05,328.57,107.57,12.58,107.57,12.6,False,0.7568
550,10,1054.01,423.16,59.32,21.94,59.34,21.92,True,0.82
550,12,1232.76,644.05,70.96,41.68,70.98,41.69,True,0.8303
550,14,1530.6,503.28,92.85,29.42,92.86,29.45,True,0.7519
550,15,969.4,317.29,53.21,11.43,53.19,11.48,True,0.7879
550,17,765.29,373.87,38.13,17.14,38.13,17.15,True,0.8017
550,18,848.12,234.69,43.84,2.68,43.84,2.69,True,0.746
550,19,1609.63,372.26,100.46,16.98,100.45,16.99,True,0.7037
550,36,1372.84,356.88,83.14,15.45,83.13,15.46,True,0.7738
550,38,777.72,950.96,41.23,65.04,41.3,65.05,True,0.4157
550,46,1527.96,590.66,91.57,37.16,91.57,37.23,True,0.8387
550,69,1388.79,256.36,85.43,5.03,85.43,5.0,True,0.6284
550,76,1801.86,371.9,114.66,16.95,114.65,16.89,False,0.6772
550,81,1849.26,378.46,118.01,17.59,118.0,17.58,False,0.6966
550,101,1209.02,966.35,67.83,66.1,67.84,66.12,True,0.8275
550,103,108.1,404.26,-9.72,20.12,-9.7,20.12,False,0.8092
551,2,1896.3,794.26,113.06,53.64,113.14,53.23,False,0.8093
551,4,1783.2,411.73,112.48,20.84,112.45,20.84,False,0.7363
551,5,1469.98,463.98,89.03,25.8,89.04,25.78,True,0.7834
551,7,1695.42,328.13,107.61,12.54,107.6,12.55,False,0.7501
551,10,1055.86,422.94,59.46,21.92,59.46,21.92,True,0.8219
551,12,1233.8,644.01,71.03,41.67,71.02,41.69,True,0.8319
551,14,1530.12,503.53,92.82,29.45,92.82,29.46,True,0.7596
551,15,969.56,317.1,53.22,11.41,53.2,11.44,True,0.7853
551,17,765.95,373.95,38.18,17.15,38.17,17.14,True,0.8001
551,18,848.2,234.5,43.85,2.66,43.83,2.64,True,0.7426
551,19,1610.19,372.43,100.5,17.0,100.48,16.99,True,0.7076
551,36,1374.03,356.74,83.23,15.43,83.2,15.42,True,0.7889
551,38,779.71,950.21,41.35,64.99,41.21,65.01,True,0.5462
551,46,1530.54,593.45,91.71,37.4,91.72,37.33,True,0.8284
551,69,1389.02,255.36,85.46,4.92,85.45,4.96,True,0.5363
551,76,1802.34,370.45,114.72,16.8,114.7,16.85,False,0.6669
551,81,1849.06,378.25,118.0,17.57,117.99,17.56,False,0.6941
551,101,1205.36,966.14,67.61,66.09,67.57,66.1,True,0.8095
551,103,108.34,403.82,-9.72,20.08,-9.73,20.12,False,0.8122
552,2,1897.04,791.88,113.15,53.46,113.19,53.22,False,0.7666
552,4,1783.58,411.39,112.51,20.81,112.48,20.82,False,0.7573
552,5,1470.14,463.7,89.04,25.78,89.06,25.78,True,0.7965
552,7,1695.84,327.44,107.65,12.47,107.63,12.5,False,0.7535
552,10,1057.62,422.45,59.59,21.87,59.58,21.9,True,0.8092
552,12,1234.49,644.0,71.07,41.67,71.06,41.69,True,0.8223
552,14,1529.78,504.13,92.78,29.5,92.78,29.48,True,0.7489
552,15,969.24,317.35,53.19,11.43,53.2,11.43,True,0.7841
552,17,766.26,373.84,38.2,17.14,38.2,17.12,True,0.8013
552,18,848.34,234.0,43.86,2.61,43.82,2.6,True,0.7339
552,19,1610.22,372.49,100.5,17.0,100.5,16.98,True,0.7254
552,36,1374.78,356.13,83.29,15.37,83.25,15.38,True,0.791
552,38,777.68,949.98,41.22,64.97,41.15,64.99,True,0.4538
552,46,1532.88,594.19,91.87,37.46,91.91,37.42,True,0.8173
552,69,1388.96,255.29,85.46,4.91,85.46,4.91,True,0.5561
552,76,1802.64,370.27,114.75,16.78,114.73,16.83,False,0.6839
552,81,1848.8,378.03,117.99,17.55,117.96,17.54,False,0.6876
552,101,1200.7,966.2,67.32,66.09,67.25,66.1,True,0.8231
552,103,107.92,404.09,-9.74,20.1,-9.75,20.13,False,0.8124
552,108,1903.02,815.48,113.12,55.24,113.23,55.32,False,0.5351
553,2,1897.25,786.57,113.26,53.05,113.23,53.19,False,0.7871
553,4,1783.26,410.9,112.5,20.76,112.5,20.79,False,0.761
553,5,1470.7,463.68,89.08,25.77,89.08,25.76,True,0.7976
553,7,1695.72,327.5,107.64,12.48,107.66,12.48,False,0.7634
553,10,1059.27,422.65,59.71,21.89,59.72,21.9,True,0.7956
553,12,1234.82,644.44,71.09,41.71,71.1,41.71,True,0.8191
553,14,1529.07,504.43,92.73,29.53,92.76,29.51,True,0.7345
553,15,969.06,317.49,53.18,11.45,53.2,11.41,True,0.7942
553,17,766.76,373.45,38.24,17.1,38.22,17.11,True,0.8155
553,18,847.29,233.36,43.77,2.54,43.8,2.57,True,0.7418
553,19,1610.2,372.25,100.5,16.98,100.52,16.95,True,0.7242
553,36,1374.82,355.85,83.29,15.34,83.3,15.37,True,0.8103
553,38,774.82,950.12,41.05,64.98,41.08,64.98,True,0.5349
553,46,1535.68,594.61,92.05,37.5,92.13,37.52,True,0.8054
553,69,1388.96,254.71,85.47,4.85,85.47,4.88,True,0.5993
553,76,1802.87,370.26,114.77,16.78,114.76,16.79,False,0.6871
553,81,1847.77,377.5,117.92,17.5,117.92,17.52,False,0.6971
553,101,1195.2,966.42,66.98,66.11,66.92,66.11,True,0.8216
553,103,107.24,404.64,-9.78,20.16,-9.76,20.14,False,0.8215
553,108,1906.92,816.93,113.34,55.35,113.18,55.34,False,0.6154
554,2,1897.64,782.64,113.36,52.75,113.32,53.08,False,0.7256
554,4,1783.06,411.04,112.48,20.78,112.53,20.76,False,0.7676
554,5,1471.04,463.76,89.11,25.78,89.12,25.72,True,0.7982
554,7,1696.08,327.2,107.67,12.45,107.7,12.46,False,0.7604
554,10,1060.98,422.67,59.83,21.9,59.87,21.9,True,0.8031
554,12,1235.31,644.73,71.13,41.73,71.14,41.71,True,0.8129
554,14,1528.91,504.37,92.72,29.52,92.75,29.52,True,0.7411
554,15,969.08,317.31,53.18,11.43,53.2,11.37,True,0.7969
554,17,766.84,373.17,38.24,17.07,38.25,17.08,True,0.8157
554,18,847.1,233.17,43.76,2.52,43.78,2.54,True,0.7364
554,19,1610.37,371.79,100.52,16.93,100.56,16.9,True,0.7249
554,36,1375.22,355.72,83.32,15.33,83.34,15.35,True,0.8159
554,38,772.67,950.05,40.91,64.98,40.96,64.98,True,0.462
554,46,1540.48,595.77,92.37,37.6,92.37,37.58,True,0.8135
554,69,1389.16,254.57,85.48,4.83,85.49,4.87,True,0.5828
554,76,1802.79,370.61,114.75,16.82,114.79,16.78,False,0.6948
554,81,1847.04,377.47,117.87,17.5,117.89,17.5,False,0.7204
554,101,1187.56,966.35,66.51,66.1,66.58,66.12,True,0.8335
554,103,107.14,404.78,-9.78,20.17,-9.78,20.16,False,0.8195
554,108,1905.36,817.23,113.24,55.37,113.1,55.38,False,0.6708
555,2,1898.02,786.3,113.32,53.03,113.45,53.0,False,0.6759
555,4,1783.56,410.7,112.53,20.74,112.56,20.74,False,0.7618
555,5,1471.51,462.6,89.15,25.67,89.17,25.66,True,0.7986
555,7,1696.77,327.48,107.72,12.47,107.76,12.46,False,0.755
555,10,1063.73,422.92,60.03,21.92,60.02,21.91,True,0.8009
555,12,1236.1,644.93,71.18,41.75,71.18,41.72,True,0.8106
555,14,1529.26,504.47,92.74,29.53,92.76,29.51,True,0.7662
555,15,969.5,316.48,53.21,11.35,53.21,11.32,True,0.7889
555,17,767.1,373.31,38.26,17.08,38.27,17.05,True,0.8114
555,18,847.16,233.06,43.76,2.51,43.76,2.52,True,0.7242
555,19,1611.18,370.71,100.6,16.83,100.61,16.86,True,0.7214
555,36,1375.92,356.04,83.37,15.36,83.38,15.34,True,0.8071
555,38,771.58,950.17,40.85,64.98,40.88,64.98,True,0.4672
555,46,1544.56,596.41,92.64,37.65,92.63,37.65,True,0.8257
555,69,1389.52,255.27,85.5,4.91,85.56,4.84,True,0.5205
555,76,1803.19,370.24,114.79,16.78,114.82,16.75,False,0.6932
555,81,1846.63,377.31,117.84,17.48,117.87,17.48,False,0.717
555,101,1182.08,966.83,66.17,66.14,66.25,66.12,True,0.8278
555,103,106.89,404.88,-9.8,20.18,-9.8,20.18,False,0.8149
555,108,1902.31,817.49,113.04,55.39,112.95,55.44,False,0.6638
556,2,1901.5,787.36,113.52,53.11,113.55,53.11,False,0.6041
556,4,1784.62,410.52,112.61,20.73,112.59,20.73,False,0.7554
556,5,1472.34,462.06,89.22,25.62,89.23,25.58,True,0.8113
556,7,1698.12,327.06,107.83,12.43,107.83,12.45,False,0.7591
556,10,1066.06,423.01,60.2,21.93,60.19,21.92,True,0.7811
556,12,1236.66,644.41,71.22,41.71,71.22,41.71,True,0.8135
556,14,1529.72,504.06,92.78,29.5,92.78,29.5,True,0.7888
556,15,969.66,315.04,53.23,11.2,53.22,11.27,True,0.7937
556,17,767.54,372.67,38.29,17.02,38.29,17.01,True,0.8077
556,18,847.0,233.08,43.75,2.51,43.76,2.52,True,0.7242
556,19,1612.3,370.05,100.69,16.76,100.67,16.81,True,0.7339
556,36,1376.69,355.98,83.43,15.36,83.42,15.33,True,0.8213
556,38,770.68,950.41,40.79,65.0,40.82,64.99,True,0.4806
556,46,1548.72,597.11,92.92,37.71,92.9,37.7,True,0.8207
556,69,1389.94,254.89,85.54,4.87,85.65,4.81,True,0.3735
556,76,1804.15,369.64,114.87,16.72,114.87,16.7,False,0.6869
556,81,1846.66,377.03,117.85,17.45,117.87,17.46,False,0.6817
556,101,1178.06,967.04,65.92,66.15,65.94,66.13,True,0.8252
556,103,106.72,405.09,-9.81,20.2,-9.8,20.2,False,0.8149
556,108,1898.64,819.63,112.77,55.55,112.65,55.48,False,0.7641
557,2,1905.46,787.01,113.79,53.08,113.6,53.34,False,0.5235
557,4,1785.3,410.27,112.66,20.7,112.64,20.7,False,0.7559
557,5,1473.24,460.57,89.3,25.48,89.28,25.47,True,0.8026
557,7,1699.35,327.24,107.92,12.45,107.91,12.44,False,0.7593
557,10,1068.17,422.95,60.35,21.92,60.36,21.92,True,0.8031
557,12,1237.26,644.25,71.26,41.69,71.27,41.7,True,0.8121
557,14,1530.22,504.0,92.82,29.49,92.8,29.49,True,0.7931
557,15,969.78,314.73,53.24,11.17,53.23,11.21,True,0.7944
557,17,767.86,372.17,38.31,16.97,38.33,16.97,True,0.8041
557,18,847.21,233.2,43.77,2.52,43.75,2.52,True,0.7181
557,19,1613.19,370.37,100.75,16.79,100.74,16.77,True,0.7263
557,36,1377.38,355.57,83.49,15.32,83.47,15.31,True,0.819
557,38,770.52,950.12,40.78,64.98,40.8,64.99,True,0.5387
557,46,1552.61,598.16,93.17,37.8,93.15,37.74,True,0.8095
557,69,1393.26,253.61,85.81,4.73,85.74,4.79,True,0.5869
557,70,988.0,999.61,54.21,68.38,54.11,67.8,False,0.3655
557,76,1804.66,368.83,114.93,16.64,114.92,16.62,False,0.691
557,81,1847.0,377.03,117.88,17.45,117.88,17.44,False,0.6843
557,101,1173.59,966.61,65.65,66.12,65.71,66.13,True,0.8213
557,103,106.72,404.96,-9.81,20.19,-9.8,20.2,False,0.826
557,108,1892.28,819.3,112.36,55.53,112.28,55.56,False,0.7875
558,2,1906.79,793.24,113.76,53.56,113.67,53.57,False,0.5725
558,4,1785.5,410.23,112.68,20.7,112.69,20.69,False,0.7471
558,5,1473.69,459.08,89.35,25.34,89.34,25.37,True,0.7983
558,7,1700.54,327.06,108.01,12.43,107.98,12.42,False,0.7552
558,10,1070.97,423.06,60.56,21.93,60.52,21.91,True,0.8193
558,12,1238.06,644.04,71.32,41.68,71.31,41.67,True,0.8054
558,14,1530.33,503.8,92.83,29.47,92.81,29.47,True,0.7866
558,15,969.7,315.06,53.23,11.2,53.25,11.17,True,0.7949
558,17,768.52,371.68,38.36,16.92,38.37,16.92,True,0.7694
558,18,847.0,233.37,43.75,2.54,43.76,2.52,True,0.726
558,19,1613.9,369.91,100.81,16.75,100.8,16.74,True,0.7435
558,36,1377.55,355.29,83.5,15.29,83.51,15.27,True,0.821
558,38,770.53,950.19,40.78,64.99,40.79,65.0,True,0.5385
558,46,1555.92,597.67,93.41,37.76,93.39,37.78,True,0.8091
558,69,1394.7,253.34,85.92,4.7,85.83,4.76,True,0.6161
558,70,986.64,997.96,54.13,68.27,54.11,67.82,False,0.4133
558,76,1805.2,367.59,114.99,16.52,114.98,16.56,False,0.6939
558,81,1847.28,376.7,117.91,17.42,117.89,17.4,False,0.6898
558,101,1170.68,966.75,65.47,66.13,65.53,66.13,True,0.8171
558,103,106.89,405.55,-9.79,20.24,-9.8,20.21,False,0.8291
558,108,1883.99,819.98,111.82,55.58,111.89,55.68,False,0.7754
559,2,1906.21,798.23,113.63,53.94,113.71,53.81,False,0.5844
559,4,1786.08,409.75,112.73,20.65,112.73,20.67,False,0.7366
559,5,1474.08,457.97,89.39,25.24,89.4,25.27,True,0.788
559,7,1701.12,326.87,108.06,12.41,108.05,12.39,False,0.7532
559,10,1072.52,422.64,60.67,21.89,60.66,21.9,True,0.8193
559,12,1238.71,643.82,71.36,41.66,71.36,41.65,True,0.8057
559,14,1530.11,503.79,92.81,29.47,92.82,29.46,True,0.7836
559,15,970.12,314.4,53.26,11.13,53.28,11.16,True,0.792
559,17,769.22,371.01,38.41,16.86,38.41,16.88,True,0.797
559,18,846.84,233.34,43.74,2.54,43.76,2.52,True,0.7479
559,19,1614.42,369.7,100.85,16.73,100.85,16.73,True,0.7471
559,36,1377.97,354.5,83.54,15.21,83.55,15.22,True,0.8119
559,38,770.48,950.48,40.78,65.01,40.79,65.0,True,0.6184
559,46,1559.16,597.98,93.62,37.79,93.6,37.82,True,0.8162
559,69,1394.97,253.79,85.94,4.75,85.93,4.72,True,0.6281
559,70,986.71,991.96,54.13,67.86,54.16,67.83,True,0.3639
559,76,1805.56,366.88,115.04,16.45,115.03,16.49,False,0.6959
559,81,1847.07,376.25,117.9,17.38,117.91,17.36,False,0.6673
559,92,1049.15,1019.42,57.91,69.71,58.26,69.7,False,0.482
559,101,1168.74,966.64,65.35,66.12,65.36,66.12,True,0.8216
559,103,106.89,405.13,-9.79,20.2,-9.81,20.2,False,0.832
559,108,1878.19,822.33,111.41,55.76,111.42,55.78,False,0.7303
560,2,1907.18,800.82,113.65,54.14,113.69,54.12,False,0.6347
560,4,1786.48,409.94,112.75,20.67,112.76,20.66,False,0.7192
560,5,1474.73,457.43,89.45,25.19,89.45,25.18,True,0.7807
560,7,1701.65,326.61,108.1,12.38,108.12,12.36,False,0.7382
560,10,1074.36,422.35,60.8,21.86,60.79,21.9,True,0.8059
560,12,1239.4,643.34,71.41,41.62,71.42,41.63,True,0.8002
560,14,1530.0,503.33,92.81,29.43,92.81,29.46,True,0.7984
560,15,970.68,314.75,53.3,11.17,53.31,11.15,True,0.7927
560,17,770.0,370.73,38.47,16.83,38.45,16.85,True,0.8044
560,18,847.26,233.1,43.77,2.51,43.75,2.5,True,0.7712
560,19,1614.85,369.38,100.89,16.69,100.89,16.71,True,0.7439
560,36,1378.6,354.0,83.59,15.16,83.59,15.18,True,0.806
560,38,770.82,950.65,40.8,65.02,40.8,65.01,True,0.5618
560,46,1562.1,598.38,93.82,37.82,93.8,37.84,True,0.8139
560,69,1395.28,253.68,85.96,4.74,85.97,4.71,True,0.6725
560,70,986.26,987.34,54.11,67.54,54.12,67.58,True,0.4769
560,76,1805.98,366.98,115.06,16.46,115.07,16.44,False,0.6823
560,81,1847.04,375.58,117.91,17.31,117.93,17.31,False,0.6485
560,92,1046.49,1018.85,57.75,69.67,58.01,69.65,False,0.5257
560,101,1166.85,966.74,65.24,66.13,65.21,66.1,True,0.82
560,103,106.64,405.12,-9.81,20.2,-9.83,20.19,False,0.8311
560,108,1873.82,825.08,111.08,55.96,110.89,55.9,False,0.7221
561,2,1908.95,803.11,113.72,54.31,113.64,54.4,False,0.6702
561,4,1787.21,409.63,112.81,20.64,112.79,20.65,False,0.7339
561,5,1475.28,456.41,89.5,25.09,89.5,25.12,True,0.7752
561,7,1702.15,325.78,108.16,12.3,108.17,12.32,False,0.6909
561,10,1075.72,422.51,60.9,21.88,60.89,21.9,True,0.8127
561,12,1240.32,643.32,71.47,41.62,71.46,41.61,True,0.7862
561,14,1530.05,503.56,92.81,29.45,92.8,29.48,True,0.794
561,15,971.62,314.54,53.37,11.15,53.35,11.14,True,0.7881
561,17,770.38,370.58,38.49,16.81,38.48,16.83,True,0.8049
561,18,847.27,233.02,43.77,2.5,43.75,2.47,True,0.7696
561,19,1615.36,369.2,100.93,16.68,100.92,16.7,True,0.7362
561,36,1379.24,353.78,83.64,15.14,83.64,15.16,True,0.8057
561,38,771.1,950.64,40.82,65.02,40.82,65.01,True,0.5461
561,46,1564.76,599.45,93.99,37.91,93.97,37.9,True,0.8147
561,69,1395.62,253.11,86.0,4.68,85.99,4.7,True,0.6986
561,70,987.9,981.03,54.21,67.11,54.12,67.32,True,0.5758
561,76,1806.6,366.24,115.13,16.38,115.1,16.42,False,0.6774
561,81,1847.02,374.89,117.93,17.24,117.96,17.26,False,0.6381
561,92,1046.01,1017.45,57.72,69.58,57.78,69.62,False,0.5607
561,101,1164.18,966.08,65.07,66.09,65.06,66.08,True,0.834
561,103,106.15,404.94,-9.85,20.19,-9.87,20.17,False,0.8297
561,108,1863.9,826.38,110.42,56.06,110.33,56.02,False,0.782
562,2,1909.28,807.45,113.67,54.64,113.61,54.67,False,0.6762
562,4,1787.42,409.56,112.83,20.63,112.81,20.64,False,0.7376
562,5,1476.12,455.9,89.56,25.05,89.55,25.08,True,0.787
562,7,1703.36,325.57,108.25,12.28,108.23,12.29,False,0.6397
562,10,1077.1,422.95,61.0,21.92,60.98,21.91,True,0.8108
562,12,1240.97,642.8,71.52,41.57,71.5,41.59,True,0.7842
562,14,1530.04,504.08,92.8,29.5,92.8,29.49,True,0.8156
562,15,972.0,314.32,53.4,11.12,53.37,11.14,True,0.7845
562,17,770.56,370.68,38.51,16.82,38.49,16.83,True,0.7833
562,18,846.9,232.25,43.74,2.42,43.74,2.44,True,0.7595
562,19,1615.6,369.3,100.95,16.69,100.95,16.69,True,0.731
562,36,1379.94,353.64,83.7,15.12,83.69,15.13,True,0.8094
562,38,771.52,950.55,40.84,65.01,40.84,65.01,True,0.5656
562,46,1567.05,599.72,94.14,37.93,94.11,37.97,True,0.8199
562,69,1395.76,253.15,86.01,4.68,86.01,4.7,True,0.6985
562,70,984.61,981.48,54.01,67.14,54.12,66.75,True,0.4308
562,76,1806.8,366.5,115.14,16.41,115.12,16.41,False,0.6851
562,81,1848.0,374.53,118.01,17.21,117.98,17.21,False,0.6328
562,92,1046.04,1016.7,57.72,69.53,57.73,69.59,False,0.445
562,101,1161.44,965.37,64.91,66.04,64.91,66.07,True,0.8254
562,103,105.48,404.48,-9.91,20.14,-9.91,20.15,False,0.8381
562,108,1853.19,827.28,109.72,56.13,109.72,56.11,False,0.7821
563,2,1908.74,812.0,113.55,54.98,113.56,54.9,False,0.647
563,4,1787.43,409.65,112.83,20.64,112.82,20.64,False,0.7345
563,5,1476.62,455.64,89.6,25.02,89.6,25.03,True,0.7862
563,7,1703.89,325.34,108.29,12.25,108.3,12.27,False,0.6267
563,10,1078.08,423.28,61.07,21.95,61.06,21.93,True,0.8083
563,12,1241.34,642.69,71.54,41.56,71.53,41.58,True,0.7867
563,14,1529.98,504.59,92.79,29.54,92.8,29.5,True,0.8043
563,15,972.12,314.19,53.41,11.11,53.38,11.11,True,0.7768
563,17,770.4,370.79,38.5,16.83,38.5,16.83,True,0.7969
563,18,846.83,232.0,43.73,2.39,43.73,2.4,True,0.7673
563,19,1615.94,369.35,100.97,16.69,100.97,16.69,True,0.7295
563,36,1380.37,353.88,83.73,15.15,83.73,15.1,True,0.8039
563,38,771.66,950.54,40.85,65.01,40.86,65.01,True,0.6165
563,46,1569.0,600.84,94.26,38.03,94.23,38.07,True,0.8337
563,69,1396.09,253.04,86.03,4.67,86.02,4.68,True,0.6988
563,70,986.34,978.66,54.12,66.95,54.1,66.12,True,0.4086
563,76,1806.91,366.64,115.14,16.42,115.14,16.37,False,0.6836
563,81,1848.44,373.97,118.05,17.15,117.98,17.19,False,0.6433
563,101,1158.84,965.21,64.75,66.03,64.74,66.03,True,0.8241
563,103,104.66,404.38,-9.97,20.13,-9.97,20.11,False,0.8322
563,108,1842.04,827.85,109.0,56.17,109.06,56.15,False,0.767
564,2,1908.48,815.76,113.47,55.26,113.52,55.04,False,0.6529
564,4,1787.47,409.64,112.83,20.64,112.82,20.65,False,0.7275
564,5,1477.13,455.76,89.64,25.03,89.64,24.99,True,0.7771
564,7,1704.95,325.3,108.37,12.25,108.36,12.25,False,0.682
564,10,1078.76,423.22,61.12,21.95,61.15,21.94,True,0.8136
564,12,1241.55,642.84,71.56,41.58,71.55,41.57,True,0.7924
564,14,1530.03,504.23,92.8,29.51,92.8,29.51,True,0.8108
564,15,971.73,314.38,53.38,11.13,53.37,11.06,True,0.787
564,17,770.4,370.82,38.5,16.84,38.51,16.84,True,0.7944
564,18,846.45,231.84,43.7,2.37,43.71,2.37,True,0.7517
564,19,1616.23,369.3,100.99,16.69,100.98,16.69,True,0.7271
564,36,1381.17,353.27,83.79,15.09,83.77,15.05,True,0.8044
564,38,771.96,950.49,40.87,65.01,40.88,65.01,True,0.688
564,46,1570.44,602.22,94.34,38.15,94.34,38.17,True,0.8477
564,69,1396.16,253.44,86.03,4.71,86.04,4.68,True,0.7004
564,76,1806.68,366.15,115.13,16.37,115.15,16.33,False,0.6884
564,81,1847.54,373.98,117.98,17.15,117.98,17.19,False,0.6297
564,101,1155.88,965.6,64.56,66.05,64.57,66.02,True,0.8446
564,103,104.08,403.96,-10.02,20.09,-10.03,20.07,False,0.8245
564,108,1832.75,828.44,108.39,56.21,108.41,56.17,False,0.7863
565,2,1907.8,816.18,113.41,55.29,113.5,55.13,False,0.6389
565,4,1787.27,409.99,112.81,20.67,112.82,20.65,False,0.734
565,5,1477.63,454.77,89.69,24.94,89.68,24.96,True,0.7754
565,7,1705.63,325.27,108.43,12.25,108.41,12.25,False,0.7538
565,10,1080.24,423.19,61.23,21.95,61.23,21.94,True,0.8199
565,12,1241.6,642.79,71.56,41.57,71.56,41.58,True,0.7974
565,14,1530.1,504.04,92.81,29.49,92.8,29.51,True,0.8092
565,15,971.25,313.34,53.35,11.02,53.35,11.01,True,0.8012
565,17,770.54,371.02,38.51,16.86,38.5,16.84,True,0.8083
565,18,846.4,231.45,43.7,2.33,43.7,2.36,True,0.7581
565,19,1616.22,369.24,100.99,16.68,100.99,16.68,True,0.7325
565,36,1381.34,352.45,83.81,15.0,83.82,15.0,True,0.8056
565,38,772.49,950.31,40.9,64.99,40.9,65.01,True,0.7015
565,46,1572.16,604.19,94.44,38.32,94.43,38.29,True,0.8539
565,69,1396.36,253.02,86.05,4.67,86.05,4.68,True,0.7106
565,70,986.64,950.8,54.15,65.03,54.05,65.5,True,0.487
565,76,1806.65,365.02,115.16,16.26,115.16,16.27,False,0.6899
565,81,1847.1,374.63,117.94,17.22,117.95,17.18,False,0.6412
565,101,1153.1,963.83,64.4,65.93,64.38,66.0,True,0.8422
565,103,103.62,403.08,-10.08,20.01,-10.09,20.04,False,0.8208
565,108,1822.76,828.2,107.76,56.19,107.79,56.18,False,0.8018
566,2,1908.44,812.49,113.52,55.02,113.5,55.17,False,0.6218
566,4,1787.3,409.78,112.82,20.65,112.81,20.65,False,0.7324
566,5,1478.12,454.53,89.72,24.92,89.72,24.92,True,0.7714
566,7,1706.2,325.15,108.47,12.24,108.45,12.26,False,0.7644
566,10,1081.3,423.06,61.31,21.93,61.3,21.95,True,0.8119
566,12,1241.62,643.03,71.56,41.59,71.56,41.58,True,0.7933
566,14,1529.97,504.06,92.8,29.5,92.8,29.49,True,0.8038
566,15,970.8,312.45,53.31,10.93,53.33,10.95,True,0.8032
566,17,770.56,370.95,38.51,16.85,38.5,16.84,True,0.81
566,18,846.22,231.44,43.68,2.33,43.68,2.35,True,0.7515
566,19,1616.39,369.29,101.01,16.69,101.0,16.68,True,0.7344
566,36,1381.62,351.52,83.84,14.91,83.87,14.95,True,0.8032
566,38,772.86,950.66,40.93,65.02,40.92,65.02,True,0.6876
566,46,1573.76,605.55,94.53,38.43,94.52,38.39,True,0.8449
566,69,1396.54,253.12,86.07,4.68,86.06,4.68,True,0.7091
566,70,984.42,941.59,54.01,64.39,53.88,65.04,True,0.4903
566,76,1806.7,364.45,115.17,16.2,115.18,16.17,False,0.6782
566,81,1846.76,374.59,117.91,17.21,117.92,17.17,False,0.6489
566,101,1150.26,965.36,64.22,66.04,64.17,65.96,True,0.8353
566,103,102.71,402.95,-10.15,19.99,-10.16,20.0,False,0.8142
566,108,1813.47,827.87,107.17,56.17,107.22,56.19,False,0.8072
567,2,1909.27,813.27,113.56,55.08,113.52,55.25,False,0.6034
567,4,1787.17,409.67,112.81,20.64,112.8,20.64,False,0.748
567,5,1478.66,454.05,89.77,24.87,89.76,24.89,True,0.7714
567,7,1706.24,325.44,108.47,12.27,108.48,12.25,False,0.7631
567,10,1082.62,423.11,61.4,21.94,61.4,21.94,True,0.806
567,12,1241.56,642.98,71.56,41.59,71.56,41.59,True,0.7866
567,14,1529.81,503.98,92.79,29.49,92.8,29.49,True,0.8122
567,15,970.58,311.7,53.3,10.85,53.31,10.88,True,0.8032
567,17,770.44,370.87,38.5,16.84,38.5,16.83,True,0.8112
567,18,846.09,231.76,43.68,2.36,43.67,2.35,True,0.7448
567,19,1616.43,369.05,101.01,16.66,101.01,16.67,True,0.7415
567,36,1382.53,351.1,83.92,14.87,83.91,14.91,True,0.8009
567,38,773.16,950.84,40.95,65.03,40.95,65.03,True,0.629
567,46,1574.78,606.5,94.58,38.51,94.61,38.47,True,0.8395
567,69,1396.56,253.02,86.07,4.67,86.07,4.67,True,0.7094
567,70,983.5,936.02,53.96,64.0,53.67,64.61,True,0.3669
567,76,1806.84,363.24,115.21,16.08,115.2,16.07,False,0.6796
567,81,1846.26,374.07,117.89,17.16,117.9,17.15,False,0.6755
567,101,1146.42,964.37,63.98,65.97,63.94,65.9,True,0.8042
567,103,101.63,402.85,-10.23,19.98,-10.24,19.96,False,0.812
567,108,1805.38,827.42,106.65,56.14,106.67,56.22,False,0.7951
568,2,1909.8,815.04,113.56,55.21,113.53,55.45,False,0.5738
568,4,1786.76,409.54,112.78,20.63,112.79,20.63,False,0.7491
568,5,1479.0,453.77,89.8,24.85,89.8,24.87,True,0.7659
568,7,1706.62,325.51,108.5,12.27,108.5,12.25,False,0.779
568,10,1083.34,423.33,61.45,21.96,61.5,21.94,True,0.8147
568,12,1241.53,642.95,71.56,41.59,71.56,41.6,True,0.7844
568,14,1529.84,503.88,92.79,29.48,92.79,29.48,True,0.8096
568,15,970.65,311.29,53.3,10.81,53.31,10.83,True,0.8051
568,17,770.46,370.64,38.5,16.82,38.5,16.81,True,0.8105
568,18,845.83,231.67,43.65,2.35,43.64,2.38,True,0.7271
568,19,1616.55,369.09,101.02,16.67,101.02,16.67,True,0.7407
568,36,1383.26,351.23,83.97,14.88,83.96,14.88,True,0.7963
568,38,773.54,951.13,40.97,65.05,41.0,65.05,True,0.5502
568,46,1576.42,606.7,94.69,38.53,94.72,38.52,True,0.8283
568,69,1396.65,252.92,86.08,4.66,86.07,4.67,True,0.7132
568,76,1806.76,361.64,115.23,15.92,115.22,15.97,False,0.6905
568,81,1846.11,373.47,117.89,17.1,117.89,17.12,False,0.6727
568,101,1141.71,962.3,63.7,65.83,63.69,65.83,True,0.7887
568,103,100.36,402.36,-10.33,19.94,-10.3,19.95,False,0.8029
568,108,1797.68,828.86,106.14,56.24,106.14,56.27,False,0.7853
569,2,1911.06,820.7,113.54,55.63,113.53,55.69,False,0.5537
569,4,1786.61,409.5,112.77,20.63,112.77,20.62,False,0.7512
569,5,1479.56,453.97,89.83,24.87,89.83,24.83,True,0.7681
569,7,1706.94,325.24,108.52,12.24,108.54,12.24,False,0.7858
569,10,1085.5,423.09,61.61,21.94,61.59,21.95,True,0.829
569,12,1241.47,642.97,71.55,41.59,71.56,41.6,True,0.7759
569,14,1529.84,503.88,92.79,29.48,92.8,29.48,True,0.81
569,15,970.77,311.29,53.31,10.81,53.31,10.79,True,0.7937
569,17,770.44,370.13,38.5,16.77,38.5,16.79,True,0.8129
569,18,845.36,232.04,43.62,2.39,43.6,2.41,True,0.713
569,19,1616.56,369.13,101.02,16.67,101.03,16.66,True,0.7422
569,36,1383.94,351.19,84.02,14.88,84.02,14.86,True,0.7994
569,38,774.36,951.22,41.02,65.06,41.06,65.07,True,0.5529
569,46,1578.2,607.04,94.81,38.56,94.83,38.55,True,0.8192
569,69,1396.58,252.83,86.07,4.65,86.08,4.67,True,0.7114
569,76,1806.84,361.23,115.25,15.88,115.25,15.87,False,0.6976
569,81,1846.05,373.24,117.89,17.08,117.89,17.09,False,0.6806
569,101,1136.72,960.7,63.4,65.71,63.42,65.71,True,0.7304
569,103,99.66,402.0,-10.39,19.9,-10.36,19.94,False,0.7777
569,108,1790.04,830.49,105.62,56.37,105.59,56.35,False,0.7884
570,2,1912.24,829.75,113.46,56.31,113.55,55.86,False,0.5072
570,4,1786.34,409.28,112.76,20.61,112.76,20.62,False,0.7515
570,5,1479.94,453.75,89.86,24.85,89.87,24.78,True,0.7703
570,7,1707.4,325.19,108.56,12.24,108.58,12.23,False,0.7819
570,10,1087.01,423.01,61.72,21.93,61.68,21.95,True,0.8339
570,12,1241.42,643.32,71.55,41.62,71.55,41.61,True,0.7722
570,14,1529.88,503.81,92.8,29.47,92.8,29.48,True,0.811
570,15,970.76,310.73,53.31,10.75,53.3,10.78,True,0.7914
570,17,770.45,370.04,38.5,16.76,38.5,16.77,True,0.8148
570,18,844.52,232.56,43.56,2.45,43.56,2.42,True,0.6615
570,19,1616.6,368.97,101.03,16.65,101.04,16.66,True,0.739
570,36,1384.63,350.93,84.07,14.85,84.07,14.86,True,0.8
570,38,775.78,951.57,41.11,65.08,41.16,65.08,True,0.5272
570,46,1580.67,607.05,94.98,38.56,94.96,38.56,True,0.8225
570,69,1396.67,253.05,86.08,4.67,86.08,4.68,True,0.7092
570,70,970.74,947.77,53.16,64.82,53.42,64.64,True,0.3755
570,76,1806.7,360.16,115.26,15.78,115.26,15.79,False,0.7018
570,81,1845.82,373.16,117.88,17.07,117.88,17.06,False,0.6955
570,101,1132.39,959.11,63.14,65.6,63.16,65.6,True,0.7931
570,103,99.32,402.4,-10.4,19.94,-10.4,19.93,False,0.822
570,108,1782.4,831.57,105.12,56.45,105.03,56.44,False,0.7623
571,2,1913.14,828.51,113.54,56.22,113.59,55.94,False,0.5076
571,4,1786.31,409.35,112.75,20.61,112.75,20.62,False,0.7504
571,5,1480.34,452.38,89.91,24.72,89.91,24.72,True,0.7738
571,7,1708.37,324.74,108.64,12.19,108.62,12.2,False,0.7848
571,10,1087.96,423.31,61.79,21.96,61.75,21.95,True,0.8389
571,12,1241.69,643.45,71.56,41.63,71.55,41.62,True,0.7732
571,14,1530.08,503.85,92.81,29.48,92.81,29.48,True,0.8151
571,15,970.82,310.61,53.32,10.74,53.29,10.78,True,0.7986
571,17,770.51,369.97,38.5,16.75,38.5,16.77,True,0.8111
571,18,843.86,233.01,43.51,2.5,43.52,2.42,True,0.6736
571,19,1616.96,368.84,101.06,16.64,101.05,16.65,True,0.7372
571,36,1385.38,350.74,84.13,14.83,84.12,14.85,True,0.7962
571,38,778.38,951.99,41.27,65.11,41.26,65.09,True,0.6123
571,46,1582.55,607.21,95.11,38.57,95.08,38.6,True,0.8347
571,69,1396.86,253.21,86.09,4.69,86.09,4.68,True,0.6989
571,70,969.14,947.82,53.07,64.82,53.19,64.82,True,0.5524
571,76,1806.72,359.52,115.28,15.71,115.26,15.74,False,0.6904
571,81,1845.76,372.97,117.88,17.05,117.88,17.05,False,0.6908
571,101,1127.93,957.08,62.87,65.46,62.91,65.5,True,0.779
571,103,98.85,402.32,-10.44,19.93,-10.43,19.93,False,0.8222
571,108,1771.72,833.11,104.41,56.56,104.47,56.53,True,0.7957
572,2,1913.84,824.32,113.66,55.91,113.6,56.01,False,0.4219
572,4,1786.25,409.44,112.75,20.62,112.75,20.61,False,0.7468
572,5,1480.82,451.04,89.96,24.59,89.96,24.66,True,0.7692
572,7,1708.84,324.66,108.68,12.19,108.68,12.15,False,0.7811
572,10,1088.22,423.38,61.81,21.96,61.79,21.96,True,0.8384
572,12,1241.37,643.51,71.54,41.63,71.54,41.63,True,0.7761
572,14,1530.45,503.91,92.83,29.48,92.83,29.48,True,0.8032
572,15,970.38,310.95,53.28,10.78,53.28,10.77,True,0.8014
572,17,770.58,370.18,38.51,16.77,38.5,16.76,True,0.8073
572,18,843.32,232.37,43.46,2.43,43.47,2.41,True,0.6637
572,19,1617.24,368.96,101.07,16.65,101.07,16.65,True,0.7346
572,36,1385.88,350.8,84.17,14.84,84.18,14.84,True,0.7887
572,38,780.86,952.05,41.43,65.11,41.37,65.1,True,0.4793
572,46,1584.3,607.52,95.22,38.6,95.2,38.65,True,0.8367
572,69,1397.04,253.42,86.1,4.71,86.1,4.68,True,0.6986
572,70,966.7,953.14,52.91,65.19,52.97,65.04,True,0.5621
572,76,1806.56,359.21,115.27,15.68,115.27,15.67,False,0.6858
572,81,1845.66,372.68,117.87,17.02,117.87,17.03,False,0.6759
572,101,1124.66,956.35,62.67,65.41,62.7,65.39,True,0.6768
572,103,98.76,402.66,-10.44,19.96,-10.45,19.94,False,0.8255
572,108,1763.16,833.69,103.86,56.6,103.9,56.62,True,0.7991
573,2,1914.01,820.39,113.74,55.61,113.65,55.91,False,0.3567
573,4,1786.05,409.53,112.73,20.63,112.76,20.59,False,0.737
573,5,1481.44,450.91,90.01,24.58,90.01,24.58,True,0.7655
573,7,1709.32,324.11,108.72,12.13,108.72,12.1,False,0.7764
573,10,1088.12,423.37,61.8,21.96,61.8,21.97,True,0.8347
573,12,1241.24,643.58,71.53,41.64,71.52,41.64,True,0.7782
573,14,1530.54,503.96,92.84,29.49,92.84,29.48,True,0.8052
573,15,969.86,311.44,53.24,10.83,53.26,10.77,True,0.7992
573,17,770.52,370.19,38.5,16.78,38.5,16.76,True,0.8041
573,18,842.94,231.47,43.43,2.33,43.42,2.37,True,0.6758
573,19,1617.44,368.92,101.09,16.65,101.09,16.65,True,0.7323
573,36,1386.66,350.9,84.22,14.85,84.24,14.84,True,0.7869
573,38,781.48,951.87,41.46,65.1,41.49,65.1,True,0.399
573,46,1585.54,608.69,95.29,38.7,95.3,38.72,True,0.8329
573,69,1397.02,253.02,86.1,4.67,86.11,4.66,True,0.7051
573,70,965.86,954.39,52.86,65.28,52.89,65.09,True,0.5251
573,76,1806.3,358.83,115.26,15.64,115.27,15.63,False,0.6779
573,81,1845.48,372.63,117.86,17.02,117.88,17.0,False,0.6726
573,101,1121.52,954.99,62.48,65.32,62.53,65.29,True,0.7554
573,103,98.2,402.36,-10.49,19.94,-10.47,19.95,False,0.8203
573,108,1755.5,834.85,103.35,56.69,103.29,56.7,True,0.8181
574,4,1786.2,409.01,112.75,20.58,112.77,20.57,False,0.7419
574,5,1482.14,450.85,90.06,24.57,90.05,24.49,True,0.7501
574,7,1709.8,323.09,108.78,12.02,108.76,12.06,False,0.771
574,10,1088.24,423.5,61.81,21.98,61.8,21.97,True,0.8336
574,12,1240.89,643.62,71.51,41.64,71.5,41.63,True,0.772
574,14,1530.72,504.03,92.85,29.49,92.84,29.48,True,0.8132
574,15,969.66,310.63,53.23,10.74,53.24,10.78,True,0.806
574,17,770.63,369.97,38.51,16.75,38.5,16.75,True,0.8034
574,18,842.26,231.34,43.38,2.32,43.39,2.33,True,0.6929
574,19,1617.62,369.05,101.1,16.66,101.11,16.65,True,0.7401
574,36,1387.72,350.86,84.3,14.84,84.29,14.85,True,0.7793
574,38,783.53,951.56,41.59,65.08,41.6,65.12,True,0.4611
574,46,1587.05,610.09,95.38,38.82,95.38,38.82,True,0.8331
574,69,1397.13,252.77,86.12,4.64,86.12,4.63,True,0.7136
574,70,965.79,951.74,52.86,65.09,52.81,65.17,True,0.6453
574,76,1806.4,357.81,115.29,15.54,115.27,15.61,False,0.6793
574,81,1845.58,372.15,117.88,16.97,117.88,16.96,False,0.6563
574,101,1119.54,952.73,62.36,65.16,62.39,65.2,True,0.8129
574,103,98.07,402.44,-10.49,19.94,-10.49,19.95,False,0.8245
574,108,1746.56,836.38,102.76,56.8,102.7,56.75,True,0.8003
575,4,1786.66,408.5,112.8,20.53,112.79,20.55,False,0.7554
575,5,1482.54,449.46,90.1,24.44,90.1,24.41,True,0.7596
575,7,1709.89,322.72,108.79,11.99,108.79,12.03,False,0.7654
575,10,1088.28,423.45,61.81,21.97,61.79,21.96,True,0.8338
575,12,1240.43,643.78,71.48,41.66,71.5,41.62,True,0.7697
575,14,1530.7,503.86,92.85,29.48,92.85,29.48,True,0.8197
575,15,969.6,311.03,53.22,10.78,53.23,10.75,True,0.7965
575,17,770.41,369.72,38.49,16.73,38.49,16.73,True,0.8036
575,18,841.62,230.84,43.33,2.26,43.35,2.29,True,0.7004
575,19,1618.22,368.97,101.15,16.65,101.13,16.64,True,0.7394
575,36,1388.46,350.99,84.36,14.86,84.34,14.86,True,0.7735
575,38,785.5,952.18,41.71,65.12,41.67,65.1,True,0.6225
575,46,1588.88,611.06,95.49,38.9,95.44,38.94,True,0.8336
575,69,1397.18,252.19,86.13,4.58,86.13,4.59,True,0.7052
575,70,964.21,951.24,52.76,65.06,52.71,65.08,True,0.5983
575,76,1806.3,358.31,115.27,15.59,115.27,15.59,False,0.6758
575,81,1845.71,372.03,117.89,16.96,117.9,16.91,False,0.6659
575,101,1117.86,951.61,62.26,65.08,62.29,65.1,True,0.8343
575,103,97.98,402.57,-10.5,19.96,-10.5,19.94,False,0.8247
575,108,1735.91,836.79,102.07,56.83,102.1,56.84,True,0.8013
576,4,1786.92,408.33,112.82,20.51,112.82,20.52,False,0.7589
576,5,1482.81,447.71,90.14,24.28,90.14,24.31,True,0.7559
576,7,1710.18,322.7,108.82,11.98,108.82,11.99,False,0.7767
576,10,1087.86,423.35,61.78,21.96,61.77,21.95,True,0.833
576,12,1240.06,643.12,71.46,41.6,71.5,41.62,True,0.7756
576,14,1530.68,503.71,92.85,29.46,92.85,29.48,True,0.8207
576,15,969.77,310.74,53.24,10.75,53.22,10.71,True,0.8012
576,17,770.2,369.59,38.48,16.72,38.48,16.7,True,0.8042
576,18,841.66,231.16,43.33,2.3,43.3,2.26,True,0.7032
576,19,1618.35,368.86,101.16,16.64,101.15,16.62,True,0.7439
576,36,1389.02,351.07,84.4,14.86,84.4,14.86,True,0.7582
576,38,786.68,952.81,41.79,65.17,41.73,65.07,True,0.5822
576,46,1589.42,613.15,95.5,39.08,95.5,39.05,True,0.8342
576,69,1397.21,251.9,86.13,4.55,86.13,4.56,True,0.7088
576,70,962.6,953.95,52.66,65.25,52.66,64.99,True,0.6157
576,76,1806.24,358.31,115.27,15.59,115.26,15.59,False,0.6823
576,81,1845.72,370.97,117.92,16.85,117.91,16.84,False,0.675
576,101,1116.74,950.87,62.19,65.03,62.21,64.99,True,0.8378
576,103,97.89,402.49,-10.51,19.95,-10.51,19.93,False,0.8197
576,108,1726.59,836.99,101.47,56.85,101.48,56.92,True,0.7951
577,4,1787.26,408.07,112.85,20.49,112.86,20.49,False,0.7646
577,5,1483.19,446.46,90.19,24.16,90.17,24.2,True,0.7535
577,7,1710.41,323.04,108.83,12.02,108.84,11.98,False,0.7756
577,10,1087.33,423.05,61.74,21.93,61.74,21.96,True,0.8353
577,12,1240.79,642.78,71.51,41.57,71.52,41.6,True,0.7852
577,14,1530.64,503.92,92.85,29.48,92.85,29.47,True,0.8148
577,15,969.6,309.98,53.22,10.67,53.21,10.67,True,0.7982
577,17,770.06,369.08,38.46,16.67,38.47,16.68,True,0.8068
577,18,840.85,230.41,43.27,2.22,43.25,2.25,True,0.7042
577,19,1618.41,368.38,101.17,16.6,101.16,16.58,True,0.7301
577,36,1389.64,351.08,84.44,14.87,84.45,14.87,True,0.7283
577,38,787.04,950.67,41.8,65.02,41.75,65.05,True,0.584
577,46,1590.4,614.39,95.55,39.19,95.55,39.15,True,0.8389
577,69,1397.38,251.67,86.15,4.52,86.14,4.54,True,0.7075
577,76,1806.1,358.22,115.26,15.58,115.25,15.61,False,0.6871
577,81,1845.66,369.81,117.94,16.74,117.93,16.77,False,0.6785
577,101,1115.84,949.34,62.14,64.93,62.15,64.89,True,0.8101
577,103,97.78,402.08,-10.52,19.91,-10.53,19.91,False,0.8282
577,108,1717.14,839.43,100.83,57.03,100.87,56.99,True,0.7784
578,4,1787.8,407.99,112.89,20.48,112.89,20.47,False,0.7652
578,5,1483.28,445.67,90.2,24.08,90.19,24.13,True,0.7558
578,7,1710.8,322.12,108.87,11.92,108.88,11.96,False,0.7786
578,10,1087.06,423.07,61.72,21.93,61.71,21.98,True,0.8344
578,12,1241.65,643.23,71.56,41.61,71.56,41.59,True,0.7869
578,14,1530.68,503.9,92.85,29.48,92.85,29.47,True,0.8114
578,15,969.26,309.14,53.2,10.59,53.2,10.62,True,0.7957
578,17,770.04,368.96,38.46,16.65,38.45,16.65,True,0.8064
578,18,839.99,230.35,43.2,2.21,43.19,2.23,True,0.7028
578,19,1618.11,367.72,101.16,16.53,101.16,16.55,True,0.732
578,36,1390.25,351.25,84.49,14.88,84.51,14.88,True,0.7129
578,38,786.09,950.06,41.74,64.98,41.75,65.02,True,0.594
578,46,1590.98,615.34,95.58,39.27,95.58,39.26,True,0.8382
578,69,1397.28,251.7,86.14,4.53,86.13,4.53,True,0.7065
578,76,1805.92,358.69,115.23,15.63,115.24,15.63,False,0.688
578,81,1845.47,369.09,117.94,16.67,117.94,16.7,False,0.6848
578,101,1115.12,947.0,62.1,64.76,62.1,64.78,True,0.8391
578,103,97.73,401.91,-10.53,19.89,-10.55,19.87,False,0.8255
578,108,1708.88,840.42,100.29,57.1,100.26,57.06,True,0.7741
579,4,1788.16,407.81,112.92,20.46,112.93,20.44,False,0.7655
579,5,1483.12,445.23,90.2,24.04,90.2,24.09,True,0.7542
579,7,1711.39,322.56,108.91,11.97,108.92,11.93,False,0.776
579,10,1086.22,423.83,61.66,22.01,61.67,21.99,True,0.827
579,12,1242.2,642.79,71.6,41.57,71.6,41.58,True,0.7857
579,14,1530.73,503.61,92.86,29.45,92.86,29.46,True,0.8215
579,15,968.86,308.76,53.17,10.55,53.18,10.56,True,0.7983
579,17,769.71,368.71,38.44,16.63,38.44,16.62,True,0.8011
579,18,838.72,230.61,43.1,2.24,43.13,2.2,True,0.6985
579,19,1618.09,367.23,101.17,16.48,101.16,16.51,True,0.7244
579,36,1391.26,351.35,84.56,14.89,84.59,14.88,True,0.7149
579,38,785.85,949.93,41.73,64.97,41.76,64.97,True,0.6494
579,46,1591.57,615.66,95.61,39.29,95.63,39.34,True,0.8392
579,69,1397.16,251.69,86.13,4.52,86.13,4.53,True,0.7101
579,76,1805.92,359.15,115.23,15.68,115.24,15.62,False,0.6907
579,81,1845.5,368.77,117.95,16.63,117.95,16.65,False,0.673
579,101,1114.34,945.28,62.06,64.64,62.06,64.68,True,0.8438
579,103,97.32,401.37,-10.57,19.84,-10.58,19.84,False,0.8146
579,108,1699.78,840.62,99.71,57.12,99.64,57.13,True,0.7857
580,4,1788.86,407.27,112.98,20.41,112.98,20.41,False,0.7664
580,5,1483.33,445.81,90.21,24.1,90.21,24.08,True,0.7633
580,7,1712.06,321.8,108.97,11.89,108.98,11.9,False,0.7731
580,10,1085.82,424.51,61.63,22.07,61.64,22.01,True,0.8257
580,12,1242.89,643.18,71.65,41.61,71.64,41.57,True,0.7915
580,14,1530.8,503.78,92.86,29.47,92.87,29.45,True,0.8222
580,15,968.66,308.8,53.15,10.55,53.16,10.52,True,0.7958
580,17,769.48,368.43,38.42,16.6,38.43,16.59,True,0.7898
580,18,838.1,230.12,43.05,2.18,43.08,2.16,True,0.6912
580,19,1618.04,367.23,101.16,16.48,101.16,16.49,True,0.727
580,36,1392.47,351.34,84.65,14.89,84.68,14.88,True,0.743
580,38,785.54,949.68,41.71,64.95,41.77,64.96,True,0.6646
580,46,1592.57,617.52,95.65,39.45,95.68,39.41,True,0.8473
580,69,1397.01,251.81,86.12,4.54,86.13,4.54,True,0.7089
580,70,958.45,946.6,52.4,64.74,52.6,65.0,True,0.4275
580,76,1805.86,359.22,115.22,15.68,115.25,15.62,False,0.7025
580,81,1845.56,368.54,117.96,16.61,117.95,16.61,False,0.6769
580,101,1113.36,943.87,62.0,64.54,62.02,64.58,True,0.8331
580,103,96.86,400.79,-10.62,19.78,-10.61,19.8,False,0.8074
580,108,1689.06,841.46,99.01,57.18,99.03,57.17,True,0.7806
581,4,1789.32,406.66,113.03,20.35,113.02,20.37,False,0.7613
581,5,1483.5,445.71,90.22,24.09,90.23,24.05,True,0.7591
581,7,1712.72,321.62,109.03,11.87,109.03,11.86,False,0.7756
581,10,1085.59,424.12,61.61,22.03,61.6,22.02,True,0.8279
581,12,1243.53,642.58,71.69,41.56,71.67,41.55,True,0.7972
581,14,1531.13,503.4,92.89,29.44,92.89,29.42,True,0.8256
581,15,968.56,307.93,53.15,10.46,53.15,10.47,True,0.7938
581,17,769.38,368.02,38.41,16.56,38.42,16.57,True,0.7893
581,18,837.88,229.8,43.03,2.15,43.03,2.12,True,0.69
581,19,1617.92,367.15,101.15,16.47,101.17,16.47,True,0.7303
581,36,1394.24,351.07,84.79,14.86,84.8,14.87,True,0.7314
581,38,787.22,949.27,41.81,64.92,41.73,64.96,True,0.6842
581,46,1593.98,618.06,95.74,39.5,95.75,39.44,True,0.8525
581,69,1397.2,251.9,86.13,4.55,86.14,4.54,True,0.7189
581,70,961.6,947.65,52.6,64.81,52.58,65.01,True,0.6402
581,76,1805.98,357.78,115.26,15.54,115.27,15.59,False,0.7106
581,81,1845.52,368.21,117.96,16.58,117.96,16.58,False,0.7019
581,101,1113.03,943.33,61.98,64.51,61.99,64.54,True,0.4978
581,103,96.44,400.69,-10.65,19.77,-10.65,19.76,False,0.8132
581,108,1679.2,841.77,98.38,57.2,98.4,57.2,True,0.7574
582,4,1789.76,406.42,113.06,20.33,113.06,20.34,False,0.7473
582,5,1483.74,445.75,90.24,24.09,90.26,24.0,True,0.7657
582,7,1713.56,321.22,109.1,11.83,109.09,11.8,False,0.7694
582,10,1084.92,423.91,61.57,22.01,61.56,22.01,True,0.8242
582,12,1243.68,642.14,71.71,41.52,71.69,41.53,True,0.7982
582,14,1531.4,502.99,92.91,29.4,92.92,29.39,True,0.8227
582,15,968.41,307.62,53.13,10.43,53.14,10.41,True,0.7924
582,17,769.48,367.65,38.41,16.52,38.42,16.54,True,0.7967
582,18,837.58,228.75,43.01,2.03,42.99,2.06,True,0.6721
582,19,1618.26,367.15,101.18,16.47,101.18,16.46,True,0.7213
582,36,1396.24,351.25,84.93,14.88,84.94,14.84,True,0.7471
582,38,787.94,949.87,41.86,64.96,41.66,64.96,True,0.693
582,46,1595.14,618.4,95.82,39.52,95.83,39.45,True,0.8588
582,69,1397.22,251.96,86.13,4.55,86.17,4.53,True,0.7087
582,70,961.38,952.4,52.59,65.14,52.59,64.97,True,0.6643
582,76,1806.63,358.02,115.3,15.56,115.29,15.55,False,0.7057
582,81,1845.46,367.91,117.96,16.55,117.96,16.57,False,0.6794
582,101,1112.24,942.78,61.94,64.47,61.97,64.51,True,0.6582
582,103,95.97,400.14,-10.7,19.72,-10.69,19.71,False,0.8043
582,108,1669.63,842.35,97.76,57.25,97.77,57.22,True,0.7958
583,4,1790.31,406.1,113.11,20.3,113.1,20.32,False,0.7598
583,5,1484.29,444.03,90.3,23.93,90.3,23.92,True,0.7659
583,7,1714.04,320.27,109.15,11.74,109.13,11.75,False,0.7748
583,10,1084.28,423.31,61.52,21.96,61.51,21.98,True,0.8227
583,12,1243.76,641.63,71.71,41.48,71.68,41.49,True,0.7943
583,14,1531.76,502.32,92.95,29.34,92.95,29.35,True,0.8271
583,15,968.53,306.87,53.14,10.35,53.14,10.36,True,0.7949
583,17,769.64,367.67,38.43,16.53,38.42,16.51,True,0.8077
583,18,836.94,228.35,42.96,1.99,42.95,2.02,True,0.6597
583,19,1618.34,366.99,101.19,16.46,101.19,16.45,True,0.7177
583,36,1397.94,350.73,85.07,14.83,85.09,14.79,True,0.785
583,46,1596.42,617.23,95.92,39.43,95.9,39.43,True,0.858
583,69,1398.01,251.66,86.2,4.52,86.2,4.51,True,0.7284
583,70,962.58,952.08,52.66,65.12,52.65,65.02,True,0.4111
583,76,1806.96,357.41,115.34,15.5,115.32,15.5,False,0.7032
583,81,1845.39,367.8,117.96,16.54,117.95,16.54,False,0.693
583,103,95.74,399.65,-10.72,19.67,-10.74,19.66,False,0.7971
583,108,1659.72,842.28,97.13,57.24,97.18,57.24,True,0.8088
584,4,1790.62,406.35,113.13,20.32,113.13,20.31,False,0.7594
584,5,1484.82,442.73,90.35,23.81,90.34,23.82,True,0.7608
584,7,1714.31,319.79,109.18,11.69,109.17,11.7,False,0.7637
584,10,1083.39,423.3,61.46,21.96,61.46,21.95,True,0.8273
584,12,1243.08,641.38,71.67,41.46,71.66,41.46,True,0.7853
584,14,1532.25,501.81,92.99,29.29,92.99,29.32,True,0.8238
584,15,968.52,306.18,53.14,10.28,53.13,10.33,True,0.7953
584,17,769.64,367.34,38.42,16.49,38.42,16.49,True,0.8108
584,18,836.36,228.11,42.91,1.96,42.9,1.98,True,0.635
584,19,1618.76,366.71,101.22,16.43,101.22,16.43,True,0.7228
584,36,1400.22,349.76,85.25,14.73,85.25,14.73,True,0.7927
584,38,782.73,950.33,41.54,65.0,41.61,64.96,True,0.521
584,46,1597.34,616.12,96.0,39.33,95.99,39.4,True,0.8495
584,69,1398.57,251.19,86.25,4.47,86.23,4.48,True,0.7286
584,70,963.08,951.17,52.69,65.05,52.66,65.01,True,0.7437
584,76,1806.91,357.1,115.34,15.47,115.35,15.47,False,0.7137
584,81,1845.28,367.95,117.95,16.55,117.95,16.52,False,0.6957
584,103,95.16,398.91,-10.78,19.6,-10.77,19.62,False,0.7852
584,108,1650.86,842.3,96.57,57.24,96.62,57.29,True,0.7935
585,4,1791.12,406.37,113.16,20.32,113.17,20.29,False,0.7599
585,5,1485.04,441.24,90.39,23.67,90.38,23.68,True,0.7672
585,7,1714.43,319.37,109.2,11.64,109.21,11.65,False,0.7716
585,10,1082.52,423.03,61.39,21.93,61.41,21.92,True,0.8335
585,12,1242.32,640.96,71.62,41.42,71.63,41.43,True,0.7848
585,14,1532.68,501.86,93.02,29.29,93.03,29.3,True,0.8284
585,15,968.33,306.26,53.13,10.29,53.13,10.3,True,0.7997
585,17,769.53,366.99,38.41,16.46,38.42,16.47,True,0.8113
585,18,835.54,228.09,42.85,1.96,42.85,1.95,True,0.639
585,19,1618.76,366.54,101.23,16.41,101.25,16.39,True,0.7328
585,36,1402.46,348.85,85.42,14.64,85.41,14.67,True,0.7806
585,38,780.48,950.02,41.4,64.97,41.54,64.97,True,0.4812
585,46,1598.06,616.46,96.04,39.36,96.07,39.38,True,0.8451
585,69,1398.86,250.91,86.27,4.44,86.27,4.44,True,0.726
585,70,963.12,949.8,52.69,64.96,52.67,64.88,True,0.7227
585,76,1807.03,356.72,115.36,15.43,115.37,15.42,False,0.6974
585,81,1844.91,367.27,117.94,16.49,117.94,16.49,False,0.6979
585,103,94.6,398.44,-10.83,19.55,-10.79,19.57,False,0.7935
585,108,1642.84,842.87,96.05,57.28,96.08,57.33,True,0.7913
586,4,1791.71,406.15,113.21,20.3,113.23,20.26,False,0.7483
586,5,1485.18,440.35,90.41,23.58,90.42,23.57,True,0.7757
586,7,1714.9,319.1,109.24,11.61,109.24,11.61,False,0.7722
586,10,1082.03,422.7,61.36,21.9,61.35,21.88,True,0.8311
586,12,1241.7,640.78,71.58,41.41,71.61,41.4,True,0.787
586,14,1533.39,501.85,93.07,29.29,93.07,29.28,True,0.8312
586,15,968.31,306.42,53.13,10.31,53.13,10.27,True,0.8026
586,17,769.73,366.86,38.43,16.44,38.42,16.43,True,0.816
586,18,834.64,227.95,42.78,1.95,42.8,1.92,True,0.6576
586,19,1619.1,366.09,101.26,16.37,101.29,16.34,True,0.7298
586,36,1404.44,348.08,85.58,14.56,85.56,14.62,True,0.7863
586,38,781.12,949.83,41.43,64.96,41.48,64.97,True,0.3957
586,46,1599.73,616.52,96.16,39.37,96.14,39.38,True,0.8211
586,69,1399.34,250.62,86.31,4.41,86.3,4.4,True,0.7285
586,70,962.89,947.1,52.68,64.77,52.67,64.72,True,0.5824
586,76,1807.36,356.31,115.39,15.39,115.39,15.36,False,0.7014
586,81,1844.86,367.23,117.93,16.48,117.93,16.45,False,0.6832
586,103,94.74,398.35,-10.82,19.54,-10.81,19.54,False,0.7895
586,108,1635.68,844.74,95.57,57.42,95.54,57.37,True,0.7964
587,4,1792.2,405.34,113.26,20.22,113.29,20.21,False,0.7511
587,5,1485.54,438.81,90.45,23.43,90.46,23.47,True,0.7681
587,7,1715.36,318.59,109.28,11.56,109.27,11.58,False,0.7627
587,10,1081.28,422.03,61.31,21.83,61.31,21.85,True,0.8346
587,12,1241.73,640.42,71.58,41.38,71.6,41.37,True,0.7865
587,14,1533.92,501.75,93.11,29.28,93.11,29.26,True,0.83
587,15,968.1,305.99,53.11,10.26,53.12,10.24,True,0.7979
587,17,769.66,366.52,38.42,16.41,38.41,16.39,True,0.8146
587,18,834.36,227.62,42.75,1.91,42.75,1.87,True,0.6516
587,19,1619.99,365.25,101.34,16.28,101.33,16.29,True,0.7333
587,36,1406.4,348.16,85.72,14.57,85.7,14.59,True,0.7886
587,38,782.02,949.54,41.49,64.94,41.46,64.96,True,0.4906
587,46,1600.7,616.92,96.22,39.4,96.2,39.39,True,0.8276
587,69,1399.36,250.25,86.32,4.37,86.32,4.35,True,0.7211
587,70,962.13,942.93,52.63,64.48,52.67,64.55,True,0.759
587,76,1807.6,355.41,115.43,15.3,115.41,15.31,False,0.6977
587,81,1844.36,366.55,117.91,16.41,117.92,16.42,False,0.6899
587,103,94.95,397.96,-10.82,19.51,-10.82,19.5,False,0.7809
587,108,1628.16,845.1,95.08,57.45,94.97,57.42,True,0.8024
588,4,1793.5,404.34,113.38,20.13,113.36,20.14,False,0.7396
588,5,1486.32,438.12,90.52,23.37,90.5,23.37,True,0.7687
588,7,1715.66,318.61,109.31,11.56,109.31,11.55,False,0.7639
588,10,1080.51,421.66,61.25,21.8,61.28,21.83,True,0.829
588,12,1242.06,640.1,71.61,41.35,71.59,41.36,True,0.7817
588,14,1534.48,501.37,93.15,29.25,93.15,29.24,True,0.8264
588,15,968.22,305.62,53.12,10.22,53.12,10.21,True,0.7872
588,17,769.46,365.87,38.4,16.35,38.4,16.36,True,0.8133
588,18,833.79,226.64,42.7,1.8,42.71,1.81,True,0.6504
588,19,1620.56,364.53,101.39,16.21,101.38,16.24,True,0.7417
588,36,1407.88,348.58,85.83,14.61,85.83,14.57,True,0.7978
588,38,782.44,949.88,41.52,64.96,41.45,64.96,True,0.5761
588,46,1601.44,617.15,96.26,39.42,96.28,39.39,True,0.8364
588,69,1399.58,249.87,86.34,4.33,86.34,4.28,True,0.7288
588,70,962.82,941.08,52.67,64.35,52.67,64.39,True,0.7426
588,76,1807.71,354.72,115.45,15.23,115.43,15.25,False,0.677
588,81,1844.38,365.85,117.93,16.34,117.92,16.38,False,0.6686
588,103,95.06,397.74,-10.81,19.49,-10.83,19.46,False,0.7822
588,108,1618.16,845.36,94.44,57.47,94.4,57.48,True,0.7858
589,4,1794.2,403.67,113.44,20.06,113.43,20.08,False,0.7367
589,5,1486.63,437.26,90.55,23.29,90.56,23.29,True,0.7659
589,7,1716.06,318.5,109.34,11.55,109.35,11.52,False,0.7582
589,10,1080.45,421.7,61.25,21.8,61.26,21.81,True,0.8282
589,12,1241.86,639.61,71.6,41.31,71.59,41.34,True,0.7898
589,14,1534.98,500.78,93.2,29.2,93.2,29.21,True,0.8168
589,15,968.27,304.79,53.12,10.14,53.11,10.17,True,0.7881
589,17,769.13,365.4,38.38,16.3,38.39,16.32,True,0.7985
589,18,833.32,226.12,42.67,1.75,42.67,1.74,True,0.6485
589,19,1620.8,364.0,101.42,16.16,101.42,16.2,True,0.7443
589,36,1409.67,348.26,85.97,14.58,85.95,14.54,True,0.789
589,38,781.3,950.28,41.45,64.99,41.42,64.96,True,0.5807
589,46,1602.36,616.82,96.33,39.39,96.33,39.4,True,0.8498
589,69,1399.74,248.57,86.37,4.19,86.36,4.2,True,0.7204
589,70,963.12,938.51,52.69,64.17,52.68,64.27,True,0.748
589,76,1807.3,354.21,115.43,15.18,115.44,15.19,False,0.6776
589,81,1844.07,366.06,117.9,16.36,117.92,16.33,False,0.6834
589,103,94.9,397.0,-10.84,19.41,-10.85,19.42,False,0.7821
589,108,1607.08,845.56,93.73,57.48,93.82,57.56,True,0.8098
590,4,1795.06,403.08,113.52,20.01,113.5,20.04,False,0.7232
590,5,1487.1,436.37,90.59,23.2,90.61,23.24,True,0.7845
590,7,1716.62,317.92,109.39,11.49,109.39,11.48,False,0.752
590,10,1080.46,422.07,61.25,21.84,61.25,21.81,True,0.823
590,12,1241.59,640.16,71.58,41.35,71.6,41.33,True,0.7849
590,14,1535.56,500.53,93.24,29.17,93.24,29.18,True,0.8199
590,15,968.12,304.8,53.11,10.14,53.11,10.12,True,0.7956
590,17,769.14,365.39,38.38,16.3,38.38,16.28,True,0.8075
590,18,832.84,225.28,42.63,1.65,42.64,1.66,True,0.6659
590,19,1621.54,364.2,101.47,16.18,101.45,16.18,True,0.7544
590,36,1410.66,347.72,86.05,14.53,86.06,14.52,True,0.7931
590,38,779.97,949.94,41.36,64.97,41.39,64.96,True,0.5605
590,46,1603.4,616.32,96.41,39.35,96.39,39.42,True,0.8402
590,69,1399.73,247.55,86.38,4.08,86.38,4.13,True,0.7105
590,70,963.2,938.32,52.7,64.16,52.7,64.23,True,0.7753
590,76,1807.12,353.81,115.43,15.14,115.44,15.13,False,0.6766
590,81,1843.96,365.31,117.91,16.29,117.92,16.27,False,0.6701
590,103,94.68,396.6,-10.87,19.37,-10.87,19.39,False,0.7807
590,108,1598.94,847.16,93.2,57.6,93.19,57.62,True,0.8133
591,4,1795.57,402.94,113.56,19.99,113.54,20.01,False,0.7187
591,5,1488.08,435.97,90.67,23.17,90.66,23.18,True,0.784
591,7,1717.24,317.34,109.45,11.43,109.45,11.41,False,0.7487
591,10,1080.5,421.69,61.25,21.8,61.26,21.8,True,0.8194
591,12,1241.75,639.8,71.59,41.32,71.6,41.33,True,0.778
591,14,1536.22,500.24,93.29,29.15,93.29,29.15,True,0.8148
591,15,968.07,304.16,53.11,10.07,53.11,10.07,True,0.7991
591,17,769.18,364.99,38.38,16.26,38.37,16.25,True,0.8104
591,18,832.5,224.6,42.6,1.58,42.61,1.59,True,0.6795
591,19,1621.76,364.18,101.49,16.18,101.48,16.18,True,0.7445
591,36,1412.18,346.76,86.17,14.43,86.17,14.48,True,0.7814
591,38,779.0,949.66,41.3,64.95,41.36,64.97,True,0.7232
591,46,1604.13,617.3,96.45,39.43,96.44,39.45,True,0.8385
591,69,1399.92,247.04,86.4,4.02,86.38,4.06,True,0.721
591,70,963.34,938.92,52.71,64.2,52.71,64.23,True,0.7742
591,76,1807.08,353.26,115.44,15.09,115.45,15.07,False,0.6766
591,81,1844.02,364.71,117.93,16.23,117.92,16.21,False,0.6598
591,103,94.44,396.24,-10.89,19.34,-10.89,19.36,False,0.7828
591,108,1590.84,849.6,92.65,57.78,92.57,57.68,True,0.8182
592,4,1795.98,403.05,113.59,20.0,113.59,19.99,False,0.7288
592,5,1488.74,435.83,90.72,23.15,90.71,23.13,True,0.778
592,7,1717.44,316.58,109.48,11.36,109.51,11.33,False,0.7592
592,10,1080.45,421.56,61.25,21.79,61.27,21.78,True,0.8255
592,12,1241.88,639.81,71.6,41.32,71.6,41.33,True,0.7816
592,14,1536.8,500.08,93.33,29.13,93.34,29.12,True,0.8264
592,15,967.99,303.67,53.1,10.02,53.1,10.03,True,0.7981
592,17,769.2,364.53,38.38,16.21,38.36,16.23,True,0.808
592,18,832.3,224.22,42.58,1.54,42.58,1.52,True,0.674
592,19,1621.95,364.12,101.5,16.17,101.51,16.18,True,0.7512
592,36,1413.72,346.88,86.28,14.44,86.26,14.45,True,0.7751
592,38,779.24,949.69,41.32,64.95,41.35,64.98,True,0.7211
592,46,1604.88,617.96,96.49,39.49,96.49,39.49,True,0.8371
592,69,1399.84,246.95,86.39,4.01,86.39,4.01,True,0.7151
592,70,963.6,939.89,52.72,64.27,52.72,64.26,True,0.7719
592,76,1807.2,352.47,115.46,15.01,115.46,14.99,False,0.6789
592,81,1843.68,363.59,117.93,16.12,117.93,16.14,False,0.6779
592,103,94.02,396.21,-10.92,19.34,-10.92,19.34,False,0.7778
592,108,1579.8,849.6,91.95,57.78,91.97,57.74,True,0.8127
593,4,1796.36,403.1,113.61,20.01,113.63,19.97,False,0.721
593,5,1489.44,435.1,90.78,23.08,90.77,23.08,True,0.7815
593,7,1718.3,315.28,109.57,11.22,109.57,11.26,False,0.7644
593,10,1081.01,421.54,61.29,21.79,61.3,21.74,True,0.8145
593,12,1242.05,639.91,71.61,41.33,71.6,41.33,True,0.787
593,14,1537.56,499.59,93.39,29.09,93.4,29.08,True,0.8216
593,15,967.79,303.25,53.09,9.98,53.1,9.99,True,0.7964
593,17,768.88,364.26,38.35,16.19,38.34,16.19,True,0.8027
593,18,832.35,223.45,42.58,1.45,42.55,1.48,True,0.6756
593,19,1622.44,364.43,101.53,16.2,101.54,16.16,True,0.75
593,36,1414.94,346.85,86.37,14.44,86.35,14.44,True,0.7803
593,38,779.85,950.57,41.36,65.01,41.37,64.98,True,0.709
593,46,1605.62,618.89,96.53,39.57,96.54,39.55,True,0.8377
593,69,1399.66,246.89,86.38,4.01,86.39,3.99,True,0.717
593,70,963.58,940.76,52.72,64.33,52.75,64.3,True,0.7896
593,76,1807.22,351.64,115.48,14.92,115.48,14.93,False,0.6798
593,81,1843.62,362.9,117.94,16.05,117.94,16.07,False,0.67
593,103,93.66,396.18,-10.95,19.33,-10.94,19.31,False,0.7746
593,108,1569.52,849.37,91.3,57.76,91.37,57.82,True,0.8154
594,4,1796.9,402.59,113.66,19.96,113.67,19.93,False,0.7165
594,5,1489.8,434.74,90.81,23.05,90.81,23.03,True,0.7798
594,7,1719.22,314.76,109.65,11.17,109.63,11.18,False,0.7663
594,10,1081.54,420.34,61.33,21.67,61.33,21.71,True,0.8037
594,12,1242.08,639.89,71.61,41.33,71.59,41.33,True,0.788
594,14,1538.43,499.09,93.46,29.04,93.46,29.05,True,0.823
594,15,967.91,302.94,53.1,9.95,53.09,9.95,True,0.8006
594,17,768.28,364.06,38.31,16.17,38.32,16.17,True,0.7804
594,18,831.71,222.89,42.53,1.39,42.52,1.44,True,0.7033
594,19,1622.84,363.86,101.57,16.15,101.56,16.13,True,0.7474
594,36,1415.84,346.76,86.44,14.43,86.44,14.44,True,0.7764
594,38,780.78,950.42,41.42,65.0,41.39,65.01,True,0.7326
594,46,1606.46,619.39,96.58,39.61,96.58,39.59,True,0.8362
594,69,1399.88,246.33,86.4,3.95,86.39,3.96,True,0.7202
594,70,964.16,941.13,52.76,64.35,52.77,64.33,True,0.7866
594,76,1807.18,350.57,115.5,14.81,115.49,14.86,False,0.6626
594,81,1843.56,362.41,117.94,16.0,117.94,16.02,False,0.6512
594,103,93.51,396.08,-10.96,19.32,-10.97,19.29,False,0.7763
594,108,1560.98,849.89,90.75,57.8,90.76,57.89,True,0.8041
595,4,1797.54,401.85,113.72,19.89,113.73,19.88,False,0.715
595,5,1490.33,433.85,90.86,22.96,90.85,22.97,True,0.7882
595,7,1719.84,314.25,109.71,11.12,109.68,11.14,False,0.7853
595,10,1081.92,420.15,61.36,21.65,61.36,21.67,True,0.8065
595,12,1241.64,640.07,71.58,41.35,71.58,41.33,True,0.7933
595,14,1539.34,498.76,93.53,29.01,93.51,29.02,True,0.8212
595,15,967.97,302.65,53.1,9.91,53.07,9.9,True,0.8019
595,17,767.92,363.74,38.28,16.13,38.29,16.15,True,0.7816
595,18,831.08,223.5,42.48,1.46,42.48,1.37,True,0.7167
595,19,1623.19,363.37,101.61,16.1,101.59,16.08,True,0.745
595,36,1416.86,347.09,86.51,14.46,86.53,14.43,True,0.7756
595,38,781.11,950.6,41.44,65.01,41.39,65.03,True,0.7253
595,46,1607.29,619.83,96.63,39.65,96.63,39.63,True,0.8373
595,69,1399.83,246.5,86.4,3.96,86.4,3.92,True,0.7242
595,70,965.12,940.78,52.82,64.33,52.8,64.36,True,0.7856
595,76,1807.19,350.54,115.5,14.81,115.5,14.8,False,0.6894
595,81,1843.54,362.01,117.95,15.96,117.95,15.97,False,0.6678
595,103,93.23,395.22,-11.0,19.24,-11.0,19.26,False,0.7747
595,108,1552.64,852.56,90.19,58.0,90.17,57.97,True,0.8035
596,4,1798.28,401.04,113.79,19.81,113.79,19.83,False,0.7127
596,5,1490.51,433.39,90.88,22.92,90.89,22.9,True,0.7841
596,7,1719.98,313.63,109.73,11.05,109.73,11.11,False,0.78
596,10,1082.49,420.04,61.4,21.64,61.4,21.62,True,0.8076
596,12,1241.29,639.92,71.56,41.33,71.58,41.33,True,0.8005
596,14,1539.89,498.55,93.57,28.99,93.58,28.99,True,0.8197
596,15,967.28,302.31,53.05,9.88,53.04,9.86,True,0.8087
596,17,767.81,363.7,38.27,16.13,38.28,16.14,True,0.7805
596,18,830.44,222.68,42.43,1.37,42.42,1.31,True,0.7242
596,19,1623.04,362.52,101.61,16.01,101.62,16.03,True,0.7449
596,36,1418.16,346.53,86.62,14.41,86.64,14.41,True,0.7742
596,38,780.26,951.73,41.39,65.09,41.37,65.04,True,0.5504
596,46,1608.07,619.79,96.68,39.64,96.68,39.7,True,0.8374
596,69,1399.76,245.72,86.4,3.88,86.42,3.86,True,0.7271
596,70,964.96,941.4,52.81,64.37,52.84,64.37,True,0.7493
596,76,1806.94,350.11,115.49,14.77,115.51,14.74,False,0.7091
596,81,1843.46,362.24,117.94,15.98,117.96,15.89,False,0.6797
596,103,92.88,395.09,-11.03,19.23,-11.04,19.21,False,0.7619
596,108,1544.16,854.21,89.63,58.12,89.56,58.07,True,0.8017
597,4,1799.11,400.45,113.87,19.75,113.86,19.8,False,0.7124
597,5,1490.82,432.38,90.91,22.82,90.95,22.8,True,0.7867
597,7,1720.47,314.31,109.75,11.12,109.77,11.09,False,0.7788
597,10,1082.84,419.5,61.43,21.59,61.43,21.59,True,0.8167
597,12,1241.3,639.82,71.56,41.33,71.58,41.33,True,0.7992
597,14,1540.52,498.12,93.62,28.95,93.64,28.98,True,0.8225
597,15,966.5,301.4,52.99,9.78,53.01,9.82,True,0.8082
597,17,767.62,363.65,38.26,16.12,38.28,16.12,True,0.7788
597,18,829.58,221.16,42.36,1.2,42.39,1.27,True,0.7085
597,19,1623.34,362.03,101.64,15.96,101.63,15.97,True,0.7463
597,36,1419.55,346.61,86.72,14.42,86.76,14.39,True,0.7664
597,38,779.36,951.3,41.33,65.06,41.33,65.06,True,0.6451
597,46,1608.99,620.45,96.73,39.7,96.73,39.8,True,0.8385
597,69,1400.02,244.94,86.43,3.8,86.43,3.82,True,0.7253
597,70,966.16,941.84,52.88,64.4,52.88,64.38,True,0.7378
597,76,1807.14,349.35,115.52,14.69,115.53,14.67,False,0.7037
597,81,1843.26,360.76,117.96,15.84,117.98,15.81,False,0.6951
597,103,92.44,394.39,-11.08,19.16,-11.08,19.16,False,0.7649
597,108,1533.9,854.72,88.97,58.16,88.94,58.16,True,0.7896
598,4,1800.02,400.54,113.93,19.76,113.93,19.78,False,0.7038
598,5,1491.71,431.49,90.99,22.74,91.01,22.7,True,0.7759
598,7,1721.11,314.24,109.8,11.11,109.82,11.07,False,0.7835
598,10,1083.26,419.19,61.46,21.56,61.47,21.55,True,0.8069
598,12,1241.72,639.78,71.59,41.32,71.58,41.31,True,0.7969
598,14,1541.62,498.31,93.7,28.97,93.7,28.97,True,0.8186
598,15,966.11,301.19,52.96,9.76,52.97,9.78,True,0.8137
598,17,767.82,363.72,38.27,16.13,38.28,16.1,True,0.7764
598,18,829.17,220.54,42.32,1.13,42.37,1.22,True,0.7227
598,19,1623.32,361.52,101.65,15.91,101.65,15.93,True,0.7542
598,36,1421.83,345.85,86.9,14.34,86.91,14.36,True,0.7809
598,38,778.35,951.26,41.27,65.06,41.29,65.07,True,0.7033
598,46,1610.15,623.12,96.78,39.92,96.79,39.91,True,0.8337
598,69,1400.42,244.35,86.47,3.73,86.45,3.76,True,0.7149
598,70,966.6,941.79,52.91,64.4,52.91,64.38,True,0.7478
598,76,1807.21,348.4,115.55,14.6,115.55,14.59,False,0.7066
598,81,1843.6,359.34,118.01,15.69,118.01,15.71,False,0.6892
598,103,91.87,393.73,-11.13,19.09,-11.13,19.11,False,0.7727
598,108,1523.04,856.01,88.27,58.25,88.31,58.23,True,0.8022
599,4,1800.95,400.86,113.99,19.79,114.0,19.78,False,0.691
599,5,1492.74,429.48,91.09,22.55,91.08,22.6,True,0.7839
599,7,1721.86,313.62,109.87,11.05,109.88,11.05,False,0.7866
599,10,1084.06,418.69,61.52,21.51,61.5,21.51,True,0.8158
599,12,1241.74,639.55,71.59,41.3,71.58,41.29,True,0.7988
599,14,1542.66,498.31,93.77,28.97,93.76,28.96,True,0.8132
599,15,965.68,301.09,52.93,9.75,52.94,9.74,True,0.8123
599,17,768.24,363.29,38.3,16.09,38.28,16.07,True,0.7724
599,18,829.34,221.25,42.34,1.21,42.37,1.18,True,0.726
599,19,1623.4,361.27,101.66,15.89,101.69,15.9,True,0.7522
599,36,1423.84,345.73,87.05,14.33,87.06,14.33,True,0.7824
599,38,777.94,951.39,41.24,65.07,41.27,65.07,True,0.719
599,46,1611.65,625.25,96.85,40.1,96.86,40.04,True,0.8415
599,69,1400.45,244.43,86.47,3.74,86.48,3.72,True,0.7281
599,70,967.64,941.62,52.97,64.39,52.94,64.38,True,0.7702
599,76,1807.16,347.07,115.57,14.46,115.58,14.52,False,0.7076
599,81,1843.6,358.06,118.04,15.57,118.07,15.59,False,0.6869
599,103,91.35,393.38,-11.18,19.06,-11.18,19.06,False,0.7688
599,108,1513.36,856.49,87.65,58.29,87.67,58.28,True,0.8029
600,4,1802.02,400.89,114.07,19.79,114.08,19.8,False,0.7212
600,5,1493.68,428.74,91.17,22.48,91.16,22.51,True,0.7867
600,7,1722.96,313.27,109.96,11.01,109.96,11.02,False,0.7808
600,10,1084.26,418.27,61.53,21.47,61.54,21.47,True,0.8062
600,12,1241.74,639.29,71.59,41.28,71.58,41.26,True,0.8
600,14,1543.36,498.34,93.82,28.97,93.82,28.97,True,0.8098
600,15,965.74,300.74,52.93,9.72,52.92,9.7,True,0.8125
600,17,768.15,362.68,38.29,16.03,38.27,16.03,True,0.7754
600,18,829.84,221.08,42.38,1.19,42.39,1.15,True,0.7177
600,19,1624.0,361.42,101.7,15.9,101.74,15.86,True,0.7707
600,36,1426.4,345.63,87.24,14.32,87.23,14.3,True,0.772
600,38,777.88,951.76,41.24,65.09,41.25,65.08,True,0.6382
600,46,1612.9,626.45,96.92,40.2,96.95,40.16,True,0.8447
600,69,1400.76,243.79,86.5,3.67,86.5,3.71,True,0.7343
600,70,967.6,941.08,52.97,64.35,52.94,64.37,True,0.6872
600,76,1807.54,346.76,115.61,14.43,115.61,14.44,False,0.7017
600,81,1844.4,357.34,118.12,15.49,118.13,15.48,False,0.6871
600,103,90.71,392.92,-11.23,19.01,-11.24,19.02,False,0.7664
600,108,1504.0,857.26,87.05,58.34,87.05,58.33,True,0.8326
601,4,1803.26,401.17,114.16,19.82,114.15,19.79,False,0.7453
601,5,1494.43,427.97,91.23,22.4,91.24,22.43,True,0.7837
601,7,1723.9,312.95,110.04,10.98,110.04,10.96,False,0.7963
601,10,1084.57,417.89,61.56,21.44,61.59,21.43,True,0.8033
601,12,1241.44,638.61,71.58,41.22,71.56,41.23,True,0.8014
601,14,1544.19,498.21,93.88,28.96,93.88,28.96,True,0.8223
601,15,965.32,300.31,52.9,9.67,52.91,9.66,True,0.8108
601,17,767.82,362.19,38.26,15.98,38.27,15.96,True,0.7899
601,18,830.55,220.94,42.43,1.18,42.43,1.13,True,0.715
601,19,1625.24,360.98,101.8,15.86,101.81,15.79,True,0.7698
601,36,1428.44,345.01,87.4,14.25,87.39,14.27,True,0.7666
601,38,778.12,951.75,41.26,65.09,41.25,65.08,True,0.723
601,46,1614.62,627.31,97.02,40.28,97.04,40.23,True,0.8355
601,69,1401.11,243.67,86.53,3.66,86.51,3.68,True,0.7202
601,70,967.23,940.9,52.95,64.34,52.95,64.38,True,0.6879
601,76,1807.78,346.42,115.63,14.4,115.65,14.36,False,0.698
601,81,1845.42,355.8,118.23,15.34,118.19,15.41,False,0.6634
601,103,89.82,392.78,-11.3,19.0,-11.29,18.97,False,0.7835
601,108,1493.66,857.69,86.39,58.38,86.47,58.38,True,0.8312
601,111,1911.18,628.77,117.17,40.4,116.89,40.43,False,0.6385
602,4,1804.2,401.15,114.23,19.82,114.25,19.76,False,0.7534
602,5,1495.68,427.48,91.33,22.36,91.3,22.38,True,0.8007
602,7,1724.77,312.48,110.11,10.93,110.13,10.91,False,0.7933
602,10,1085.72,417.34,61.64,21.38,61.62,21.39,True,0.8075
602,12,1240.98,638.04,71.55,41.18,71.53,41.19,True,0.8077
602,14,1545.16,498.39,93.95,28.98,93.93,28.93,True,0.8318
602,15,965.09,299.51,52.89,9.59,52.89,9.61,True,0.8089
602,17,767.68,361.5,38.25,15.91,38.25,15.9,True,0.7946
602,18,830.92,219.82,42.46,1.05,42.46,1.08,True,0.7048
602,19,1626.52,359.64,101.91,15.72,101.87,15.74,True,0.7714
602,36,1430.33,344.97,87.54,14.25,87.55,14.22,True,0.7782
602,38,778.06,951.57,41.25,65.08,41.24,65.08,True,0.728
602,46,1616.88,627.66,97.17,40.31,97.12,40.26,True,0.8522
602,69,1401.28,244.51,86.53,3.75,86.54,3.61,True,0.7293
602,70,966.55,941.41,52.91,64.37,52.95,64.37,True,0.7317
602,76,1808.33,345.68,115.69,14.32,115.69,14.27,False,0.7023
602,81,1845.84,355.67,118.26,15.33,118.26,15.35,False,0.6724
602,103,89.53,392.04,-11.34,18.93,-11.35,18.94,False,0.7719
602,108,1485.75,857.99,85.88,58.4,85.93,58.45,True,0.8238
602,111,1907.05,629.79,116.86,40.49,116.78,40.4,False,0.7734
603,4,1805.18,400.43,114.31,19.75,114.35,19.72,False,0.7513
603,5,1496.37,427.52,91.38,22.36,91.37,22.33,True,0.7964
603,7,1726.02,311.58,110.22,10.84,110.22,10.86,False,0.7927
603,10,1086.23,417.04,61.68,21.35,61.65,21.36,True,0.8091
603,12,1240.36,637.69,71.51,41.15,71.5,41.16,True,0.8121
603,14,1545.42,497.71,93.98,28.92,93.99,28.9,True,0.8202
603,15,965.07,299.1,52.88,9.55,52.86,9.55,True,0.8045
603,17,767.52,360.54,38.23,15.81,38.24,15.84,True,0.7899
603,18,831.73,219.38,42.52,1.01,42.49,1.02,True,0.7122
603,19,1626.98,358.4,101.97,15.6,101.94,15.68,True,0.7738
603,36,1432.32,344.33,87.7,14.19,87.71,14.17,True,0.7717
603,38,778.04,951.3,41.25,65.06,41.22,65.08,True,0.7594
603,46,1617.64,627.2,97.23,40.27,97.21,40.27,True,0.8492
603,69,1401.16,242.89,86.54,3.57,86.58,3.55,True,0.7066
603,70,967.47,942.27,52.96,64.43,52.93,64.37,True,0.7073
603,76,1808.58,344.22,115.74,14.17,115.75,14.18,False,0.7137
603,81,1846.24,355.61,118.29,15.32,118.34,15.28,False,0.6655
603,103,89.08,391.41,-11.39,18.87,-11.42,18.91,False,0.7822
603,108,1477.84,859.14,85.37,58.48,85.4,58.53,True,0.833
603,111,1903.31,628.75,116.63,40.4,116.69,40.39,False,0.8001
604,4,1806.9,399.21,114.46,19.63,114.45,19.65,False,0.7596
604,5,1496.74,426.79,91.41,22.29,91.43,22.28,True,0.7976
604,7,1726.88,311.09,110.3,10.79,110.32,10.79,False,0.7776
604,10,1086.13,416.79,61.67,21.33,61.69,21.34,True,0.8119
604,12,1239.36,637.49,71.44,41.13,71.46,41.14,True,0.82
604,14,1545.86,496.84,94.02,28.84,94.05,28.85,True,0.8182
604,15,964.47,298.84,52.84,9.52,52.84,9.48,True,0.809
604,17,767.38,360.05,38.22,15.77,38.23,15.78,True,0.7953
604,18,831.76,219.14,42.52,0.98,42.52,0.94,True,0.724
604,19,1626.91,358.51,101.96,15.61,101.99,15.62,True,0.7658
604,36,1434.56,343.48,87.88,14.1,87.86,14.11,True,0.7571
604,38,776.88,951.41,41.18,65.07,41.14,65.07,True,0.7902
604,46,1618.13,627.15,97.26,40.26,97.28,40.25,True,0.8514
604,69,1401.76,241.25,86.61,3.4,86.61,3.47,True,0.6911
604,70,967.04,941.44,52.94,64.37,52.91,64.37,True,0.7761
604,76,1808.99,342.78,115.8,14.03,115.81,14.08,False,0.7183
604,81,1847.28,354.94,118.39,15.25,118.42,15.23,False,0.6392
604,103,87.66,391.58,-11.49,18.88,-11.5,18.87,False,0.7822
604,108,1471.47,861.35,84.94,58.64,84.88,58.62,True,0.8231
604,111,1900.5,628.0,116.45,40.33,116.51,40.38,False,0.8082
605,4,1808.32,398.53,114.58,19.56,114.55,19.59,False,0.7756
605,5,1497.67,426.17,91.49,22.23,91.47,22.21,True,0.8045
605,7,1728.48,310.98,110.42,10.78,110.41,10.71,False,0.7295
605,10,1086.47,416.67,61.7,21.32,61.72,21.32,True,0.8149
605,12,1238.86,637.39,71.41,41.12,71.42,41.12,True,0.8232
605,14,1547.02,496.37,94.11,28.79,94.11,28.79,True,0.8452
605,15,964.1,297.79,52.81,9.41,52.82,9.42,True,0.8204
605,17,767.56,359.73,38.23,15.73,38.22,15.72,True,0.8067
605,18,831.98,218.34,42.54,0.89,42.55,0.87,True,0.7086
605,19,1627.87,358.39,102.04,15.6,102.04,15.6,True,0.7742
605,36,1436.55,342.87,88.03,14.04,88.0,14.04,True,0.7564
605,38,776.36,951.66,41.15,65.09,41.05,65.07,True,0.783
605,46,1619.32,626.66,97.35,40.22,97.34,40.22,True,0.867
605,69,1402.56,240.83,86.68,3.35,86.66,3.36,True,0.6936
605,70,966.38,941.17,52.9,64.36,52.89,64.36,True,0.7423
605,76,1809.98,342.1,115.89,13.96,115.88,14.01,False,0.7295
605,81,1849.02,353.9,118.54,15.15,118.52,15.16,False,0.7197
605,103,86.31,391.49,-11.59,18.88,-11.6,18.83,False,0.7805
605,108,1463.55,862.84,84.43,58.75,84.31,58.73,True,0.8306
605,111,1899.08,628.08,116.36,40.34,116.36,40.35,False,0.8177
605,113,1122.38,940.59,62.57,64.32,62.58,64.32,True,0.7003
606,4,1809.3,397.99,114.66,19.51,114.67,19.54,False,0.7557
606,5,1498.08,425.26,91.53,22.14,91.52,22.12,True,0.8037
606,7,1729.56,309.54,110.53,10.63,110.49,10.64,False,0.7906
606,10,1087.2,416.52,61.75,21.3,61.76,21.29,True,0.818
606,12,1238.42,637.14,71.38,41.1,71.38,41.1,True,0.8135
606,14,1547.94,495.6,94.18,28.72,94.17,28.74,True,0.8451
606,15,963.84,297.02,52.79,9.33,52.81,9.36,True,0.8294
606,17,767.66,359.1,38.24,15.67,38.21,15.66,True,0.8153
606,18,832.34,217.28,42.56,0.77,42.57,0.79,True,0.7088
606,19,1628.43,358.19,102.08,15.58,102.08,15.6,True,0.7733
606,36,1437.98,342.06,88.15,13.96,88.14,13.96,True,0.7609
606,38,772.17,951.29,40.89,65.06,40.96,65.07,True,0.7442
606,46,1619.88,626.13,97.4,40.18,97.39,40.19,True,0.8729
606,69,1402.96,240.17,86.71,3.28,86.72,3.27,True,0.7053
606,70,965.64,940.8,52.85,64.33,52.86,64.34,True,0.7187
606,76,1810.74,341.83,115.95,13.93,115.95,13.96,False,0.725
606,81,1850.04,353.22,118.63,15.08,118.63,15.07,False,0.7359
606,103,85.04,390.4,-11.7,18.77,-11.7,18.78,False,0.7834
606,108,1453.18,864.04,83.76,58.84,83.74,58.85,True,0.8122
606,111,1897.86,628.21,116.27,40.35,116.19,40.32,False,0.8151
606,113,1122.73,940.51,62.59,64.31,62.59,64.33,True,0.7592
607,4,1810.62,397.88,114.76,19.5,114.77,19.5,False,0.7802
607,5,1498.27,424.29,91.56,22.05,91.57,22.02,True,0.7982
607,7,1730.0,308.2,110.59,10.49,110.57,10.61,False,0.7802
607,10,1087.95,416.31,61.81,21.28,61.82,21.27,True,0.8125
607,12,1237.83,637.02,71.34,41.09,71.35,41.1,True,0.8104
607,14,1548.67,495.05,94.24,28.67,94.23,28.7,True,0.8253
607,15,963.82,296.52,52.79,9.28,52.79,9.29,True,0.8196
607,17,767.21,358.4,38.2,15.6,38.2,15.61,True,0.8157
607,18,832.92,216.42,42.6,0.68,42.6,0.71,True,0.7036
607,19,1629.15,358.58,102.13,15.62,102.14,15.57,True,0.7622
607,36,1439.35,341.53,88.26,13.9,88.28,13.89,True,0.7634
607,38,770.78,951.26,40.8,65.06,40.88,65.08,True,0.7372
607,46,1620.58,625.91,97.45,40.16,97.42,40.16,True,0.8692
607,69,1403.63,239.43,86.78,3.2,86.77,3.2,True,0.7293
607,70,965.08,940.84,52.82,64.33,52.84,64.34,True,0.6898
607,76,1811.54,342.12,116.01,13.96,116.02,13.93,False,0.732
607,81,1851.36,352.19,118.75,14.98,118.74,14.98,False,0.7444
607,103,83.51,390.06,-11.82,18.74,-11.8,18.73,False,0.7928
607,108,1442.21,865.57,83.05,58.95,83.17,58.95,True,0.8272
607,111,1895.43,627.79,116.11,40.32,115.98,40.27,False,0.8026
607,113,1122.62,940.91,62.58,64.34,62.6,64.34,True,0.7835
608,4,1812.0,397.69,114.87,19.48,114.86,19.47,False,0.7781
608,5,1498.83,422.42,91.62,21.87,91.62,21.91,True,0.7964
608,7,1730.62,308.62,110.63,10.53,110.63,10.55,False,0.8067
608,10,1089.01,415.89,61.89,21.24,61.88,21.22,True,0.813
608,12,1237.58,636.9,71.32,41.08,71.33,41.08,True,0.8121
608,14,1549.32,495.0,94.29,28.67,94.29,28.68,True,0.8238
608,15,963.94,296.21,52.8,9.24,52.78,9.22,True,0.8143
608,17,766.9,357.85,38.18,15.55,38.17,15.55,True,0.8106
608,18,833.45,215.96,42.64,0.63,42.62,0.65,True,0.7151
608,19,1629.68,358.43,102.17,15.6,102.2,15.53,True,0.7474
608,36,1441.02,340.7,88.39,13.82,88.4,13.83,True,0.7463
608,38,770.75,951.73,40.8,65.09,40.85,65.08,True,0.7352
608,46,1620.84,625.63,97.47,40.14,97.44,40.13,True,0.8678
608,69,1404.14,238.65,86.82,3.11,86.8,3.13,True,0.7172
608,70,965.02,940.82,52.81,64.33,52.83,64.34,True,0.6033
608,76,1812.52,341.72,116.09,13.92,116.09,13.9,False,0.741
608,81,1852.12,351.43,118.82,14.9,118.86,14.9,False,0.7487
608,103,82.82,389.21,-11.89,18.65,-11.9,18.68,False,0.8017
608,108,1434.34,866.97,82.54,59.06,82.6,59.0,True,0.8331
608,111,1890.28,627.05,115.78,40.25,115.72,40.21,False,0.7638
608,113,1123.04,941.22,62.61,64.36,62.6,64.34,True,0.7921
609,4,1813.32,397.63,114.97,19.47,114.97,19.44,False,0.7804
609,5,1499.32,421.53,91.67,21.79,91.67,21.81,True,0.807
609,7,1731.24,309.27,110.66,10.6,110.71,10.49,False,0.7996
609,10,1089.68,415.39,61.94,21.2,61.95,21.18,True,0.8158
609,12,1237.37,637.01,71.31,41.09,71.31,41.06,True,0.8206
609,14,1550.09,495.03,94.34,28.67,94.35,28.66,True,0.8168
609,15,963.67,295.5,52.78,9.17,52.78,9.15,True,0.8079
609,17,766.27,357.39,38.13,15.5,38.16,15.5,True,0.8154
609,18,833.44,215.33,42.64,0.56,42.64,0.58,True,0.7228
609,19,1630.72,356.82,102.27,15.44,102.27,15.47,True,0.7641
609,36,1443.03,339.79,88.55,13.73,88.54,13.78,True,0.7631
609,38,770.02,951.85,40.75,65.1,40.89,65.08,True,0.7227
609,46,1620.38,625.16,97.45,40.1,97.45,40.1,True,0.8621
609,69,1404.22,238.14,86.84,3.06,86.84,3.06,True,0.7291
609,70,965.27,941.05,52.83,64.35,52.83,64.36,True,0.5549
609,76,1813.35,341.07,116.16,13.86,116.16,13.86,False,0.7688
609,81,1853.86,350.23,118.98,14.78,118.97,14.84,False,0.7457
609,103,81.53,388.81,-12.0,18.61,-12.0,18.63,False,0.8028
609,108,1427.08,867.97,82.07,59.13,82.1,59.01,True,0.8153
609,111,1884.05,625.25,115.39,40.1,115.41,40.11,False,0.8106
609,113,1123.49,941.2,62.64,64.36,62.61,64.34,True,0.7958
610,4,1814.41,396.93,115.06,19.41,115.07,19.4,False,0.7956
610,5,1499.9,420.67,91.72,21.7,91.74,21.7,True,0.8063
610,7,1731.95,308.24,110.74,10.49,110.8,10.43,False,0.7964
610,10,1090.54,414.43,62.0,21.1,62.01,21.13,True,0.8287
610,12,1237.14,636.27,71.3,41.03,71.3,41.03,True,0.8212
610,14,1550.84,494.76,94.4,28.65,94.4,28.64,True,0.8243
610,15,963.33,294.66,52.75,9.08,52.79,9.08,True,0.8186
610,17,766.28,356.78,38.12,15.44,38.15,15.45,True,0.8115
610,18,833.68,215.64,42.66,0.59,42.66,0.52,True,0.7236
610,19,1631.52,356.49,102.34,15.41,102.33,15.39,True,0.7662
610,36,1444.64,339.94,88.67,13.74,88.7,13.75,True,0.7742
610,38,773.8,951.53,40.99,65.08,40.97,65.08,True,0.7216
610,46,1620.17,624.57,97.44,40.05,97.43,40.06,True,0.867
610,69,1404.26,237.5,86.85,2.99,86.89,3.0,True,0.7387
610,70,965.38,941.33,52.83,64.37,52.84,64.37,True,0.6746
610,76,1814.14,340.73,116.23,13.82,116.25,13.79,False,0.7585
610,81,1855.46,350.2,119.1,14.78,119.09,14.78,False,0.771
610,103,79.96,388.75,-12.11,18.61,-12.1,18.57,False,0.8036
610,108,1419.25,866.63,81.59,59.03,81.63,58.97,True,0.8149
610,111,1878.89,624.16,115.06,40.01,115.06,39.99,False,0.7951
610,113,1122.58,940.96,62.58,64.34,62.64,64.32,True,0.8008
611,4,1815.95,396.28,115.19,19.34,115.16,19.35,False,0.7612
611,5,1500.84,419.84,91.8,21.62,91.8,21.59,True,0.7951
611,7,1733.99,306.8,110.92,10.35,110.89,10.36,False,0.8125
611,10,1091.65,413.95,62.09,21.06,62.06,21.09,True,0.838
611,12,1237.01,635.84,71.29,40.99,71.29,40.99,True,0.8086
611,14,1551.88,494.58,94.48,28.63,94.46,28.63,True,0.8207
611,15,963.79,293.82,52.79,8.99,52.78,9.01,True,0.8246
611,17,766.92,356.45,38.17,15.41,38.14,15.41,True,0.8165
611,18,833.94,214.35,42.67,0.45,42.66,0.44,True,0.7303
611,19,1632.41,355.44,102.42,15.3,102.41,15.29,True,0.7537
611,36,1446.77,339.85,88.83,13.73,88.87,13.72,True,0.7896
611,38,775.94,951.35,41.12,65.07,41.06,65.06,True,0.7744
611,46,1619.85,624.67,97.42,40.05,97.42,40.01,True,0.8698
611,69,1405.29,237.17,86.93,2.95,86.92,2.95,True,0.7491
611,70,965.7,941.73,52.85,64.4,52.85,64.39,True,0.635
611,76,1815.26,339.89,116.33,13.74,116.33,13.69,False,0.7514
611,81,1856.92,349.81,119.22,14.74,119.2,14.73,False,0.7612
611,103,78.99,387.82,-12.2,18.52,-12.2,18.53,False,0.8059
611,108,1413.5,864.52,81.24,58.88,81.12,58.97,True,0.7906
611,111,1873.0,622.7,114.69,39.89,114.72,39.83,False,0.8202
611,113,1123.54,940.27,62.64,64.29,62.66,64.29,True,0.8017
612,4,1816.72,395.59,115.26,19.28,115.25,19.3,False,0.7701
612,5,1501.64,418.59,91.88,21.5,91.88,21.48,True,0.7964
612,7,1735.26,305.11,111.05,10.17,111.0,10.26,False,0.7983
612,10,1092.54,413.94,62.15,21.06,62.11,21.04,True,0.8438
612,12,1236.75,635.27,71.28,40.94,71.28,40.95,True,0.8072
612,14,1552.35,494.3,94.51,28.6,94.52,28.6,True,0.8229
612,15,964.05,293.34,52.81,8.94,52.78,8.92,True,0.8215
612,17,766.98,356.08,38.17,15.37,38.12,15.35,True,0.8239
612,18,833.88,213.39,42.67,0.35,42.67,0.35,True,0.7366
612,19,1632.92,354.52,102.47,15.21,102.48,15.18,True,0.7368
612,36,1449.68,339.96,89.05,13.74,89.06,13.7,True,0.7643
612,38,777.22,950.94,41.2,65.04,41.17,65.04,True,0.7634
612,46,1619.36,623.84,97.39,39.98,97.41,39.95,True,0.8448
612,69,1405.92,236.71,86.99,2.9,86.96,2.9,True,0.7525
612,70,965.96,942.15,52.87,64.42,52.85,64.41,True,0.6745
612,76,1816.26,338.41,116.44,13.59,116.42,13.62,False,0.748
612,81,1857.99,349.3,119.31,14.69,119.29,14.69,False,0.7546
612,103,77.94,387.47,-12.29,18.48,-12.31,18.48,False,0.8027
612,108,1405.05,862.9,80.72,58.76,80.56,58.98,True,0.7727
612,111,1867.48,620.3,114.36,39.69,114.4,39.68,False,0.8108
612,113,1124.51,939.37,62.71,64.23,62.69,64.26,True,0.8085
613,4,1817.62,395.27,115.33,19.24,115.33,19.26,False,0.7822
613,5,1502.4,417.05,91.95,21.36,91.95,21.38,True,0.808
613,7,1735.83,305.25,111.09,10.18,111.13,10.17,False,0.7958
613,10,1092.3,413.71,62.13,21.03,62.14,21.0,True,0.8438
613,12,1236.56,634.9,71.27,40.91,71.28,40.92,True,0.7993
613,14,1552.93,494.01,94.56,28.58,94.57,28.56,True,0.8243
613,15,963.64,292.73,52.78,8.88,52.78,8.83,True,0.8171
613,17,766.32,355.54,38.12,15.31,38.11,15.3,True,0.8142
613,18,834.06,212.46,42.68,0.24,42.68,0.24,True,0.744
613,19,1633.55,353.47,102.54,15.11,102.55,15.07,True,0.7531
613,36,1452.4,339.09,89.26,13.66,89.26,13.68,True,0.7741
613,38,778.24,950.59,41.26,65.01,41.23,65.02,True,0.725
613,46,1619.19,622.75,97.4,39.89,97.4,39.89,True,0.8624
613,69,1405.81,236.43,86.98,2.87,87.0,2.83,True,0.7623
613,70,965.6,941.89,52.85,64.41,52.85,64.43,True,0.6459
613,76,1816.66,337.2,116.49,13.46,116.51,13.54,False,0.7543
613,81,1858.68,349.02,119.37,14.66,119.38,14.64,False,0.7689
613,103,76.5,387.02,-12.4,18.44,-12.42,18.42,False,0.8037
613,108,1393.8,867.09,79.97,59.06,79.94,59.14,True,0.7766
613,111,1862.7,617.56,114.08,39.45,114.08,39.52,False,0.8208
613,113,1125.25,939.42,62.75,64.23,62.74,64.22,True,0.8095
614,4,1818.68,395.22,115.41,19.24,115.4,19.22,False,0.7809
614,5,1503.2,415.79,92.03,21.23,92.02,21.26,True,0.8059
614,7,1737.42,304.67,111.22,10.12,111.23,10.09,False,0.7947
614,10,1092.74,412.86,62.17,20.95,62.16,20.95,True,0.8456
614,12,1236.76,634.45,71.28,40.88,71.28,40.9,True,0.7855
614,14,1553.78,493.48,94.63,28.53,94.63,28.53,True,0.8282
614,15,963.38,291.16,52.76,8.72,52.77,8.74,True,0.8124
614,17,765.16,354.57,38.03,15.22,38.08,15.24,True,0.8132
614,18,834.32,211.31,42.69,0.11,42.68,0.13,True,0.7137
614,19,1634.5,351.33,102.65,14.89,102.61,14.96,True,0.7359
614,36,1455.35,338.84,89.48,13.63,89.45,13.64,True,0.7697
614,38,778.53,950.54,41.28,65.01,41.26,65.01,True,0.7319
614,46,1618.9,621.14,97.4,39.76,97.4,39.83,True,0.8421
614,69,1406.32,235.51,87.03,2.77,87.05,2.75,True,0.7642
614,70,965.6,942.63,52.85,64.46,52.85,64.42,True,0.692
614,76,1818.2,337.33,116.61,13.48,116.6,13.46,False,0.7458
614,81,1859.4,348.14,119.44,14.57,119.45,14.58,False,0.753
614,103,74.76,386.2,-12.55,18.36,-12.53,18.36,False,0.7976
614,108,1383.12,868.27,79.29,59.15,79.26,59.39,True,0.7711
614,111,1858.32,616.25,113.81,39.34,113.76,39.37,False,0.8302
614,113,1125.55,939.18,62.77,64.22,62.79,64.18,True,0.805
615,4,1819.37,394.99,115.46,19.22,115.48,19.17,False,0.7634
615,5,1503.92,415.35,92.08,21.19,92.09,21.14,True,0.7927
615,7,1739.1,303.87,111.36,10.04,111.32,10.02,False,0.7835
615,10,1092.92,412.12,62.18,20.88,62.17,20.9,True,0.8455
615,12,1237.0,634.27,71.3,40.86,71.28,40.88,True,0.7873
615,14,1554.57,492.87,94.69,28.47,94.68,28.5,True,0.8292
615,15,963.26,290.01,52.75,8.6,52.75,8.66,True,0.801
615,17,765.28,354.16,38.04,15.18,38.06,15.18,True,0.8058
615,18,834.24,210.54,42.68,0.03,42.69,0.04,True,0.7366
615,19,1634.86,350.64,102.68,14.82,102.67,14.88,True,0.7178
615,36,1457.71,338.77,89.66,13.62,89.63,13.59,True,0.7674
615,38,778.44,950.18,41.27,64.98,41.26,65.0,True,0.7314
615,46,1619.04,621.06,97.41,39.75,97.4,39.77,True,0.869
615,69,1406.64,234.7,87.07,2.68,87.1,2.64,True,0.7578
615,70,965.52,942.3,52.84,64.44,52.85,64.41,True,0.6525
615,76,1819.2,336.9,116.69,13.43,116.67,13.41,False,0.7501
615,81,1860.6,347.62,119.54,14.52,119.52,14.51,False,0.7704
615,103,73.68,385.59,-12.64,18.3,-12.64,18.3,False,0.7989
615,108,1371.27,878.01,78.46,59.86,78.55,59.58,True,0.8009
615,111,1852.96,614.91,113.47,39.23,113.41,39.25,False,0.8112
615,113,1126.47,938.14,62.83,64.14,62.84,64.15,True,0.8164
616,4,1820.3,394.18,115.55,19.14,115.56,19.1,False,0.7526
616,5,1504.69,413.7,92.16,21.03,92.16,21.04,True,0.7886
616,7,1739.76,303.0,111.43,9.95,111.41,9.95,False,0.7814
616,10,1092.94,411.51,62.19,20.82,62.18,20.84,True,0.8448
616,12,1236.85,634.57,71.29,40.89,71.28,40.88,True,0.7903
616,14,1555.38,492.64,94.75,28.45,94.72,28.46,True,0.828
616,15,963.09,289.75,52.73,8.57,52.74,8.57,True,0.8025
616,17,765.65,353.79,38.06,15.14,38.04,15.11,True,0.8089
616,18,834.48,209.44,42.7,-0.09,42.7,-0.05,False,0.7391
616,19,1635.32,350.25,102.73,14.78,102.72,14.81,True,0.7316
616,36,1459.55,338.16,89.81,13.56,89.8,13.53,True,0.7797
616,38,778.39,950.33,41.27,65.0,41.2,65.02,True,0.7524
616,46,1619.06,621.01,97.41,39.75,97.38,39.71,True,0.8629
616,69,1407.9,233.07,87.18,2.51,87.14,2.53,True,0.7416
616,70,965.84,941.31,52.86,64.37,52.86,64.39,True,0.7524
616,76,1819.91,336.12,116.76,13.35,116.75,13.37,False,0.7295
616,81,1861.14,346.82,119.6,14.44,119.59,14.44,False,0.7519
616,103,72.24,385.03,-12.76,18.24,-12.75,18.22,False,0.7972
616,108,1362.26,881.53,77.87,60.11,77.87,59.73,True,0.7772
616,111,1847.03,613.96,113.08,39.15,113.04,39.16,False,0.7733
616,113,1127.53,937.53,62.9,64.1,62.88,64.1,True,0.8153
617,4,1821.23,392.64,115.65,18.99,115.63,19.04,False,0.7422
617,5,1505.48,412.32,92.24,20.9,92.22,20.94,True,0.8001
617,7,1740.31,301.75,111.5,9.82,111.49,9.88,False,0.786
617,10,1092.82,411.25,62.18,20.8,62.2,20.78,True,0.8433
617,12,1236.63,634.47,71.27,40.88,71.27,40.86,True,0.8007
617,14,1555.42,492.57,94.75,28.45,94.76,28.42,True,0.8303
617,15,962.93,289.25,52.72,8.52,52.73,8.48,True,0.7977
617,17,765.51,353.16,38.05,15.07,38.03,15.04,True,0.8092
617,18,834.67,209.44,42.71,-0.09,42.7,-0.11,False,0.7373
617,19,1635.63,350.39,102.75,14.8,102.76,14.77,True,0.7405
617,36,1461.38,337.17,89.95,13.46,89.94,13.47,True,0.7785
617,38,777.4,950.67,41.21,65.02,41.11,65.02,True,0.6769
617,46,1618.24,620.6,97.36,39.71,97.37,39.64,True,0.8511
617,69,1408.31,231.99,87.23,2.39,87.19,2.43,True,0.7488
617,70,965.56,941.3,52.84,64.37,52.88,64.34,True,0.6851
617,76,1820.62,336.1,116.81,13.35,116.83,13.3,False,0.7037
617,81,1861.9,345.98,119.67,14.35,119.66,14.37,False,0.7464
617,103,71.29,383.96,-12.85,18.14,-12.86,18.15,False,0.7965
617,108,1350.45,876.21,77.16,59.73,77.17,59.88,True,0.7891
617,111,1840.08,613.28,112.62,39.09,112.65,39.05,False,0.7738
617,113,1128.02,936.71,62.93,64.04,62.93,64.03,True,0.82
618,4,1822.03,392.09,115.72,18.93,115.71,18.96,False,0.7238
618,5,1505.8,411.67,92.27,20.84,92.3,20.84,True,0.8073
618,7,1740.52,301.61,111.52,9.81,111.55,9.81,False,0.7874
618,10,1092.86,410.67,62.18,20.74,62.22,20.72,True,0.848
618,12,1236.22,634.38,71.25,40.87,71.25,40.85,True,0.8129
618,14,1555.75,492.06,94.78,28.4,94.8,28.38,True,0.8312
618,15,962.98,288.68,52.73,8.46,52.73,8.38,True,0.7964
618,17,765.16,351.82,38.02,14.94,38.01,14.96,True,0.8134
618,18,834.58,208.58,42.7,-0.19,42.7,-0.18,False,0.7307
618,19,1636.01,350.18,102.78,14.78,102.82,14.74,True,0.7542
618,36,1462.91,336.21,90.08,13.36,90.09,13.4,True,0.7821
618,38,773.2,951.45,40.95,65.07,41.02,65.03,True,0.6698
618,46,1617.41,618.77,97.33,39.56,97.36,39.56,True,0.8442
618,69,1407.98,231.4,87.21,2.32,87.23,2.33,True,0.753
618,70,966.4,940.32,52.9,64.3,52.91,64.3,True,0.7313
618,76,1821.29,335.09,116.89,13.25,116.9,13.23,False,0.6895
618,81,1862.38,345.77,119.71,14.33,119.74,14.29,False,0.7652
618,103,69.96,383.3,-12.96,18.07,-12.98,18.06,False,0.8002
618,108,1341.2,876.92,76.57,59.78,76.49,59.91,True,0.7738
618,111,1833.74,612.08,112.21,38.99,112.25,38.95,False,0.8344
618,113,1128.2,936.02,62.95,64.0,62.98,63.96,True,0.8223
619,4,1822.82,391.7,115.79,18.9,115.8,18.9,False,0.7292
619,5,1507.06,410.84,92.37,20.76,92.37,20.76,True,0.7983
619,7,1741.76,301.25,111.62,9.77,111.62,9.74,False,0.794
619,10,1093.9,409.74,62.26,20.65,62.23,20.67,True,0.8398
619,12,1235.88,633.75,71.23,40.82,71.23,40.82,True,0.8045
619,14,1556.34,491.33,94.84,28.33,94.84,28.34,True,0.8301
619,15,962.93,286.84,52.72,8.26,52.73,8.24,True,0.8092
619,17,764.64,350.98,37.97,14.86,37.99,14.88,True,0.8009
619,18,834.58,208.26,42.7,-0.22,42.7,-0.25,False,0.7208
619,19,1637.2,349.34,102.88,14.69,102.87,14.71,True,0.7666
619,36,1464.72,335.95,90.22,13.34,90.23,13.34,True,0.788
619,38,771.92,951.16,40.87,65.05,40.96,65.02,True,0.6781
619,46,1617.37,617.39,97.35,39.44,97.35,39.46,True,0.8415
619,69,1408.42,230.58,87.25,2.23,87.26,2.25,True,0.7354
619,70,967.37,939.43,52.96,64.23,52.93,64.27,True,0.7318
619,76,1822.08,333.67,116.98,13.1,116.97,13.18,False,0.6884
619,81,1863.24,344.63,119.8,14.22,119.81,14.22,False,0.7684
619,103,68.52,382.36,-13.09,17.98,-13.1,17.97,False,0.816
619,108,1328.76,878.66,75.78,59.91,75.82,59.93,True,0.7976
619,111,1828.32,609.79,111.88,38.79,111.85,38.81,False,0.8115
619,113,1129.73,934.51,63.04,63.89,63.03,63.9,True,0.8319
620,4,1823.7,391.33,115.86,18.86,115.87,18.84,False,0.7506
620,5,1508.04,410.11,92.45,20.69,92.43,20.7,True,0.8098
620,7,1742.3,300.43,111.68,9.68,111.69,9.69,False,0.7942
620,10,1094.2,409.09,62.29,20.59,62.24,20.61,True,0.8353
620,12,1235.54,633.34,71.21,40.78,71.2,40.78,True,0.8247
620,14,1556.9,490.86,94.88,28.29,94.88,28.3,True,0.8206
620,15,963.04,285.04,52.73,8.07,52.73,8.09,True,0.7925
620,17,764.44,350.26,37.96,14.78,37.96,14.81,True,0.8105
620,18,834.66,207.38,42.71,-0.32,42.71,-0.34,False,0.6911
620,19,1637.91,348.97,102.94,14.65,102.93,14.66,True,0.7688
620,36,1466.67,335.2,90.37,13.26,90.36,13.28,True,0.7881
620,38,771.12,950.51,40.82,65.01,40.97,64.47,True,0.614
620,46,1617.44,616.12,97.37,39.33,97.34,39.35,True,0.8575
620,69,1408.8,230.12,87.29,2.18,87.29,2.15,True,0.7532
620,70,967.73,939.1,52.98,64.21,52.94,64.25,True,0.6604
620,76,1822.99,333.55,117.05,13.09,117.05,13.11,False,0.6869
620,81,1864.3,343.6,119.91,14.11,119.87,14.17,False,0.7572
620,103,66.94,381.19,-13.23,17.86,-13.22,17.89,False,0.8276
620,108,1317.66,879.92,75.07,60.0,75.19,60.06,True,0.816
620,111,1822.04,609.03,111.46,38.73,111.47,38.64,False,0.8308
620,113,1130.6,932.61,63.1,63.76,63.07,63.81,True,0.8202
621,4,1824.89,390.69,115.96,18.8,115.95,18.79,False,0.7341
621,5,1508.63,409.47,92.5,20.62,92.5,20.63,True,0.7938
621,7,1743.41,299.7,111.78,9.61,111.76,9.64,False,0.7924
621,10,1093.6,408.72,62.24,20.55,62.24,20.55,True,0.8382
621,12,1234.92,632.87,71.17,40.74,71.17,40.74,True,0.8239
621,14,1557.42,490.37,94.93,28.24,94.94,28.26,True,0.8189
621,15,963.01,283.3,52.73,7.89,52.73,7.96,True,0.8023
621,17,764.29,349.78,37.94,14.74,37.94,14.76,True,0.8091
621,18,834.54,206.26,42.69,-0.45,42.73,-0.42,False,0.6792
621,19,1638.51,348.63,102.99,14.62,103.0,14.59,True,0.7685
621,36,1468.41,335.16,90.51,13.26,90.5,13.23,True,0.7562
621,38,773.41,949.48,40.96,64.94,40.97,64.32,True,0.3524
621,46,1616.63,615.43,97.32,39.27,97.34,39.25,True,0.8584
621,69,1409.24,229.57,87.33,2.12,87.33,2.05,True,0.7526
621,70,967.51,939.6,52.97,64.25,52.95,64.23,True,0.6792
621,76,1823.91,333.59,117.11,13.1,117.14,13.06,False,0.6732
621,81,1864.81,343.29,119.95,14.08,119.94,14.11,False,0.7463
621,103,65.41,380.58,-13.36,17.8,-13.34,17.81,False,0.8327
621,108,1309.56,883.14,74.54,60.23,74.54,60.21,True,0.8101
621,111,1815.36,605.68,111.07,38.44,111.12,38.46,False,0.8183
621,113,1131.01,933.2,63.13,63.8,63.1,63.73,True,0.7999
622,4,1825.72,390.05,116.03,18.73,116.03,18.73,False,0.7426
622,5,1509.16,409.01,92.55,20.58,92.57,20.56,True,0.8064
622,7,1744.32,299.33,111.85,9.57,111.82,9.59,False,0.7985
622,10,1093.24,408.2,62.22,20.5,62.22,20.5,True,0.8404
622,12,1234.36,632.41,71.13,40.71,71.14,40.7,True,0.8304
622,14,1558.23,490.06,94.99,28.22,94.99,28.22,True,0.8083
622,15,963.1,282.1,52.74,7.76,52.72,7.86,True,0.7905
622,17,764.08,349.62,37.93,14.72,37.93,14.7,True,0.8111
622,18,835.35,205.48,42.75,-0.53,42.75,-0.49,False,0.6727
622,19,1639.08,347.87,103.05,14.54,103.06,14.53,True,0.7832
622,36,1470.04,334.61,90.63,13.2,90.64,13.16,True,0.7628
622,46,1616.42,614.0,97.33,39.15,97.34,39.14,True,0.8538
622,69,1409.3,227.52,87.36,1.9,87.37,1.94,True,0.754
622,70,966.64,939.58,52.91,64.24,52.95,64.23,True,0.7021
622,76,1825.38,332.92,117.24,13.03,117.22,13.04,False,0.6924
622,81,1865.07,343.42,119.97,14.09,120.01,14.05,False,0.7638
622,103,64.53,380.02,-13.44,17.75,-13.46,17.72,False,0.8313
622,108,1300.8,885.42,73.97,60.39,73.93,60.34,True,0.8373
622,111,1809.62,603.12,110.72,38.23,110.77,38.31,False,0.8262
622,113,1130.7,930.31,63.12,63.59,63.12,63.64,True,0.7946
623,4,1826.38,389.12,116.1,18.64,116.1,18.68,False,0.759
623,5,1510.02,408.26,92.62,20.51,92.64,20.47,True,0.8195
623,7,1744.8,299.35,111.89,9.57,111.88,9.54,False,0.8041
623,10,1092.85,407.74,62.19,20.46,62.2,20.47,True,0.8328
623,12,1233.92,631.89,71.1,40.66,71.12,40.67,True,0.8251
623,14,1559.06,489.85,95.05,28.2,95.05,28.16,True,0.8121
623,15,962.92,282.46,52.72,7.8,52.72,7.79,True,0.785
623,17,763.94,349.2,37.91,14.68,37.92,14.65,True,0.8129
623,18,835.84,205.05,42.79,-0.58,42.78,-0.57,False,0.6774
623,19,1640.22,347.09,103.14,14.46,103.11,14.46,True,0.7947
623,36,1471.55,333.43,90.76,13.08,90.78,13.1,True,0.7863
623,46,1616.46,613.05,97.35,39.07,97.32,39.0,True,0.8426
623,69,1410.01,226.83,87.42,1.82,87.41,1.83,True,0.7524
623,76,1826.29,332.57,117.32,12.99,117.31,12.97,False,0.7178
623,81,1866.14,343.16,120.05,14.07,120.08,14.0,False,0.7545
623,103,62.96,379.22,-13.57,17.67,-13.57,17.65,False,0.8399
623,108,1291.34,886.96,73.36,60.51,73.33,60.48,True,0.8214
623,111,1805.68,601.85,110.47,38.12,110.42,38.16,False,0.8402
623,113,1130.83,930.58,63.12,63.61,63.15,63.48,True,0.7406
624,4,1827.46,388.95,116.18,18.63,116.17,18.64,False,0.7384
624,5,1511.06,407.16,92.71,20.4,92.73,20.36,True,0.8207
624,7,1745.12,298.72,111.92,9.51,111.95,9.49,False,0.8023
624,10,1092.55,407.36,62.17,20.42,62.18,20.42,True,0.827
624,12,1233.89,631.57,71.1,40.63,71.1,40.63,True,0.8212
624,14,1559.7,489.07,95.11,28.13,95.12,28.11,True,0.8089
624,15,962.64,282.26,52.7,7.78,52.72,7.74,True,0.8021
624,17,763.68,348.33,37.89,14.59,37.92,14.61,True,0.8088
624,18,836.26,205.09,42.82,-0.58,42.8,-0.64,False,0.6736
624,19,1640.25,346.16,103.16,14.37,103.16,14.4,True,0.7911
624,36,1473.36,332.78,90.91,13.01,90.92,13.04,True,0.8031
624,46,1615.94,610.75,97.34,38.88,97.28,38.84,True,0.8345
624,69,1410.29,225.51,87.46,1.68,87.45,1.74,True,0.7536
624,76,1827.44,332.51,117.4,12.99,117.41,12.85,False,0.7378
624,81,1867.1,341.72,120.16,13.92,120.15,13.93,False,0.7686
624,103,61.82,377.9,-13.68,17.54,-13.69,17.57,False,0.8303
624,108,1281.15,887.8,72.72,60.57,72.73,60.62,True,0.817
624,111,1800.36,600.62,110.13,38.01,110.06,38.06,False,0.8265
624,113,1131.12,928.01,63.15,63.43,63.17,63.59,True,0.6737
625,4,1827.94,388.85,116.22,18.62,116.25,18.59,False,0.7693
625,5,1512.54,405.36,92.84,20.23,92.82,20.24,True,0.8194
625,7,1745.68,298.28,111.98,9.46,112.01,9.42,False,0.8021
625,10,1092.47,407.12,62.17,20.4,62.16,20.37,True,0.8235
625,12,1233.46,631.0,71.08,40.59,71.09,40.58,True,0.8195
625,14,1560.48,487.98,95.18,28.03,95.19,28.04,True,0.7999
625,15,962.6,281.87,52.7,7.74,52.71,7.68,True,0.7926
625,17,764.13,347.83,37.92,14.54,37.91,14.55,True,0.8158
625,18,836.42,203.86,42.83,-0.71,42.83,-0.7,False,0.675
625,19,1640.57,345.79,103.19,14.33,103.21,14.34,True,0.8084
625,36,1475.39,332.22,91.07,12.96,91.09,12.98,True,0.8028
625,46,1614.36,608.0,97.27,38.64,97.2,38.68,True,0.8309
625,69,1410.5,225.25,87.48,1.65,87.49,1.67,True,0.7595
625,76,1828.09,330.13,117.5,12.74,117.5,12.74,False,0.7387
625,81,1868.15,340.9,120.26,13.84,120.23,13.85,False,0.741
625,103,60.2,377.47,-13.81,17.5,-13.81,17.48,False,0.8383
625,108,1270.9,889.55,72.06,60.69,72.17,60.74,True,0.8493
625,111,1794.32,600.66,109.72,38.02,109.7,37.99,False,0.8076
625,113,1131.68,921.45,63.21,62.97,63.18,63.71,True,0.5104
626,4,1829.38,388.38,116.34,18.57,116.34,18.54,False,0.7533
626,5,1513.4,403.87,92.93,20.08,92.92,20.11,True,0.816
626,7,1746.78,296.91,112.09,9.32,112.06,9.36,False,0.7956
626,10,1092.24,406.5,62.15,20.34,62.15,20.33,True,0.8284
626,12,1233.64,630.6,71.09,40.55,71.1,40.54,True,0.8191
626,14,1561.5,487.32,95.26,27.96,95.26,27.97,True,0.8271
626,15,962.88,280.56,52.72,7.6,52.71,7.61,True,0.7883
626,17,764.24,347.62,37.93,14.52,37.91,14.49,True,0.8133
626,18,836.46,202.89,42.83,-0.82,42.85,-0.77,False,0.6784
626,19,1641.3,345.38,103.25,14.29,103.26,14.29,True,0.7976
626,36,1477.8,331.91,91.25,12.93,91.26,12.94,True,0.7878
626,46,1611.34,606.06,97.09,38.48,97.08,38.51,True,0.8367
626,69,1411.2,225.12,87.54,1.64,87.52,1.61,True,0.757
626,76,1828.89,327.96,117.61,12.52,117.59,12.63,False,0.7393
626,81,1868.61,339.88,120.31,13.74,120.3,13.76,False,0.7442
626,103,58.9,376.52,-13.93,17.4,-13.92,17.39,False,0.819
626,108,1262.9,892.96,71.54,60.94,71.64,60.85,True,0.8503
626,111,1787.55,599.73,109.27,37.94,109.32,37.9,False,0.8085
626,113,1133.13,940.74,63.24,64.33,63.2,63.77,True,0.521
626,119,1256.07,606.75,72.77,38.54,72.77,38.51,True,0.5567
627,4,1830.35,387.33,116.43,18.47,116.42,18.49,False,0.7467
627,5,1514.38,402.95,93.01,19.99,93.02,19.98,True,0.807
627,7,1747.42,296.16,112.15,9.24,112.12,9.28,False,0.7949
627,10,1091.94,405.59,62.13,20.25,62.13,20.27,True,0.8269
627,12,1233.72,629.83,71.1,40.49,71.1,40.49,True,0.8228
627,14,1562.56,486.67,95.34,27.9,95.32,27.91,True,0.8146
627,15,962.82,279.2,52.71,7.46,52.71,7.51,True,0.7981
627,17,763.93,346.82,37.9,14.44,37.89,14.42,True,0.8153
627,18,836.78,203.01,42.86,-0.81,42.86,-0.86,False,0.6874
627,19,1642.07,345.15,103.31,14.27,103.31,14.25,True,0.7977
627,36,1480.48,331.86,91.45,12.92,91.44,12.91,True,0.7883
627,46,1608.7,604.34,96.94,38.33,96.93,38.36,True,0.8311
627,69,1411.32,224.23,87.56,1.54,87.54,1.57,True,0.7578
627,76,1829.82,327.44,117.69,12.47,117.67,12.52,False,0.7406
627,81,1869.34,339.36,120.38,13.68,120.36,13.69,False,0.7335
627,103,57.61,375.62,-14.04,17.31,-14.02,17.32,False,0.8195
627,108,1256.76,893.59,71.15,60.98,71.16,60.97,True,0.8607
627,111,1782.22,598.72,108.92,37.85,108.91,37.8,False,0.8086
627,113,1132.36,939.03,63.19,64.21,63.2,63.85,True,0.6157
627,119,1255.78,606.11,72.75,38.48,72.78,38.51,True,0.4732
628,4,1831.44,386.75,116.52,18.41,116.51,18.44,False,0.7718
628,5,1515.62,401.74,93.12,19.87,93.11,19.88,True,0.7823
628,7,1747.41,296.29,112.15,9.25,112.18,9.19,False,0.7968
628,10,1091.78,405.27,62.12,20.22,62.12,20.21,True,0.8241
628,12,1233.78,629.23,71.11,40.44,71.1,40.43,True,0.8331
628,14,1563.14,485.91,95.39,27.83,95.38,27.87,True,0.7908
628,15,962.79,279.12,52.71,7.45,52.72,7.41,True,0.7913
628,17,763.86,346.09,37.89,14.36,37.88,14.36,True,0.8057
628,18,837.38,201.88,42.9,-0.93,42.87,-0.95,False,0.6871
628,19,1642.75,344.4,103.38,14.19,103.36,14.2,True,0.7976
628,36,1482.61,331.55,91.61,12.89,91.62,12.88,True,0.7839
628,46,1605.74,603.15,96.75,38.23,96.78,38.21,True,0.8397
628,69,1411.38,224.15,87.56,1.53,87.57,1.5,True,0.76
628,76,1830.27,327.24,117.73,12.45,117.74,12.45,False,0.7418
628,81,1869.6,338.76,120.41,13.62,120.41,13.63,False,0.7426
628,103,56.8,374.71,-14.12,17.22,-14.13,17.25,False,0.8134
628,108,1250.34,894.71,70.74,61.06,70.71,61.11,True,0.8433
628,111,1776.22,596.93,108.54,37.7,108.51,37.67,False,0.8264
628,113,1132.03,935.13,63.19,63.93,63.19,64.01,True,0.6997
629,4,1832.42,386.64,116.6,18.4,116.59,18.38,False,0.777
629,5,1516.62,400.34,93.21,19.74,93.18,19.8,True,0.7902
629,7,1747.9,295.07,112.21,9.13,112.24,9.12,False,0.788
629,10,1091.38,404.56,62.1,20.15,62.11,20.15,True,0.8239
629,12,1233.58,628.25,71.1,40.36,71.09,40.37,True,0.8334
629,14,1563.59,486.01,95.42,27.84,95.43,27.84,True,0.7986
629,15,962.74,277.84,52.71,7.31,52.72,7.31,True,0.7991
629,17,763.1,345.07,37.83,14.26,37.86,14.28,True,0.8003
629,18,837.34,201.1,42.89,-1.02,42.89,-1.02,False,0.6933
629,19,1643.28,344.11,103.42,14.16,103.42,14.15,True,0.7877
629,36,1485.57,331.19,91.84,12.85,91.8,12.84,True,0.8098
629,46,1603.34,601.75,96.6,38.11,96.66,38.05,True,0.8348
629,69,1411.59,223.62,87.58,1.47,87.59,1.41,True,0.7535
629,76,1831.22,326.9,117.81,12.41,117.8,12.44,False,0.7509
629,81,1870.02,338.34,120.45,13.58,120.45,13.57,False,0.7446
629,103,55.7,374.17,-14.22,17.17,-14.23,17.18,False,0.7873
629,108,1243.76,896.07,70.32,61.16,70.29,61.22,True,0.8225
629,111,1769.37,594.59,108.11,37.5,108.14,37.51,False,0.8353
629,113,1131.49,933.73,63.16,63.83,63.18,63.9,True,0.6601
629,119,1256.57,606.31,72.8,38.5,72.79,38.51,True,0.3964
630,4,1833.14,386.04,116.66,18.34,116.66,18.32,False,0.7876
630,5,1517.26,399.93,93.26,19.7,93.25,19.71,True,0.8079
630,7,1748.8,294.11,112.3,9.02,112.3,9.04,False,0.7864
630,10,1091.49,403.77,62.11,20.07,62.1,20.1,True,0.8263
630,12,1233.36,627.64,71.09,40.3,71.08,40.3,True,0.8289
630,14,1564.26,485.98,95.47,27.84,95.49,27.81,True,0.8048
630,15,962.98,276.83,52.73,7.21,52.72,7.26,True,0.7971
630,17,763.24,344.44,37.84,14.2,37.83,14.21,True,0.8033
630,18,837.24,199.84,42.88,-1.16,42.89,-1.13,False,0.6951
630,19,1643.64,343.3,103.46,14.08,103.48,14.1,True,0.7856
630,36,1487.24,331.01,91.97,12.83,91.96,12.78,True,0.7994
630,46,1601.47,599.23,96.51,37.89,96.56,37.92,True,0.8252
630,69,1411.64,222.05,87.61,1.3,87.61,1.3,True,0.7507
630,76,1831.82,326.82,117.86,12.41,117.85,12.41,False,0.7516
630,81,1870.31,337.8,120.49,13.52,120.51,13.48,False,0.7391
630,103,54.08,373.79,-14.34,17.13,-14.34,17.11,False,0.7869
630,108,1235.94,899.41,69.81,61.4,69.88,61.33,True,0.8034
630,111,1763.3,592.78,107.72,37.34,107.8,37.33,False,0.838
630,113,1131.66,932.81,63.17,63.77,63.19,63.79,True,0.7184
630,119,1256.79,606.72,72.82,38.53,72.81,38.5,True,0.5275
631,4,1833.79,385.26,116.73,18.26,116.75,18.26,False,0.7903
631,5,1517.7,399.86,93.29,19.69,93.32,19.63,True,0.8093
631,7,1749.71,293.3,112.38,8.94,112.38,8.93,False,0.7778
631,10,1091.22,403.49,62.09,20.04,62.09,20.04,True,0.8299
631,12,1232.88,627.12,71.06,40.26,71.07,40.22,True,0.8242
631,14,1565.26,485.39,95.55,27.79,95.55,27.78,True,0.7983
631,15,962.98,276.14,52.73,7.13,52.72,7.19,True,0.7999
631,17,763.22,343.91,37.83,14.14,37.79,14.14,True,0.8058
631,18,837.47,199.48,42.9,-1.2,42.88,-1.24,False,0.68
631,19,1644.56,343.01,103.54,14.05,103.55,14.05,True,0.7758
631,36,1489.12,329.96,92.12,12.73,92.11,12.71,True,0.7868
631,46,1600.58,597.05,96.48,37.71,96.51,37.79,True,0.8254
631,69,1411.75,221.34,87.63,1.22,87.62,1.18,True,0.7598
631,76,1832.32,327.12,117.89,12.44,117.92,12.36,False,0.7494
631,81,1870.64,336.87,120.53,13.43,120.58,13.36,False,0.7377
631,103,53.07,373.17,-14.43,17.07,-14.47,17.05,False,0.802
631,108,1229.53,900.69,69.41,61.49,69.48,61.44,True,0.7883
631,111,1758.33,590.53,107.42,37.15,107.46,37.15,False,0.8329
631,113,1132.18,932.42,63.2,63.74,63.2,63.73,True,0.72
631,119,1256.72,606.45,72.81,38.51,72.83,38.51,True,0.5922
632,4,1834.72,384.43,116.81,18.18,116.82,18.2,False,0.7998
632,5,1518.62,398.3,93.38,19.54,93.39,19.57,True,0.8246
632,7,1750.54,292.73,112.46,8.88,112.45,8.82,False,0.7739
632,10,1090.99,403.08,62.07,20.01,62.08,19.99,True,0.8272
632,12,1232.65,625.52,71.05,40.13,71.06,40.15,True,0.825
632,14,1566.2,485.14,95.62,27.76,95.6,27.75,True,0.8139
632,15,962.76,276.66,52.71,7.19,52.71,7.09,True,0.7738
632,17,762.46,343.26,37.77,14.08,37.77,14.07,True,0.8044
632,18,837.2,198.22,42.87,-1.34,42.88,-1.33,False,0.6539
632,19,1645.44,342.73,103.61,14.02,103.62,13.97,True,0.783
632,36,1490.45,328.9,92.24,12.62,92.25,12.65,True,0.7947
632,46,1600.41,596.36,96.48,37.65,96.5,37.68,True,0.833
632,69,1411.66,219.05,87.65,0.97,87.63,1.09,True,0.7222
632,76,1833.06,326.04,117.97,12.33,117.99,12.32,False,0.7466
632,81,1871.9,334.93,120.67,13.23,120.65,13.24,False,0.7187
632,103,51.23,372.09,-14.59,16.96,-14.61,16.99,False,0.8047
632,108,1224.9,901.12,69.11,61.52,69.1,61.54,True,0.8203
632,111,1754.39,588.42,107.19,36.96,107.13,36.99,False,0.8423
632,113,1132.44,931.61,63.22,63.69,63.22,63.68,True,0.7313
632,119,1257.55,606.33,72.87,38.5,72.86,38.5,True,0.6623
633,4,1836.09,383.82,116.93,18.12,116.89,18.13,False,0.8063
633,5,1519.68,397.64,93.47,19.48,93.46,19.51,True,0.8318
633,7,1751.04,290.81,112.54,8.68,112.53,8.73,False,0.7643
633,10,1090.8,402.47,62.06,19.95,62.06,19.93,True,0.8237
633,12,1232.41,624.62,71.04,40.05,71.05,40.08,True,0.8295
633,14,1566.68,484.3,95.67,27.69,95.65,27.7,True,0.8199
633,15,962.56,276.06,52.7,7.13,52.71,6.97,True,0.7956
633,17,761.42,342.6,37.69,14.01,37.74,14.0,True,0.8098
633,18,837.06,197.15,42.86,-1.46,42.88,-1.41,False,0.6672
633,19,1646.68,341.87,103.72,13.94,103.7,13.89,True,0.7721
633,36,1491.92,327.99,92.36,12.53,92.4,12.58,True,0.8009
633,46,1600.24,595.45,96.48,37.57,96.53,37.61,True,0.8415
633,69,1411.64,218.7,87.65,0.93,87.64,1.02,True,0.729
633,76,1834.18,325.05,118.07,12.23,118.06,12.26,False,0.7521
633,81,1872.49,333.14,120.76,13.05,120.72,13.11,False,0.7341
633,103,48.6,371.76,-14.79,16.93,-14.74,16.92,False,0.7823
633,108,1219.58,902.7,68.77,61.64,68.76,61.6,True,0.8216
633,111,1749.26,586.53,106.87,36.8,106.8,36.84,False,0.8348
633,113,1132.9,930.64,63.25,63.62,63.22,63.64,True,0.7358
633,119,1257.54,606.56,72.87,38.52,72.89,38.46,True,0.6872
634,4,1836.48,383.58,116.96,18.1,116.96,18.08,False,0.8088
634,5,1520.5,397.3,93.53,19.44,93.53,19.42,True,0.8341
634,7,1751.48,290.07,112.58,8.6,112.6,8.66,False,0.7693
634,10,1090.64,401.8,62.05,19.88,62.05,19.87,True,0.8263
634,12,1232.45,624.16,71.05,40.01,71.05,40.02,True,0.8311
634,14,1566.9,483.92,95.69,27.65,95.69,27.66,True,0.8233
634,15,962.58,272.74,52.7,6.77,52.7,6.87,True,0.7828
634,17,761.69,341.85,37.71,13.93,37.71,13.94,True,0.8053
634,18,837.3,197.01,42.88,-1.48,42.88,-1.51,False,0.6771
634,19,1647.22,340.24,103.78,13.77,103.76,13.83,True,0.7912
634,36,1494.64,327.91,92.56,12.52,92.55,12.52,True,0.8029
634,46,1601.26,595.4,96.55,37.56,96.6,37.58,True,0.8399
634,69,1411.28,219.43,87.61,1.01,87.65,0.96,True,0.7569
634,76,1835.08,324.75,118.15,12.19,118.14,12.18,False,0.7626
634,81,1872.73,332.28,120.8,12.96,120.8,12.99,False,0.7626
634,103,47.56,371.04,-14.89,16.86,-14.89,16.85,False,0.7881
634,108,1213.69,902.95,68.4,61.65,68.45,61.67,True,0.8239
634,111,1743.26,585.55,106.47,36.72,106.45,36.7,False,0.8179
634,113,1132.65,930.08,63.24,63.58,63.2,63.63,True,0.7697
634,119,1258.03,605.35,72.91,38.42,72.92,38.41,True,0.6461
635,4,1837.08,382.71,117.02,18.01,117.05,18.01,False,0.8147
635,5,1521.34,396.61,93.61,19.38,93.59,19.35,True,0.8406
635,7,1752.65,289.64,112.68,8.56,112.68,8.6,False,0.7732
635,10,1090.54,400.72,62.05,19.78,62.05,19.8,True,0.8237
635,12,1232.47,623.67,71.05,39.97,71.07,39.97,True,0.834
635,14,1567.24,483.58,95.72,27.62,95.72,27.63,True,0.8297
635,15,962.6,271.29,52.7,6.62,52.69,6.78,True,0.7491
635,17,761.56,341.0,37.7,13.85,37.68,13.87,True,0.7963
635,18,837.45,196.03,42.89,-1.59,42.88,-1.59,False,0.6745
635,19,1647.72,339.31,103.84,13.68,103.83,13.77,True,0.8003
635,36,1496.8,327.51,92.73,12.48,92.7,12.49,True,0.8178
635,46,1602.84,595.38,96.66,37.56,96.7,37.55,True,0.8335
635,69,1411.6,219.17,87.64,0.98,87.65,0.93,True,0.7459
635,76,1835.86,324.14,118.22,12.13,118.22,12.14,False,0.7534
635,81,1873.1,331.51,120.84,12.88,120.86,12.89,False,0.7581
635,103,46.22,370.48,-15.0,16.8,-15.06,16.79,False,0.7638
635,108,1209.07,903.75,68.11,61.71,68.18,61.77,True,0.8372
635,111,1736.84,583.88,106.05,36.57,106.06,36.57,False,0.7953
635,113,1132.17,930.14,63.21,63.58,63.11,63.64,True,0.67
635,119,1258.87,604.39,72.97,38.33,72.95,38.36,True,0.6387
636,4,1837.96,382.25,117.1,17.97,117.13,17.95,False,0.8051
636,5,1521.86,395.62,93.66,19.28,93.65,19.28,True,0.8254
636,7,1753.74,289.87,112.76,8.58,112.76,8.57,False,0.7656
636,10,1090.47,400.14,62.04,19.72,62.06,19.74,True,0.8253
636,12,1232.86,623.29,71.08,39.94,71.08,39.94,True,0.8382
636,14,1567.33,483.31,95.73,27.6,95.75,27.59,True,0.8326
636,15,962.4,271.26,52.68,6.62,52.69,6.64,True,0.7342
636,17,761.29,340.61,37.67,13.81,37.68,13.8,True,0.8007
636,18,837.46,195.13,42.88,-1.69,42.89,-1.66,False,0.6787
636,19,1648.28,339.73,103.87,13.72,103.88,13.72,True,0.789
636,36,1498.16,327.1,92.84,12.43,92.86,12.46,True,0.8225
636,46,1605.14,595.06,96.82,37.54,96.86,37.55,True,0.8324
636,69,1411.95,218.48,87.68,0.91,87.67,0.89,True,0.7265
636,76,1836.68,323.28,118.3,12.04,118.29,12.1,False,0.7611
636,81,1873.92,330.91,120.92,12.82,120.91,12.82,False,0.7818
636,103,43.88,369.58,-15.19,16.71,-15.21,16.73,False,0.7533
636,108,1205.57,905.09,67.88,61.81,67.96,61.86,True,0.8263
636,111,1730.8,582.32,105.66,36.44,105.65,36.43,False,0.811
636,113,1129.8,931.18,63.06,63.66,63.0,63.67,True,0.4737
636,119,1259.06,603.82,72.99,38.29,72.99,38.31,True,0.557
637,4,1839.67,381.22,117.25,17.87,117.21,17.89,False,0.7645
637,5,1522.18,394.63,93.69,19.18,93.7,19.19,True,0.831
637,7,1755.06,289.93,112.86,8.59,112.85,8.54,False,0.7722
637,10,1090.68,399.74,62.06,19.68,62.06,19.68,True,0.8283
637,12,1233.19,622.71,71.11,39.89,71.1,39.9,True,0.8332
637,14,1567.98,483.09,95.78,27.58,95.78,27.55,True,0.8378
637,15,962.4,272.78,52.68,6.78,52.68,6.54,True,0.7605
637,17,760.96,340.13,37.65,13.76,37.66,13.74,True,0.8075
637,18,837.56,194.94,42.89,-1.71,42.89,-1.73,False,0.6783
637,19,1649.13,340.08,103.93,13.76,103.93,13.69,True,0.7829
637,36,1500.24,327.41,92.99,12.47,93.01,12.42,True,0.817
637,46,1607.9,595.02,97.01,37.53,97.08,37.55,True,0.8454
637,69,1411.91,217.56,87.69,0.81,87.69,0.85,True,0.7237
637,76,1837.78,323.78,118.37,12.1,118.36,12.05,False,0.755
637,81,1874.3,330.31,120.96,12.76,120.98,12.75,False,0.7715
637,103,41.17,369.05,-15.41,16.66,-15.37,16.67,False,0.7444
637,108,1203.76,908.05,67.76,62.02,67.77,62.0,True,0.8143
637,111,1724.25,580.87,105.24,36.31,105.26,36.26,False,0.8357
637,113,1125.28,932.68,62.77,63.76,62.86,63.73,True,0.4255
637,119,1259.47,603.52,73.02,38.26,73.03,38.26,True,0.6208
638,4,1840.52,380.61,117.32,17.81,117.29,17.83,False,0.7763
638,5,1522.65,393.97,93.74,19.12,93.75,19.07,True,0.8226
638,7,1755.87,289.16,112.94,8.51,112.92,8.49,False,0.7657
638,10,1091.08,399.47,62.09,19.65,62.07,19.63,True,0.826
638,12,1233.34,622.64,71.12,39.88,71.12,39.87,True,0.8314
638,14,1568.38,482.47,95.81,27.52,95.81,27.51,True,0.8379
638,15,962.36,269.26,52.68,6.4,52.68,6.48,True,0.7061
638,17,761.1,339.18,37.65,13.66,37.65,13.68,True,0.8047
638,18,837.8,193.91,42.91,-1.82,42.9,-1.82,False,0.6758
638,19,1649.74,339.24,103.99,13.67,103.98,13.66,True,0.7844
638,36,1502.46,326.63,93.17,12.39,93.17,12.35,True,0.8027
638,46,1611.69,595.15,97.27,37.54,97.37,37.56,True,0.8512
638,69,1412.36,217.11,87.73,0.76,87.71,0.79,True,0.7271
638,76,1838.4,323.32,118.43,12.05,118.42,12.01,False,0.747
638,81,1875.28,329.46,121.05,12.68,121.06,12.68,False,0.7916
638,103,39.16,368.53,-15.57,16.61,-15.52,16.62,False,0.7623
638,108,1201.8,909.14,67.63,62.1,67.62,62.08,True,0.7988
638,111,1718.02,578.39,104.85,36.1,104.9,36.07,True,0.8562
638,113,1124.4,932.9,62.72,63.78,62.7,63.78,True,0.5542
638,119,1259.96,603.34,73.05,38.24,73.06,38.22,True,0.612
639,4,1840.72,380.58,117.34,17.8,117.4,17.76,False,0.7846
639,5,1523.1,392.52,93.79,18.98,93.82,18.95,True,0.8271
639,7,1756.43,288.62,112.99,8.45,113.0,8.43,False,0.7796
639,10,1090.86,398.6,62.08,19.57,62.07,19.58,True,0.8276
639,12,1233.56,622.0,71.14,39.83,71.15,39.85,True,0.8374
639,14,1568.62,481.65,95.84,27.44,95.84,27.47,True,0.844
639,15,962.3,268.05,52.68,6.28,52.68,6.41,True,0.6923
639,17,760.96,338.6,37.64,13.61,37.64,13.63,True,0.8026
639,18,837.76,193.67,42.9,-1.85,42.9,-1.91,False,0.6795
639,19,1650.2,338.97,104.03,13.64,104.05,13.61,True,0.7856
639,36,1504.36,325.99,93.32,12.32,93.34,12.3,True,0.7939
639,38,779.98,911.57,41.24,62.27,41.01,64.07,True,0.3751
639,46,1617.46,595.58,97.66,37.58,97.72,37.59,True,0.8341
639,69,1412.24,217.33,87.71,0.78,87.73,0.71,True,0.7568
639,76,1838.74,322.38,118.47,11.95,118.49,11.97,False,0.7563
639,81,1876.12,328.83,121.13,12.61,121.13,12.6,False,0.7983
639,103,37.69,368.09,-15.68,16.57,-15.66,16.57,False,0.7655
639,108,1199.58,912.54,67.48,62.34,67.46,62.1,True,0.7864
639,111,1712.71,575.65,104.52,35.86,104.56,35.89,True,0.8361
639,119,1260.51,602.58,73.1,38.18,73.08,38.19,True,0.6228
640,4,1841.86,379.47,117.45,17.69,117.49,17.7,False,0.755
640,5,1524.02,390.53,93.89,18.78,93.89,18.82,True,0.8157
640,7,1757.04,287.57,113.06,8.34,113.07,8.36,False,0.7819
640,10,1090.64,398.15,62.06,19.53,62.07,19.53,True,0.8272
640,12,1234.0,622.05,71.17,39.83,71.17,39.83,True,0.8405
640,14,1568.89,481.1,95.87,27.39,95.87,27.42,True,0.8442
640,15,962.44,268.48,52.69,6.32,52.69,6.3,True,0.7385
640,17,760.92,338.39,37.63,13.58,37.63,13.58,True,0.8011
640,18,837.77,192.21,42.9,-2.01,42.88,-2.0,False,0.6913
640,19,1650.9,337.79,104.1,13.52,104.11,13.52,True,0.7841
640,36,1506.6,324.33,93.51,12.15,93.52,12.24,True,0.7807
640,46,1623.77,595.74,98.09,37.59,98.1,37.64,True,0.838
640,69,1412.34,216.53,87.73,0.69,87.75,0.61,True,0.7446
640,76,1839.52,321.92,118.54,11.9,118.55,11.89,False,0.7644
640,81,1876.98,327.82,121.22,12.51,121.22,12.52,False,0.7965
640,103,36.68,367.73,-15.77,16.53,-15.76,16.52,False,0.7723
640,108,1197.01,909.37,67.33,62.11,67.29,62.12,True,0.7965
640,111,1707.92,573.3,104.23,35.65,104.24,35.72,True,0.8179
640,113,1121.24,934.19,62.52,63.87,62.55,63.81,True,0.7738
640,119,1260.82,602.1,73.12,38.14,73.1,38.16,True,0.5911
641,4,1844.33,378.89,117.64,17.64,117.59,17.64,False,0.7643
641,5,1525.04,389.36,93.98,18.67,93.97,18.66,True,0.8017
641,7,1758.14,287.04,113.15,8.28,113.15,8.27,False,0.7666
641,10,1090.71,397.77,62.07,19.49,62.05,19.48,True,0.8248
641,12,1234.51,622.06,71.2,39.83,71.21,39.81,True,0.8435
641,14,1569.4,481.2,95.91,27.4,95.91,27.38,True,0.8447
641,15,962.44,267.89,52.69,6.26,52.69,6.25,True,0.7185
641,17,760.86,338.16,37.63,13.56,37.61,13.53,True,0.8099
641,18,837.66,190.9,42.88,-2.16,42.86,-2.1,False,0.6889
641,19,1651.95,336.94,104.19,13.44,104.18,13.43,True,0.7847
641,36,1509.45,324.51,93.72,12.17,93.7,12.18,True,0.7665
641,46,1630.98,596.82,98.57,37.69,98.47,37.71,True,0.8298
641,69,1412.66,215.01,87.78,0.52,87.77,0.49,True,0.7317
641,76,1840.42,321.59,118.62,11.87,118.63,11.8,False,0.7595
641,81,1877.76,327.14,121.29,12.44,121.31,12.45,False,0.7872
641,103,35.65,367.34,-15.85,16.49,-15.85,16.46,False,0.7823
641,108,1193.3,906.66,67.11,61.92,67.12,62.2,True,0.8058
641,111,1703.58,572.05,103.95,35.55,103.92,35.58,True,0.8251
641,113,1119.44,933.88,62.41,63.85,62.45,63.83,True,0.7723
641,119,1260.89,602.07,73.13,38.14,73.1,38.17,True,0.5969
642,4,1844.84,378.07,117.7,17.56,117.71,17.58,False,0.7631
642,5,1525.96,387.99,94.06,18.53,94.06,18.52,True,0.7917
642,7,1758.98,286.24,113.23,8.2,113.23,8.18,False,0.788
642,10,1090.2,397.01,62.03,19.41,62.04,19.43,True,0.8331
642,12,1234.97,621.55,71.24,39.79,71.24,39.8,True,0.8395
642,14,1569.8,480.88,95.94,27.37,95.96,27.36,True,0.8539
642,15,962.42,267.67,52.69,6.24,52.69,6.21,True,0.7313
642,17,760.48,337.4,37.6,13.48,37.59,13.47,True,0.8162
642,18,836.44,190.8,42.79,-2.17,42.85,-2.21,False,0.6871
642,19,1652.54,336.07,104.25,13.35,104.26,13.34,True,0.7847
642,36,1511.46,324.28,93.88,12.15,93.87,12.13,True,0.746
642,46,1636.15,598.42,98.9,37.82,98.81,37.8,True,0.8156
642,69,1412.7,212.87,87.8,0.29,87.79,0.35,True,0.7288
642,76,1840.71,319.82,118.68,11.69,118.71,11.73,False,0.7525
642,81,1878.78,326.43,121.39,12.37,121.4,12.39,False,0.7965
642,103,34.84,366.54,-15.93,16.41,-15.94,16.39,False,0.7712
642,108,1190.08,909.47,66.9,62.12,66.98,62.27,True,0.7949
642,111,1698.92,571.1,103.64,35.46,103.57,35.47,True,0.8169
642,113,1117.98,933.44,62.32,63.81,62.37,63.83,True,0.8149
642,119,1260.51,601.91,73.1,38.12,73.1,38.19,True,0.5429
643,4,1846.56,377.83,117.83,17.53,117.83,17.52,False,0.813
643,5,1526.77,386.02,94.15,18.34,94.14,18.41,True,0.7853
643,7,1759.88,285.05,113.33,8.07,113.31,8.1,False,0.8063
643,10,1089.89,396.65,62.01,19.38,62.02,19.39,True,0.8395
643,12,1235.57,621.29,71.28,39.77,71.27,39.78,True,0.8371
643,14,1570.76,480.33,96.01,27.32,96.01,27.34,True,0.8531
643,15,962.46,266.76,52.69,6.14,52.68,6.18,True,0.7464
643,17,760.0,336.58,37.56,13.4,37.57,13.41,True,0.8164
643,18,837.11,189.74,42.84,-2.29,42.82,-2.3,False,0.685
643,19,1653.52,334.84,104.35,13.22,104.34,13.25,True,0.7924
643,36,1513.72,323.85,94.05,12.1,94.04,12.1,True,0.7455
643,46,1639.49,599.24,99.12,37.89,99.12,37.94,True,0.8148
643,69,1412.68,211.73,87.82,0.16,87.82,0.2,True,0.697
643,76,1842.3,319.0,118.82,11.6,118.8,11.66,False,0.74
643,81,1880.25,326.0,121.51,12.32,121.48,12.34,False,0.7958
643,103,33.79,365.28,-16.04,16.29,-16.03,16.31,False,0.7799
643,108,1188.82,914.97,66.79,62.51,66.82,62.44,True,0.8036
643,111,1693.18,570.11,103.26,35.38,103.19,35.38,True,0.8116
643,113,1117.52,933.57,62.29,63.82,62.32,63.8,True,0.816
643,119,1260.24,603.36,73.07,38.25,73.08,38.24,True,0.5327
644,4,1847.9,377.2,117.94,17.47,117.93,17.49,False,0.8059
644,5,1527.73,385.39,94.23,18.28,94.21,18.33,True,0.789
644,7,1760.35,284.53,113.37,8.02,113.38,8.04,False,0.8019
644,10,1089.86,396.46,62.01,19.36,62.01,19.34,True,0.8377
644,12,1235.85,621.25,71.3,39.77,71.29,39.77,True,0.8399
644,14,1571.58,480.34,96.07,27.32,96.06,27.32,True,0.8575
644,15,962.28,266.46,52.67,6.11,52.67,6.14,True,0.7301
644,17,759.76,335.88,37.54,13.33,37.54,13.34,True,0.8181
644,18,837.2,188.82,42.84,-2.4,42.79,-2.35,False,0.6798
644,19,1654.48,334.11,104.43,13.15,104.41,13.18,True,0.8016
644,36,1515.38,323.56,94.18,12.07,94.2,12.05,True,0.7474
644,46,1643.12,600.36,99.35,37.99,99.4,38.09,True,0.7888
644,69,1412.6,210.92,87.82,0.07,87.83,0.09,True,0.685
644,76,1843.26,319.07,118.89,11.61,118.89,11.59,False,0.745
644,81,1881.14,326.05,121.57,12.33,121.56,12.31,False,0.7779
644,103,32.98,364.57,-16.11,16.22,-16.13,16.21,False,0.7835
644,108,1188.42,917.21,66.76,62.67,66.68,62.68,True,0.8082
644,111,1685.95,569.13,102.78,35.29,102.78,35.31,True,0.7338
644,113,1117.64,933.28,62.3,63.8,62.3,63.78,True,0.8136
644,119,1260.12,604.1,73.06,38.31,73.07,38.28,True,0.4868
645,4,1849.23,376.68,118.05,17.42,118.03,17.46,False,0.7824
645,5,1528.42,385.01,94.28,18.24,94.29,18.27,True,0.7964
645,7,1761.26,283.86,113.46,7.95,113.44,7.99,False,0.7933
645,10,1089.66,395.74,62.0,19.29,62.01,19.3,True,0.8378
645,12,1236.03,621.2,71.31,39.76,71.32,39.77,True,0.8344
645,14,1572.22,479.85,96.12,27.28,96.1,27.31,True,0.8531
645,15,962.17,266.91,52.67,6.15,52.66,6.08,True,0.7773
645,17,759.53,335.35,37.52,13.28,37.5,13.28,True,0.82
645,18,836.24,188.29,42.76,-2.46,42.78,-2.42,False,0.7118
645,19,1654.8,333.39,104.47,13.08,104.47,13.15,True,0.7875
645,36,1517.62,322.84,94.36,12.0,94.36,12.0,True,0.7522
645,46,1648.7,604.06,99.68,38.31,99.68,38.25,True,0.7438
645,69,1413.0,210.11,87.86,-0.02,87.84,-0.01,False,0.6667
645,76,1844.38,318.35,118.99,11.54,118.99,11.57,False,0.7311
645,81,1881.61,325.35,121.62,12.26,121.65,12.26,False,0.7446
645,103,31.88,363.75,-16.21,16.13,-16.23,16.1,False,0.7919
645,108,1185.56,921.57,66.56,62.98,66.56,62.91,True,0.7943
645,111,1679.43,568.21,102.34,35.21,102.37,35.25,True,0.7231
645,113,1117.28,932.43,62.28,63.74,62.3,63.77,True,0.8162
645,119,1260.23,604.91,73.06,38.38,73.07,38.34,True,0.441
646,4,1850.42,377.34,118.12,17.48,118.13,17.43,False,0.8154
646,5,1529.31,385.26,94.35,18.26,94.37,18.23,True,0.8215
646,7,1761.78,283.87,113.5,7.95,113.49,7.94,False,0.8387
646,10,1089.95,395.24,62.02,19.24,62.02,19.25,True,0.8359
646,12,1236.27,621.38,71.32,39.78,71.34,39.75,True,0.8442
646,14,1572.52,480.27,96.14,27.32,96.13,27.29,True,0.873
646,15,961.76,266.13,52.63,6.07,52.64,6.0,True,0.7476
646,17,758.84,334.86,37.46,13.23,37.47,13.22,True,0.8293
646,18,835.98,188.56,42.74,-2.43,42.75,-2.49,False,0.7883
646,19,1655.65,333.86,104.53,13.12,104.53,13.13,True,0.843
646,36,1520.02,322.29,94.55,11.94,94.5,11.94,True,0.8014
646,46,1653.09,605.91,99.95,38.46,100.02,38.4,True,0.7664
646,69,1412.89,209.62,87.86,-0.07,87.85,-0.09,False,0.6986
646,76,1845.56,318.24,119.08,11.53,119.07,11.54,False,0.7561
646,81,1882.59,325.25,121.7,12.25,121.74,12.21,False,0.7891
646,103,30.26,362.26,-16.37,15.99,-16.34,15.99,False,0.7864
646,108,1182.94,923.81,66.39,63.14,66.47,63.08,True,0.7919
646,111,1672.79,568.16,101.88,35.21,101.94,35.08,True,0.7456
646,113,1117.72,932.19,62.3,63.73,62.32,63.75,True,0.7952
646,119,1260.38,604.71,73.07,38.36,73.08,38.37,True,0.4592
647,4,1851.52,376.55,118.22,17.41,118.22,17.4,False,0.8144
647,5,1530.56,384.68,94.45,18.21,94.44,18.2,True,0.8261
647,7,1762.34,284.08,113.53,7.97,113.55,7.9,False,0.8412
647,10,1089.94,394.91,62.02,19.21,62.02,19.21,True,0.8408
647,12,1236.87,621.02,71.37,39.75,71.37,39.74,True,0.8332
647,14,1572.52,479.97,96.14,27.29,96.16,27.27,True,0.8706
647,15,961.62,264.65,52.62,5.91,52.64,5.89,True,0.7624
647,17,758.52,334.35,37.43,13.17,37.43,13.16,True,0.8295
647,18,835.74,187.87,42.72,-2.5,42.71,-2.55,False,0.7837
647,19,1656.24,334.33,104.56,13.17,104.6,13.1,True,0.848
647,36,1521.14,321.71,94.64,11.88,94.64,11.87,True,0.8077
647,46,1658.29,607.8,100.28,38.62,100.41,38.54,True,0.7887
647,69,1412.42,208.72,87.84,-0.17,87.87,-0.17,False,0.6673
647,76,1846.68,318.51,119.16,11.55,119.15,11.51,False,0.7549
647,81,1884.16,324.29,121.84,12.15,121.83,12.16,False,0.7956
647,103,29.54,361.31,-16.44,15.89,-16.44,15.86,False,0.7887
647,108,1181.88,925.78,66.32,63.27,66.41,63.25,True,0.8168
647,111,1668.59,567.74,101.6,35.17,101.51,34.87,True,0.756
647,113,1118.5,932.39,62.35,63.74,62.35,63.73,True,0.7868
647,119,1260.61,605.33,73.09,38.41,72.69,38.31,True,0.4437
648,4,1852.74,375.97,118.32,17.35,118.3,17.39,False,0.8086
648,5,1531.4,383.97,94.52,18.14,94.52,18.16,True,0.8297
648,7,1762.86,282.67,113.6,7.82,113.61,7.86,False,0.836
648,10,1090.39,394.42,62.06,19.16,62.03,19.18,True,0.8439
648,12,1237.42,620.59,71.41,39.71,71.4,39.74,True,0.8242
648,14,1572.79,479.52,96.17,27.25,96.19,27.24,True,0.8639
648,15,961.7,263.08,52.63,5.75,52.63,5.8,True,0.7879
648,17,757.84,333.73,37.38,13.11,37.39,13.1,True,0.8303
648,18,835.44,186.43,42.69,-2.67,42.68,-2.61,False,0.7768
648,19,1657.52,333.86,104.66,13.12,104.68,13.07,True,0.8328
648,36,1522.42,320.85,94.75,11.79,94.76,11.84,True,0.8161
648,46,1666.4,607.92,100.83,38.64,100.82,38.62,True,0.8145
648,69,1413.01,207.73,87.89,-0.28,87.89,-0.24,False,0.6169
648,76,1847.44,317.92,119.23,11.49,119.23,11.5,False,0.7727
648,81,1885.35,323.38,121.95,12.05,121.93,12.11,False,0.8089
648,103,28.7,359.46,-16.55,15.71,-16.55,15.73,False,0.7964
648,108,1182.32,926.83,66.34,63.35,66.42,63.35,True,0.8206
648,111,1660.01,560.13,101.12,34.5,101.1,34.67,True,0.7732
648,113,1118.99,932.07,62.38,63.72,62.42,63.73,True,0.8055
648,119,1260.93,605.27,73.11,38.41,72.25,38.22,True,0.4376
649,4,1853.7,375.94,118.4,17.35,118.39,17.37,False,0.8178
649,5,1532.34,384.04,94.59,18.14,94.59,18.1,True,0.8255
649,7,1763.6,282.4,113.67,7.8,113.66,7.81,False,0.8404
649,10,1089.98,394.46,62.02,19.17,62.03,19.15,True,0.8403
649,12,1237.91,620.55,71.44,39.71,71.43,39.72,True,0.8257
649,14,1573.54,479.0,96.23,27.2,96.23,27.19,True,0.8635
649,15,961.8,261.64,52.64,5.59,52.63,5.7,True,0.7959
649,17,757.48,332.87,37.35,13.02,37.36,13.04,True,0.8281
649,18,834.94,186.09,42.65,-2.7,42.66,-2.69,False,0.7788
649,19,1658.69,332.78,104.77,13.01,104.77,13.02,True,0.8305
649,36,1524.44,320.54,94.9,11.76,94.88,11.77,True,0.8242
649,46,1673.41,608.26,101.31,38.66,101.24,38.68,True,0.8316
649,69,1413.34,207.44,87.92,-0.31,87.91,-0.31,False,0.6374
649,76,1848.26,317.6,119.3,11.46,119.31,11.48,False,0.7801
649,81,1886.58,323.79,122.03,12.1,122.03,12.06,False,0.7966
649,103,27.95,358.33,-16.63,15.59,-16.64,15.62,False,0.8169
649,108,1184.19,929.01,66.45,63.5,66.47,63.42,True,0.7886
649,111,1652.02,557.36,100.61,34.26,100.73,34.47,True,0.8242
649,113,1119.97,932.29,62.44,63.73,62.52,63.73,True,0.7973
650,4,1854.64,376.18,118.46,17.37,118.47,17.34,False,0.8201
650,5,1533.26,383.16,94.67,18.06,94.67,18.02,True,0.8256
650,7,1764.28,282.06,113.73,7.76,113.74,7.73,False,0.8416
650,10,1089.81,394.11,62.01,19.13,62.03,19.1,True,0.8319
650,12,1238.26,620.83,71.46,39.73,71.46,39.71,True,0.8171
650,14,1573.93,478.3,96.27,27.13,96.27,27.15,True,0.8636
650,15,961.63,262.35,52.62,5.67,52.63,5.61,True,0.7829
650,17,757.04,332.18,37.31,12.95,37.35,12.99,True,0.8288
650,18,834.5,185.77,42.62,-2.74,42.64,-2.76,False,0.7542
650,19,1660.08,331.85,104.89,12.92,104.87,12.97,True,0.8355
650,36,1525.44,320.99,94.97,11.81,95.04,11.71,True,0.8172
650,46,1679.74,609.03,101.73,38.73,101.65,38.72,True,0.8288
650,69,1413.45,206.92,87.94,-0.37,87.94,-0.38,False,0.658
650,76,1849.49,317.83,119.39,11.48,119.39,11.43,False,0.7965
650,81,1887.6,322.97,122.13,12.01,122.13,12.01,False,0.8037
650,103,26.6,357.29,-16.76,15.49,-16.72,15.51,False,0.8115
650,108,1186.3,928.77,66.58,63.49,66.54,63.48,True,0.7738
650,111,1646.99,556.74,100.27,34.21,100.39,34.26,True,0.8285
650,113,1122.82,932.28,62.62,63.73,62.67,63.72,True,0.7934
651,4,1855.48,375.99,118.53,17.35,118.55,17.3,False,0.8132
651,5,1533.72,382.02,94.72,17.95,94.76,17.92,True,0.8215
651,7,1764.86,281.49,113.78,7.7,113.82,7.66,False,0.8507
651,10,1089.87,393.41,62.02,19.06,62.03,19.05,True,0.8262
651,12,1238.67,620.55,71.49,39.71,71.48,39.69,True,0.8151
651,14,1574.63,477.95,96.32,27.1,96.32,27.1,True,0.8633
651,15,961.66,261.6,52.63,5.59,52.63,5.54,True,0.7616
651,17,757.38,332.01,37.34,12.94,37.33,12.93,True,0.8273
651,18,834.6,185.07,42.62,-2.82,42.61,-2.82,False,0.7396
651,19,1661.29,331.49,104.99,12.88,104.97,12.92,True,0.8342
651,36,1527.54,319.27,95.16,11.63,95.21,11.66,True,0.8023
651,46,1684.44,609.53,102.04,38.77,102.02,38.75,True,0.8426
651,69,1413.8,206.36,87.97,-0.43,87.96,-0.46,False,0.6271
651,76,1850.56,317.27,119.48,11.43,119.46,11.4,False,0.7934
651,81,1888.74,322.58,122.22,11.97,122.22,11.97,False,0.8016
651,103,26.16,356.56,-16.8,15.42,-16.79,15.42,False,0.8177
651,108,1187.65,929.04,66.66,63.5,66.63,63.64,True,0.7655
651,111,1644.06,556.52,100.07,34.19,100.05,34.18,True,0.8074
651,113,1126.06,932.04,62.82,63.72,62.86,63.71,True,0.7855
652,4,1856.54,375.21,118.62,17.27,118.63,17.24,False,0.8081
652,5,1535.2,380.57,94.85,17.8,94.85,17.8,True,0.8075
652,7,1766.38,280.16,113.93,7.56,113.9,7.59,False,0.8433
652,10,1090.12,392.58,62.04,18.98,62.04,18.99,True,0.8286
652,12,1238.82,620.24,71.51,39.68,71.5,39.67,True,0.8188
652,14,1575.4,477.59,96.38,27.07,96.36,27.07,True,0.8605
652,15,961.74,260.26,52.63,5.44,52.64,5.48,True,0.779
652,17,757.62,331.71,37.35,12.91,37.3,12.89,True,0.8295
652,18,834.48,184.66,42.61,-2.86,42.59,-2.9,False,0.756
652,19,1662.26,331.69,105.06,12.9,105.05,12.88,False,0.835
652,36,1530.58,318.36,95.4,11.54,95.4,11.62,True,0.7794
652,46,1688.88,609.58,102.35,38.78,102.34,38.82,True,0.8466
652,69,1413.92,205.51,87.99,-0.53,87.98,-0.53,False,0.4036
652,76,1851.2,315.89,119.56,11.28,119.53,11.4,False,0.7704
652,81,1889.96,322.08,122.33,11.92,122.31,11.91,False,0.7846
652,103,25.63,356.04,-16.86,15.36,-16.86,15.34,False,0.8054
652,108,1188.04,929.77,66.69,63.56,66.72,63.93,True,0.777
652,111,1641.02,556.04,99.86,34.14,99.73,34.13,True,0.8098
652,113,1129.97,931.54,63.07,63.68,63.09,63.71,True,0.7803
653,4,1857.54,373.84,118.73,17.14,118.71,17.18,False,0.8141
653,5,1536.52,379.01,94.97,17.65,94.95,17.68,True,0.8028
653,7,1767.26,279.19,114.01,7.46,113.98,7.52,False,0.8374
653,10,1090.58,391.94,62.08,18.92,62.05,18.94,True,0.8326
653,12,1238.78,619.57,71.51,39.62,71.52,39.64,True,0.8191
653,14,1575.34,477.06,96.39,27.02,96.4,27.03,True,0.8628
653,15,961.88,259.98,52.64,5.41,52.65,5.41,True,0.7917
653,17,756.92,331.02,37.3,12.83,37.27,12.85,True,0.8296
653,18,834.04,183.85,42.57,-2.96,42.57,-2.99,False,0.7691
653,19,1663.2,331.38,105.13,12.87,105.13,12.83,False,0.8366
653,36,1533.68,318.53,95.63,11.56,95.62,11.57,True,0.7645
653,46,1693.62,609.94,102.67,38.81,102.64,38.89,True,0.831
653,69,1413.7,204.46,87.99,-0.65,88.0,-0.6,False,0.5137
653,76,1851.85,316.62,119.59,11.36,119.6,11.39,False,0.7626
653,81,1890.82,321.52,122.41,11.86,122.4,11.83,False,0.7829
653,103,25.2,354.81,-16.92,15.24,-16.91,15.26,False,0.787
653,108,1190.03,938.25,66.78,64.15,66.81,64.29,True,0.7607
653,111,1634.76,555.7,99.43,34.11,99.4,34.07,True,0.7961
653,113,1134.21,931.88,63.33,63.7,63.33,63.7,True,0.7528
654,4,1858.38,373.37,118.8,17.09,118.81,17.1,False,0.8061
654,5,1537.55,377.8,95.06,17.53,95.06,17.56,True,0.7929
654,7,1767.98,279.36,114.06,7.47,114.07,7.46,False,0.8302
654,10,1090.16,391.57,62.05,18.88,62.06,18.89,True,0.8227
654,12,1239.1,619.32,71.53,39.6,71.54,39.6,True,0.8102
654,14,1575.83,477.28,96.42,27.04,96.46,26.97,True,0.8573
654,15,962.04,258.81,52.66,5.29,52.65,5.35,True,0.788
654,17,755.6,330.83,37.2,12.82,37.23,12.79,True,0.8269
654,18,833.69,182.62,42.54,-3.1,42.54,-3.09,False,0.756
654,19,1663.82,330.84,105.19,12.82,105.2,12.77,False,0.8353
654,36,1536.59,318.71,95.84,11.57,95.84,11.53,True,0.7174
654,46,1697.79,612.09,102.92,38.99,102.96,38.97,True,0.8376
654,69,1413.92,204.08,88.01,-0.69,88.02,-0.69,False,0.5277
654,76,1852.7,317.3,119.64,11.43,119.66,11.36,False,0.764
654,81,1891.57,320.94,122.48,11.8,122.48,11.73,False,0.7698
654,103,25.09,354.28,-16.94,15.19,-16.98,15.2,False,0.785
654,108,1192.31,949.59,66.87,64.94,66.91,64.67,True,0.7674
654,111,1628.5,554.35,99.02,34.0,99.03,33.96,True,0.8172
654,113,1138.91,931.96,63.62,63.71,63.55,63.69,True,0.7616
654,120,1292.32,988.28,72.84,67.61,72.41,68.06,True,0.3863
655,4,1859.3,372.96,118.87,17.05,118.9,17.0,False,0.7983
655,5,1538.76,377.17,95.16,17.47,95.17,17.45,True,0.7831
655,7,1768.76,278.92,114.13,7.43,114.16,7.4,False,0.8381
655,10,1090.32,391.34,62.06,18.86,62.06,18.86,True,0.8226
655,12,1239.87,618.95,71.58,39.57,71.56,39.57,True,0.8054
655,14,1576.78,476.11,96.5,26.93,96.52,26.89,True,0.8481
655,15,962.19,259.07,52.67,5.32,52.66,5.3,True,0.7874
655,17,755.18,330.11,37.16,12.74,37.18,12.73,True,0.8208
655,18,833.44,181.57,42.52,-3.21,42.5,-3.21,False,0.7574
655,19,1664.54,329.52,105.27,12.68,105.27,12.71,False,0.8385
655,36,1539.43,318.5,96.06,11.55,96.04,11.49,True,0.7509
655,46,1702.43,613.26,103.22,39.09,103.31,39.09,True,0.8575
655,69,1414.53,203.79,88.06,-0.72,88.04,-0.77,False,0.5377
655,76,1853.65,317.39,119.71,11.44,119.73,11.33,False,0.773
655,81,1891.8,319.1,122.54,11.61,122.55,11.63,False,0.7673
655,103,24.01,353.45,-17.04,15.1,-17.06,15.14,False,0.7862
655,108,1195.54,954.66,67.05,65.3,67.02,65.06,True,0.7707
655,111,1622.59,553.1,98.62,33.89,98.63,33.83,True,0.8554
655,113,1141.62,931.87,63.79,63.7,63.74,63.67,True,0.7773
656,4,1860.83,371.9,119.01,16.95,119.0,16.92,False,0.8016
656,5,1540.2,375.98,95.28,17.35,95.26,17.36,True,0.7976
656,7,1769.92,278.31,114.23,7.36,114.25,7.34,False,0.8362
656,10,1090.24,391.08,62.05,18.83,62.06,18.82,True,0.8217
656,12,1239.73,618.62,71.58,39.54,71.58,39.54,True,0.8137
656,14,1577.66,474.71,96.59,26.8,96.58,26.81,True,0.8421
656,15,962.06,259.05,52.66,5.31,52.67,5.23,True,0.7543
656,17,754.98,329.31,37.14,12.66,37.13,12.67,True,0.8247
656,18,832.96,180.5,42.48,-3.34,42.46,-3.32,False,0.7624
656,19,1665.58,328.59,105.36,12.59,105.33,12.65,False,0.844
656,36,1541.98,317.33,96.27,11.43,96.23,11.44,True,0.7334
656,46,1708.66,614.57,103.62,39.2,103.71,39.22,True,0.8559
656,69,1414.32,202.74,88.06,-0.84,88.07,-0.85,False,0.4683
656,76,1854.39,315.83,119.8,11.28,119.81,11.28,False,0.7702
656,81,1892.44,317.77,122.62,11.48,122.61,11.53,False,0.7577
656,103,22.62,353.44,-17.14,15.1,-17.16,15.08,False,0.7813
656,108,1197.78,956.13,67.18,65.4,67.12,65.34,True,0.7835
656,111,1616.24,550.67,98.22,33.67,98.25,33.66,True,0.8536
656,113,1143.96,931.26,63.94,63.66,63.92,63.61,True,0.7972
657,4,1861.68,370.23,119.11,16.78,119.09,16.83,False,0.793
657,5,1541.17,375.01,95.37,17.25,95.35,17.29,True,0.8033
657,7,1771.4,277.45,114.37,7.27,114.33,7.27,False,0.8314
657,10,1090.36,390.64,62.06,18.79,62.06,18.8,True,0.8267
657,12,1240.04,618.24,71.6,39.51,71.59,39.51,True,0.8133
657,14,1578.68,473.23,96.68,26.66,96.65,26.71,True,0.8315
657,15,962.26,257.61,52.67,5.16,52.68,5.17,True,0.7703
657,17,754.44,328.51,37.1,12.58,37.09,12.6,True,0.815
657,18,832.04,179.7,42.4,-3.43,42.41,-3.41,False,0.7512
657,19,1666.16,328.7,105.4,12.6,105.4,12.6,False,0.8419
657,36,1543.82,316.36,96.42,11.33,96.41,11.38,True,0.7487
657,46,1716.46,616.43,104.12,39.36,104.14,39.32,True,0.8649
657,69,1414.72,201.58,88.1,-0.97,88.09,-0.91,False,0.5475
657,76,1855.43,314.71,119.9,11.16,119.89,11.18,False,0.7729
657,81,1893.08,316.87,122.69,11.39,122.64,11.44,False,0.755
657,103,21.24,352.94,-17.25,15.05,-17.28,15.01,False,0.7829
657,108,1198.82,957.88,67.24,65.52,67.19,65.48,True,0.7849
657,111,1610.96,548.32,97.88,33.46,97.9,33.51,True,0.8567
657,113,1145.29,929.78,64.03,63.56,64.09,63.54,True,0.797
657,120,1284.03,997.41,72.28,68.23,72.41,68.06,False,0.5989
658,4,1862.48,369.58,119.19,16.71,119.19,16.73,False,0.7883
658,5,1541.92,374.24,95.43,17.18,95.44,17.24,True,0.8128
658,7,1772.3,276.57,114.45,7.18,114.41,7.2,False,0.833
658,10,1090.34,390.18,62.06,18.75,62.06,18.77,True,0.8283
658,12,1239.97,617.93,71.6,39.48,71.6,39.49,True,0.8148
658,14,1579.22,472.59,96.73,26.6,96.72,26.61,True,0.8227
658,15,962.4,256.75,52.68,5.07,52.68,5.11,True,0.7827
658,17,753.54,328.1,37.03,12.54,37.05,12.55,True,0.8064
658,18,831.34,178.91,42.34,-3.52,42.37,-3.49,False,0.7485
658,19,1666.62,328.32,105.45,12.56,105.46,12.57,False,0.848
658,36,1545.66,316.08,96.57,11.3,96.59,11.34,True,0.764
658,46,1724.38,617.56,104.65,39.45,104.6,39.44,True,0.8471
658,69,1414.86,201.15,88.12,-1.01,88.1,-0.98,False,0.6317
658,76,1856.12,313.77,119.98,11.07,119.97,11.06,False,0.7753
658,81,1893.23,316.56,122.7,11.35,122.66,11.41,False,0.75
658,103,19.4,352.08,-17.41,14.97,-17.39,14.94,False,0.7755
658,108,1198.84,958.32,67.24,65.55,67.21,65.56,True,0.7704
658,111,1605.48,546.42,97.53,33.3,97.55,33.37,True,0.8606
658,113,1148.06,927.99,64.2,63.43,64.29,63.4,True,0.7887
658,120,1281.44,999.22,72.11,68.35,72.41,68.06,False,0.3774
659,4,1863.54,368.8,119.28,16.64,119.28,16.64,False,0.7861
659,5,1543.29,374.5,95.53,17.2,95.52,17.19,True,0.8206
659,7,1772.51,275.95,114.48,7.11,114.47,7.14,False,0.8271
659,10,1090.4,390.25,62.07,18.75,62.06,18.73,True,0.8288
659,12,1240.12,617.69,71.61,39.46,71.62,39.47,True,0.8129
659,14,1579.68,471.86,96.77,26.54,96.77,26.55,True,0.8224
659,15,962.56,256.06,52.7,4.99,52.69,5.05,True,0.78
659,17,753.14,327.73,37.0,12.5,37.0,12.5,True,0.8093
659,18,831.14,178.52,42.33,-3.56,42.33,-3.53,False,0.7506
659,19,1667.34,328.22,105.5,12.55,105.51,12.54,False,0.8455
659,36,1547.86,316.13,96.73,11.31,96.74,11.38,True,0.7593
659,46,1731.34,618.4,105.11,39.52,105.05,39.56,False,0.8337
659,69,1414.8,200.97,88.12,-1.03,88.1,-1.02,False,0.6296
659,76,1856.66,312.44,120.05,10.93,120.04,10.96,False,0.782
659,81,1892.47,316.95,122.64,11.39,122.66,11.39,False,0.7429
659,103,18.08,350.79,-17.54,14.84,-17.51,14.83,False,0.7826
659,108,1198.71,959.12,67.23,65.61,67.2,65.64,True,0.7432
659,111,1601.12,545.55,97.23,33.22,97.18,33.28,True,0.8409
659,113,1152.22,926.87,64.47,63.35,64.53,63.18,True,0.7831
660,4,1864.53,367.93,119.37,16.55,119.36,16.58,False,0.7738
660,5,1544.32,374.5,95.6,17.2,95.58,17.14,True,0.8149
660,7,1772.96,275.58,114.52,7.08,114.51,7.1,False,0.8216
660,10,1090.28,389.83,62.06,18.71,62.06,18.68,True,0.83
660,12,1240.36,617.56,71.63,39.45,71.62,39.45,True,0.816
660,14,1580.42,470.91,96.84,26.45,96.8,26.58,True,0.8098
660,15,962.74,256.42,52.71,5.03,52.7,5.0,True,0.7866
660,17,752.66,327.28,36.96,12.45,36.96,12.46,True,0.8178
660,18,830.91,178.37,42.31,-3.58,42.3,-3.55,False,0.7511
660,19,1668.31,327.99,105.58,12.53,105.56,12.51,False,0.8425
660,36,1550.66,316.29,96.94,11.33,96.89,11.44,True,0.7611
660,46,1737.48,620.19,105.5,39.68,105.46,39.69,False,0.8565
660,69,1414.36,200.84,88.09,-1.05,88.09,-1.07,False,0.6271
660,76,1857.42,311.72,120.12,10.85,120.1,10.88,False,0.7882
660,81,1892.55,317.3,122.64,11.43,122.66,11.39,False,0.7495
660,103,17.15,349.82,-17.63,14.74,-17.61,14.73,False,0.7918
660,108,1197.78,960.76,67.16,65.72,67.2,65.69,True,0.7178
660,111,1595.78,545.13,96.87,33.18,96.75,33.23,True,0.8663
660,113,1157.45,921.86,64.81,63.0,64.83,62.88,True,0.7616
661,4,1865.54,367.38,119.46,16.5,119.43,16.53,False,0.7848
661,5,1544.76,373.76,95.65,17.13,95.63,17.1,True,0.8181
661,7,1773.29,275.49,114.55,7.07,114.53,7.06,False,0.8272
661,10,1090.28,389.13,62.06,18.64,62.05,18.65,True,0.8319
661,12,1240.47,617.27,71.64,39.43,71.63,39.44,True,0.8112
661,14,1580.72,471.2,96.85,26.48,96.83,26.6,True,0.8201
661,15,962.74,256.24,52.71,5.01,52.7,4.95,True,0.7584
661,17,752.34,326.98,36.93,12.42,36.92,12.44,True,0.8146
661,18,830.66,178.71,42.29,-3.54,42.26,-3.58,False,0.746
661,19,1668.7,327.43,105.62,12.47,105.6,12.5,False,0.8423
661,36,1552.81,319.06,97.06,11.61,97.02,11.5,True,0.7752
661,46,1743.32,621.69,105.87,39.8,105.82,39.81,False,0.8442
661,69,1414.19,200.83,88.07,-1.05,88.08,-1.12,False,0.578
661,76,1857.91,311.17,120.17,10.8,120.14,10.8,False,0.7816
661,81,1892.62,316.88,122.65,11.39,122.64,11.38,False,0.7418
661,103,16.54,348.18,-17.72,14.57,-17.68,14.64,False,0.7797
661,108,1197.51,961.8,67.14,65.79,67.21,65.75,True,0.7125
661,111,1588.94,545.59,96.38,33.22,96.31,33.21,True,0.8104
661,113,1162.65,915.41,65.16,62.54,65.16,62.57,True,0.7869
662,4,1865.94,367.48,119.49,16.51,119.5,16.5,False,0.7934
662,5,1545.03,372.6,95.68,17.01,95.66,17.03,True,0.8179
662,7,1773.44,275.38,114.57,7.05,114.55,7.02,False,0.831
662,10,1090.15,388.42,62.06,18.57,62.03,18.61,True,0.8312
662,12,1240.49,617.13,71.64,39.42,71.62,39.44,True,0.8108
662,14,1580.9,475.08,96.81,26.84,96.85,26.65,True,0.8077
662,15,962.54,255.2,52.7,4.9,52.68,4.91,True,0.7224
662,17,751.64,326.86,36.88,12.41,36.88,12.41,True,0.8193
662,18,829.78,178.39,42.22,-3.57,42.2,-3.6,False,0.7521
662,19,1668.9,327.22,105.64,12.45,105.62,12.48,False,0.841
662,36,1554.38,319.46,97.17,11.65,97.14,11.55,True,0.768
662,46,1748.26,623.98,106.17,40.0,106.13,39.94,False,0.852
662,69,1413.91,199.59,88.07,-1.19,88.05,-1.17,False,0.6731
662,76,1857.8,310.69,120.18,10.75,120.17,10.71,False,0.7839
662,81,1892.66,316.78,122.66,11.38,122.63,11.34,False,0.7515
662,103,16.36,347.81,-17.74,14.54,-17.75,14.58,False,0.7842
662,108,1198.54,961.77,67.21,65.79,67.21,65.81,True,0.7308
662,111,1580.08,545.82,95.76,33.24,95.86,33.16,True,0.7943
662,113,1167.68,909.05,65.5,62.09,65.5,62.22,True,0.7885
663,4,1866.93,366.87,119.57,16.45,119.57,16.46,False,0.7845
663,5,1544.85,371.84,95.68,16.94,95.68,16.96,True,0.8139
663,7,1773.11,274.74,114.55,6.99,114.56,6.97,False,0.8336
663,10,1089.64,388.38,62.02,18.57,62.0,18.58,True,0.8257
663,12,1240.1,617.52,71.61,39.45,71.6,39.44,True,0.8058
663,14,1581.8,473.52,96.9,26.69,96.85,26.72,True,0.7968
663,15,962.05,254.36,52.66,4.81,52.62,4.85,True,0.7018
663,17,751.16,326.75,36.84,12.4,36.82,12.39,True,0.8191
663,18,828.93,177.7,42.15,-3.65,42.12,-3.63,False,0.7523
663,19,1669.08,327.54,105.64,12.48,105.62,12.46,False,0.8414
663,36,1554.89,318.99,97.22,11.6,97.21,11.59,True,0.7879
663,46,1752.86,624.67,106.47,40.05,106.41,40.05,False,0.8635
663,69,1413.52,198.94,88.04,-1.26,88.03,-1.25,False,0.6832
663,76,1857.57,309.72,120.18,10.65,120.18,10.64,False,0.792
663,81,1891.77,316.28,122.6,11.32,122.61,11.29,False,0.7624
663,103,15.81,347.52,-17.79,14.51,-17.8,14.53,False,0.8068
663,108,1199.95,962.44,67.29,65.83,67.25,65.85,True,0.7421
663,111,1573.8,545.13,95.33,33.18,95.36,33.11,True,0.8382
663,113,1172.99,905.73,65.84,61.85,65.85,61.91,True,0.7895
664,4,1867.43,367.11,119.61,16.47,119.63,16.41,False,0.7948
664,5,1544.68,371.29,95.68,16.88,95.68,16.89,True,0.8186
664,7,1772.94,274.08,114.56,6.92,114.56,6.9,False,0.8364
664,10,1088.81,388.27,61.96,18.56,61.96,18.56,True,0.829
664,12,1239.82,617.52,71.59,39.45,71.55,39.45,True,0.7974
664,14,1581.66,474.51,96.87,26.78,96.84,26.77,True,0.7997
664,15,961.27,254.08,52.6,4.78,52.55,4.79,True,0.6113
664,17,750.45,326.37,36.79,12.36,36.76,12.37,True,0.8262
664,18,827.46,177.56,42.03,-3.67,42.03,-3.67,False,0.7583
664,19,1668.78,327.55,105.62,12.48,105.61,12.45,False,0.8393
664,36,1555.82,318.41,97.29,11.54,97.27,11.58,True,0.7912
664,46,1756.04,626.06,106.66,40.17,106.62,40.17,False,0.8624
664,69,1412.81,198.8,87.99,-1.28,88.0,-1.34,False,0.7157
664,76,1857.24,308.25,120.19,10.5,120.17,10.56,False,0.7911
664,81,1891.33,315.0,122.6,11.19,122.59,11.24,False,0.7665
664,103,14.78,347.61,-17.86,14.52,-17.86,14.52,False,0.8107
664,108,1199.73,963.46,67.27,65.91,67.32,65.87,True,0.7501
664,111,1567.74,542.9,94.94,32.98,94.86,33.01,True,0.8538
664,113,1178.16,902.37,66.18,61.61,66.2,61.67,True,0.804
664,121,972.52,941.24,53.28,64.36,53.23,64.39,True,0.6159
665,4,1868.42,365.96,119.71,16.35,119.66,16.35,False,0.7907
665,5,1544.95,370.6,95.71,16.82,95.67,16.83,True,0.8208
665,7,1772.76,272.99,114.57,6.8,114.52,6.85,False,0.8294
665,10,1088.08,388.32,61.9,18.56,61.9,18.56,True,0.8329
665,12,1238.51,617.62,71.5,39.46,71.48,39.47,True,0.8053
665,14,1581.11,474.59,96.83,26.79,96.83,26.73,True,0.8133
665,15,959.23,254.01,52.44,4.77,52.45,4.75,True,0.7065
665,17,748.9,326.18,36.67,12.34,36.66,12.36,True,0.8152
665,18,826.16,177.29,41.93,-3.7,41.91,-3.7,False,0.7555
665,19,1668.38,327.12,105.6,12.44,105.59,12.43,False,0.8343
665,36,1556.34,318.68,97.33,11.57,97.29,11.53,True,0.7848
665,46,1759.13,626.77,106.86,40.23,106.78,40.25,False,0.8552
665,69,1412.43,197.19,87.98,-1.46,87.94,-1.41,False,0.7267
665,76,1856.9,308.1,120.17,10.48,120.13,10.5,False,0.7992
665,81,1890.72,314.98,122.55,11.19,122.54,11.16,False,0.764
665,103,14.18,347.45,-17.91,14.5,-17.93,14.52,False,0.8185
665,108,1200.9,963.46,67.35,65.91,67.41,65.89,True,0.7657
665,111,1559.81,542.1,94.4,32.91,94.39,32.88,True,0.8559
665,113,1184.08,900.4,66.56,61.47,66.57,61.47,True,0.7957
665,121,971.84,941.34,53.23,64.37,53.21,64.42,True,0.544
666,4,1868.66,364.99,119.75,16.26,119.66,16.32,False,0.7849
666,5,1544.34,370.27,95.67,16.78,95.63,16.79,True,0.8153
666,7,1772.08,272.43,114.53,6.74,114.45,6.82,False,0.8282
666,10,1087.39,388.17,61.85,18.55,61.82,18.56,True,0.8292
666,12,1237.09,618.03,71.4,39.49,71.39,39.48,True,0.841
666,14,1580.7,474.18,96.81,26.75,96.76,26.73,True,0.8183
666,15,957.92,253.18,52.34,4.68,52.33,4.76,True,0.781
666,17,747.92,326.39,36.6,12.36,36.53,12.36,True,0.8197
666,18,825.0,176.92,41.84,-3.74,41.78,-3.74,False,0.7584
666,19,1667.93,326.77,105.57,12.4,105.54,12.41,False,0.8321
666,36,1556.5,318.5,97.34,11.55,97.3,11.48,True,0.7881
666,46,1760.4,628.62,106.92,40.39,106.9,40.31,False,0.849
666,69,1411.63,196.63,87.93,-1.52,87.85,-1.48,False,0.7404
666,76,1856.06,307.71,120.11,10.44,120.08,10.45,False,0.8049
666,81,1890.04,314.3,122.52,11.12,122.47,11.06,False,0.7596
666,103,12.96,347.99,-17.99,14.55,-18.03,14.53,False,0.7798
666,108,1203.08,963.74,67.48,65.92,67.46,65.9,True,0.7724
666,111,1552.26,540.33,93.89,32.76,93.91,32.73,True,0.843
666,113,1189.72,898.47,66.92,61.33,66.94,61.28,True,0.8077
667,4,1867.74,364.73,119.68,16.23,119.6,16.27,False,0.7868
667,5,1543.34,369.89,95.6,16.75,95.55,16.73,True,0.8161
667,7,1770.68,273.03,114.41,6.8,114.32,6.8,False,0.8204
667,10,1086.18,388.45,61.76,18.58,61.71,18.56,True,0.8174
667,12,1235.6,618.21,71.3,39.51,71.26,39.49,True,0.8394
667,14,1579.46,473.2,96.74,26.66,96.65,26.7,True,0.8335
667,15,956.04,253.62,52.2,4.73,52.17,4.78,True,0.7875
667,17,745.53,326.25,36.42,12.35,36.37,12.36,True,0.8036
667,18,822.27,176.84,41.62,-3.75,41.64,-3.75,False,0.7534
667,19,1667.06,326.42,105.51,12.37,105.46,12.38,False,0.8281
667,36,1555.38,316.94,97.28,11.39,97.28,11.43,True,0.7791
667,46,1761.56,628.69,106.99,40.39,107.01,40.36,False,0.8467
667,69,1409.3,196.46,87.74,-1.54,87.74,-1.54,False,0.7142
667,76,1854.78,307.62,120.02,10.43,119.98,10.43,False,0.7917
667,81,1888.18,312.83,122.41,10.97,122.35,10.98,False,0.7464
667,103,11.76,347.65,-18.09,14.52,-18.13,14.54,False,0.7474
667,108,1205.61,962.77,67.64,65.86,67.5,65.9,True,0.7241
667,111,1544.72,538.37,93.39,32.58,93.4,32.59,True,0.8443
667,113,1196.07,895.08,67.33,61.09,67.32,61.11,True,0.8253
667,121,971.21,942.18,53.19,64.43,53.17,64.43,True,0.5144
668,4,1866.05,365.11,119.55,16.27,119.48,16.25,False,0.8067
668,5,1541.58,369.46,95.48,16.7,95.44,16.68,True,0.8092
668,7,1767.58,273.25,114.16,6.83,114.15,6.81,False,0.8421
668,10,1084.06,388.05,61.61,18.54,61.56,18.56,True,0.8106
668,12,1233.58,618.08,71.16,39.5,71.1,39.51,True,0.8289
668,14,1576.59,473.17,96.53,26.66,96.48,26.66,True,0.8397
668,15,954.08,254.65,52.05,4.84,52.0,4.78,True,0.7943
668,17,742.26,326.58,36.18,12.38,36.18,12.37,True,0.8004
668,18,820.59,176.1,41.48,-3.83,41.45,-3.75,False,0.7405
668,19,1665.58,326.44,105.4,12.37,105.35,12.34,False,0.8356
668,36,1555.06,316.38,97.27,11.34,97.24,11.39,True,0.7863
668,46,1762.96,628.7,107.09,40.39,107.11,40.39,False,0.8549
668,69,1407.6,195.76,87.62,-1.62,87.57,-1.55,False,0.745
668,76,1853.34,307.2,119.92,10.39,119.83,10.41,False,0.8124
668,81,1886.16,311.54,122.29,10.84,122.16,10.94,False,0.7647
668,103,8.92,347.87,-18.29,14.54,-18.25,14.55,False,0.7602
668,108,1204.12,963.17,67.54,65.89,67.55,65.89,True,0.4632
668,111,1538.12,536.65,92.95,32.43,92.85,32.44,True,0.8497
668,113,1201.7,892.14,67.7,60.88,67.73,60.94,True,0.8084
668,121,970.12,943.22,53.13,64.5,53.09,64.48,True,0.4494
669,4,1862.98,365.05,119.32,16.26,119.3,16.25,False,0.8198
669,5,1539.08,368.6,95.3,16.62,95.3,16.62,True,0.8256
669,7,1764.78,273.38,113.95,6.84,113.92,6.82,False,0.849
669,10,1081.51,388.31,61.42,18.56,61.38,18.58,True,0.8169
669,12,1230.38,618.19,70.94,39.51,70.92,39.52,True,0.8248
669,14,1573.54,472.76,96.32,26.62,96.25,26.63,True,0.8556
669,15,951.29,254.91,51.83,4.87,51.79,4.83,True,0.7811
669,17,739.46,326.51,35.97,12.37,35.96,12.4,True,0.8011
669,18,818.82,177.18,41.35,-3.71,41.21,-3.73,False,0.6127
669,19,1663.35,325.84,105.24,12.31,105.18,12.32,False,0.832
669,36,1554.11,316.02,97.2,11.3,97.18,11.35,True,0.7834
669,46,1764.62,628.76,107.2,40.4,107.24,40.39,False,0.8566
669,69,1405.12,196.47,87.42,-1.54,87.33,-1.56,False,0.7421
669,76,1850.25,307.25,119.69,10.39,119.64,10.4,False,0.7917
669,81,1881.99,311.0,121.99,10.78,121.91,10.9,False,0.7535
669,103,7.54,348.43,-18.38,14.6,-18.32,14.54,False,0.7522
669,111,1529.3,535.04,92.36,32.28,92.26,32.32,True,0.828
669,113,1208.22,890.65,68.11,60.77,68.18,60.77,True,0.8075
669,121,968.12,943.38,53.0,64.51,52.99,64.56,True,0.5957
669,123,710.26,960.03,37.1,65.67,36.68,65.8,True,0.5503
669,124,1253.36,594.7,72.66,37.5,72.53,37.49,True,0.6328
670,4,1859.95,364.56,119.11,16.22,119.08,16.25,False,0.8223
670,5,1536.86,367.98,95.15,16.56,95.12,16.57,True,0.8272
670,7,1761.26,273.25,113.68,6.83,113.66,6.82,False,0.8398
670,10,1078.16,388.55,61.18,18.59,61.16,18.6,True,0.8066
670,12,1227.16,618.39,70.72,39.52,70.72,39.54,True,0.8091
670,14,1568.95,472.81,95.99,26.62,96.0,26.61,True,0.8499
670,15,948.05,254.2,51.58,4.79,51.55,4.89,True,0.7947
670,17,736.4,326.75,35.74,12.4,35.7,12.44,True,0.8062
670,18,813.84,177.08,40.96,-3.72,40.96,-3.7,False,0.4532
670,19,1660.18,325.53,105.01,12.27,104.96,12.29,False,0.8154
670,36,1553.34,316.76,97.13,11.37,97.11,11.34,True,0.778
670,46,1766.8,628.48,107.35,40.38,107.38,40.4,False,0.8578
670,69,1401.44,196.45,87.13,-1.54,87.09,-1.58,False,0.737
670,76,1846.7,307.43,119.41,10.41,119.41,10.38,False,0.7839
670,81,1877.25,312.8,121.59,10.97,121.61,10.91,False,0.7878
670,103,5.9,347.66,-18.52,14.52,-18.4,14.55,False,0.5829
670,111,1519.34,533.77,91.67,32.17,91.62,32.21,True,0.8017
670,113,1215.82,888.78,68.6,60.64,68.63,60.67,True,0.8042
670,121,966.08,944.57,52.88,64.59,52.87,64.65,True,0.5557
670,123,703.0,961.57,36.65,65.77,36.38,65.82,True,0.5112
670,124,1251.18,594.37,72.51,37.48,72.53,37.49,True,0.623
671,4,1856.44,364.91,118.84,16.25,118.83,16.24,False,0.8225
671,5,1534.02,367.15,94.95,16.47,94.91,16.52,True,0.8103
671,7,1757.52,272.89,113.4,6.79,113.38,6.81,False,0.8305
671,10,1074.92,388.92,60.94,18.62,60.92,18.63,True,0.8118
671,12,1223.99,618.74,70.5,39.55,70.48,39.56,True,0.8189
671,14,1564.71,472.43,95.69,26.59,95.71,26.59,True,0.848
671,15,944.52,255.45,51.31,4.93,51.28,4.92,True,0.7938
671,17,732.72,327.5,35.47,12.48,35.44,12.47,True,0.8062
671,18,809.96,177.63,40.65,-3.66,40.69,-3.65,False,0.7564
671,19,1656.32,325.5,104.72,12.27,104.7,12.27,True,0.8243
671,36,1551.78,316.69,97.02,11.37,97.01,11.36,True,0.7771
671,46,1769.94,628.88,107.56,40.41,107.48,40.4,False,0.8552
671,69,1396.78,196.35,86.76,-1.55,86.8,-1.57,False,0.7007
671,76,1843.08,307.27,119.14,10.39,119.11,10.39,False,0.8239
671,81,1872.94,312.71,121.27,10.96,121.26,10.94,False,0.7685
671,111,1508.72,533.26,90.94,32.13,90.93,32.11,True,0.7939
671,113,1224.16,886.46,69.14,60.47,69.09,60.61,True,0.7934
671,121,963.9,947.07,52.74,64.77,52.72,64.77,True,0.6066
671,123,696.72,964.14,36.28,65.95,36.17,65.86,True,0.6035
671,124,1249.74,594.6,72.41,37.5,72.53,37.49,True,0.4842
672,4,1852.87,364.74,118.58,16.23,118.59,16.24,False,0.8283
672,5,1530.82,367.27,94.71,16.49,94.68,16.47,True,0.7971
672,7,1753.58,272.87,113.1,6.79,113.07,6.81,False,0.8162
672,10,1071.28,389.64,60.67,18.69,60.66,18.69,True,0.8122
672,12,1220.54,619.43,70.26,39.61,70.23,39.59,True,0.8112
672,14,1561.22,472.15,95.45,26.56,95.41,26.58,True,0.8527
672,15,940.52,256.23,51.0,5.01,50.99,4.94,True,0.7964
672,17,728.44,328.33,35.15,12.56,35.15,12.53,True,0.8053
672,18,806.48,178.2,40.38,-3.6,40.36,-3.62,False,0.7585
672,19,1652.0,325.14,104.41,12.23,104.42,12.27,True,0.8245
672,36,1550.46,316.46,96.92,11.34,96.87,11.39,True,0.786
672,46,1771.86,629.07,107.69,40.42,107.56,40.4,False,0.8456
672,69,1393.62,195.38,86.53,-1.66,86.48,-1.58,False,0.6963
672,76,1839.26,306.74,118.87,10.34,118.8,10.39,False,0.8178
672,81,1868.12,312.92,120.9,10.98,120.9,11.01,False,0.7341
672,111,1497.85,532.09,90.19,32.02,90.2,32.02,True,0.8478
672,113,1231.61,887.9,69.6,60.57,69.53,60.59,True,0.8003
672,121,961.48,948.78,52.59,64.89,52.65,64.84,True,0.4256
673,4,1849.42,364.88,118.32,16.25,118.34,16.23,False,0.8164
673,5,1526.86,366.89,94.42,16.45,94.42,16.43,True,0.7963
673,7,1749.54,273.07,112.79,6.81,112.74,6.81,False,0.8315
673,10,1067.74,389.84,60.41,18.71,60.38,18.75,True,0.8212
673,12,1216.34,619.2,69.98,39.59,69.96,39.62,True,0.798
673,14,1556.66,472.07,95.12,26.56,95.12,26.57,True,0.8481
673,15,936.26,256.0,50.68,4.99,50.69,4.98,True,0.7145
673,17,724.57,328.37,34.86,12.56,34.84,12.6,True,0.8148
673,18,802.83,178.49,40.09,-3.56,40.05,-3.56,False,0.7573
673,19,1648.36,325.29,104.13,12.25,104.13,12.27,True,0.8406
673,36,1548.54,317.3,96.76,11.43,96.69,11.4,True,0.7916
673,46,1770.72,628.64,107.62,40.39,107.59,40.41,False,0.8469
673,69,1389.22,196.29,86.17,-1.56,86.15,-1.58,False,0.738
673,76,1834.05,307.44,118.46,10.41,118.47,10.39,False,0.7975
673,81,1863.85,313.16,120.57,11.0,120.53,11.02,False,0.7647
673,111,1487.68,531.23,89.49,31.94,89.47,31.9,True,0.8503
673,113,1238.32,888.33,70.02,60.6,69.95,60.52,True,0.7852
673,121,958.22,951.92,52.39,65.11,52.57,64.92,True,0.4353
674,4,1846.46,364.81,118.11,16.24,118.07,16.22,False,0.8082
674,5,1523.09,366.06,94.16,16.36,94.15,16.43,True,0.8027
674,7,1744.27,273.27,112.38,6.83,112.41,6.82,False,0.847
674,10,1063.46,391.29,60.09,18.86,60.1,18.8,True,0.8201
674,12,1211.85,620.07,69.67,39.67,69.68,39.67,True,0.8321
674,14,1552.12,472.27,94.8,26.57,94.82,26.57,True,0.8485
674,15,932.26,255.76,50.37,4.96,50.39,4.98,True,0.7922
674,17,719.79,329.28,34.51,12.66,34.52,12.67,True,0.8119
674,18,798.17,178.37,39.72,-3.58,39.73,-3.5,False,0.7464
674,19,1644.5,325.95,103.83,12.32,103.83,12.28,True,0.8406
674,36,1545.18,317.44,96.51,11.44,96.5,11.41,True,0.7785
674,46,1770.02,628.7,107.57,40.39,107.58,40.45,False,0.8497
674,69,1384.74,195.95,85.82,-1.6,85.82,-1.55,False,0.7471
674,76,1829.62,307.09,118.13,10.38,118.14,10.38,False,0.8015
674,81,1858.65,314.69,120.15,11.16,120.15,11.0,False,0.7435
674,111,1476.38,529.82,88.71,31.82,88.76,31.76,True,0.8515
674,113,1243.08,889.55,70.31,60.69,70.36,60.4,True,0.7887
674,123,684.32,963.11,35.51,65.88,35.93,65.91,True,0.559
675,4,1842.53,364.3,117.83,16.19,117.8,16.2,False,0.7939
675,5,1519.36,366.17,93.88,16.38,93.86,16.43,True,0.8026
675,7,1739.98,273.44,112.05,6.85,112.07,6.83,False,0.8452
675,10,1059.54,391.35,59.8,18.86,59.82,18.86,True,0.8136
675,12,1207.46,620.34,69.37,39.69,69.39,39.72,True,0.8137
675,14,1548.18,472.23,94.52,26.57,94.51,26.57,True,0.871
675,15,928.88,256.0,50.11,4.99,50.09,5.03,True,0.7858
675,17,715.58,330.26,34.2,12.76,34.22,12.74,True,0.8008
675,18,793.95,179.76,39.4,-3.42,39.38,-3.44,False,0.6902
675,19,1640.58,325.79,103.54,12.3,103.53,12.31,True,0.829
675,36,1541.66,317.33,96.25,11.43,96.28,11.43,True,0.7618
675,46,1769.49,629.51,107.52,40.46,107.53,40.49,False,0.844
675,69,1380.36,196.41,85.47,-1.54,85.46,-1.49,False,0.7508
675,76,1824.91,307.44,117.77,10.41,117.79,10.4,False,0.795
675,81,1852.8,313.34,119.74,11.02,119.79,10.95,False,0.7301
675,111,1466.14,527.39,88.02,31.6,88.09,31.63,True,0.8566
675,113,1248.7,884.02,70.69,60.29,70.74,60.22,True,0.7845
675,119,1231.27,600.16,71.11,37.97,71.78,38.15,True,0.5821
675,123,680.57,965.25,35.29,66.03,35.69,65.95,True,0.4126
676,4,1838.17,364.07,117.51,16.17,117.52,16.19,False,0.8195
676,5,1515.2,366.97,93.56,16.46,93.56,16.44,True,0.7869
676,7,1735.8,273.07,111.74,6.81,111.72,6.83,False,0.839
676,10,1055.82,391.71,59.53,18.9,59.53,18.92,True,0.8254
676,12,1203.56,621.57,69.1,39.79,69.11,39.79,True,0.8164
676,14,1544.03,472.52,94.22,26.6,94.22,26.57,True,0.857
676,15,924.87,255.84,49.8,4.97,49.79,5.08,True,0.7941
676,17,711.36,330.85,33.89,12.82,33.92,12.84,True,0.8189
676,18,789.34,180.25,39.04,-3.36,39.04,-3.36,False,0.6729
676,19,1636.68,325.92,103.24,12.31,103.24,12.35,True,0.8231
676,36,1538.98,317.11,96.05,11.41,96.04,11.44,True,0.7889
676,46,1769.66,630.77,107.51,40.57,107.46,40.57,False,0.8557
676,69,1375.9,197.59,85.11,-1.41,85.09,-1.44,False,0.7271
676,76,1820.87,307.18,117.47,10.38,117.44,10.41,False,0.8158
676,81,1847.69,311.75,119.39,10.86,119.41,10.92,False,0.7388
676,111,1457.03,525.35,87.4,31.42,87.41,31.5,True,0.8544
676,113,1255.49,877.6,71.16,59.83,71.14,60.03,True,0.8477
676,119,1227.71,600.18,70.86,37.97,71.09,38.09,True,0.5419
677,4,1834.05,363.98,117.21,16.16,117.22,16.18,False,0.8166
677,5,1511.41,367.49,93.27,16.51,93.28,16.47,True,0.8157
677,7,1731.3,273.36,111.39,6.84,111.39,6.82,False,0.8206
677,10,1052.19,392.56,59.26,18.98,59.24,18.96,True,0.8108
677,12,1199.76,622.24,68.83,39.85,68.83,39.84,True,0.8208
677,14,1539.62,472.05,93.91,26.55,93.92,26.58,True,0.8655
677,15,920.47,258.21,49.47,5.22,49.5,5.14,True,0.8027
677,17,707.94,331.82,33.64,12.92,33.61,12.93,True,0.8248
677,18,784.6,180.97,38.66,-3.28,38.7,-3.25,False,0.7479
677,19,1632.62,326.4,102.93,12.36,102.96,12.4,True,0.8133
677,36,1535.93,317.17,95.82,11.42,95.81,11.47,True,0.788
677,46,1768.7,631.88,107.43,40.66,107.38,40.67,False,0.852
677,69,1370.92,198.08,84.72,-1.36,84.72,-1.37,False,0.7081
677,76,1816.45,307.28,117.13,10.4,117.08,10.45,False,0.8127
677,81,1843.39,310.32,119.1,10.71,119.04,10.85,False,0.7338
677,111,1448.68,524.65,86.82,31.36,86.74,31.42,True,0.8542
677,113,1260.7,875.77,71.5,59.7,71.62,59.82,True,0.7858
677,119,1225.8,600.18,70.73,37.97,70.33,38.02,True,0.3647
678,4,1830.66,364.08,116.95,16.17,116.9,16.19,False,0.8048
678,5,1507.07,367.53,92.95,16.51,92.99,16.49,True,0.8
678,7,1726.54,272.96,111.04,6.8,111.04,6.83,False,0.8269
678,10,1048.04,392.78,58.96,19.0,58.95,19.01,True,0.8287
678,12,1196.01,623.18,68.57,39.93,68.55,39.91,True,0.8022
678,14,1535.93,472.17,93.64,26.57,93.61,26.6,True,0.8624
678,15,917.12,258.35,49.21,5.24,49.18,5.24,True,0.8069
678,17,703.93,333.22,33.35,13.06,33.31,13.03,True,0.8255
678,18,780.9,182.04,38.38,-3.16,38.36,-3.14,False,0.7573
678,19,1629.4,327.21,102.68,12.45,102.67,12.45,True,0.8352
678,36,1533.11,317.98,95.59,11.5,95.57,11.51,True,0.7967
678,46,1766.98,633.21,107.29,40.77,107.27,40.77,False,0.8417
678,69,1365.98,198.69,84.32,-1.29,84.35,-1.29,False,0.6695
678,76,1811.0,307.87,116.71,10.46,116.7,10.49,False,0.7999
678,81,1838.31,311.59,118.69,10.84,118.65,10.83,False,0.7513
678,111,1438.45,523.95,86.11,31.29,86.03,31.39,True,0.8453
678,113,1269.25,874.87,72.04,59.63,72.12,59.65,True,0.7782
679,4,1825.95,364.48,116.6,16.21,116.58,16.22,False,0.814
679,5,1504.02,367.47,92.73,16.51,92.71,16.48,True,0.791
679,7,1722.28,273.05,110.71,6.81,110.67,6.87,False,0.8367
679,10,1043.92,393.18,58.65,19.04,58.65,19.07,True,0.8219
679,12,1191.79,623.54,68.28,39.96,68.25,39.97,True,0.813
679,14,1531.46,472.55,93.32,26.6,93.29,26.65,True,0.8537
679,15,913.01,258.81,48.89,5.29,48.85,5.38,True,0.7209
679,17,699.04,333.76,32.98,13.11,32.99,13.13,True,0.82
679,18,776.1,183.29,38.01,-3.02,37.99,-3.02,False,0.7772
679,19,1626.02,328.55,102.4,12.58,102.36,12.51,True,0.8342
679,36,1530.18,318.8,95.36,11.58,95.3,11.58,True,0.7865
679,46,1765.2,634.75,107.14,40.9,107.14,40.86,False,0.8409
679,69,1361.72,198.92,83.98,-1.26,83.97,-1.23,False,0.7461
679,76,1805.91,309.12,116.3,10.59,116.31,10.56,False,0.8003
679,81,1833.22,311.61,118.3,10.84,118.25,10.84,False,0.725
679,111,1427.8,525.35,85.35,31.42,85.29,31.4,True,0.8558
679,113,1279.65,874.87,72.7,59.63,72.64,59.55,True,0.7789
680,4,1821.42,364.96,116.25,16.26,116.23,16.25,False,0.7937
680,5,1500.25,366.93,92.46,16.45,92.4,16.46,True,0.8111
680,7,1717.11,273.64,110.3,6.87,110.28,6.93,False,0.8414
680,10,1040.08,394.24,58.37,19.14,58.33,19.14,True,0.8158
680,12,1187.25,624.27,67.97,40.02,67.94,40.03,True,0.8434
680,14,1526.84,473.44,92.98,26.68,92.95,26.72,True,0.8666
680,15,908.32,260.59,48.54,5.48,48.51,5.48,True,0.7972
680,17,694.8,334.78,32.67,13.22,32.65,13.24,True,0.8093
680,18,772.12,184.35,37.7,-2.9,37.62,-2.92,False,0.6798
680,19,1621.65,328.34,102.08,12.56,102.06,12.56,True,0.8403
680,36,1525.94,319.24,95.04,11.63,95.02,11.66,True,0.7757
680,46,1763.2,635.49,106.99,40.96,106.99,40.95,False,0.8458
680,69,1357.46,199.92,83.64,-1.15,83.59,-1.19,False,0.7373
680,76,1800.8,309.48,115.9,10.62,115.89,10.64,False,0.8011
680,81,1826.26,312.37,117.76,10.92,117.83,10.89,False,0.7708
680,111,1415.25,525.65,84.47,31.44,84.52,31.43,True,0.8168
680,113,1287.03,872.41,73.18,59.45,73.17,59.45,True,0.7919
680,119,1210.02,601.89,69.64,38.12,69.93,38.03,True,0.5441
681,4,1816.44,365.35,115.87,16.29,115.84,16.3,False,0.8066
681,5,1496.02,366.74,92.14,16.43,92.07,16.46,True,0.7979
681,7,1712.13,275.27,109.89,7.04,109.86,7.01,False,0.8382
681,10,1035.27,394.86,58.02,19.2,57.98,19.22,True,0.8117
681,12,1181.8,624.81,67.6,40.07,67.62,40.08,True,0.8345
681,14,1522.15,474.99,92.62,26.83,92.57,26.8,True,0.8718
681,15,903.36,262.5,48.16,5.68,48.13,5.62,True,0.7997
681,17,689.92,335.98,32.32,13.34,32.28,13.34,True,0.8095
681,18,765.75,185.56,37.2,-2.76,37.23,-2.79,False,0.411
681,19,1617.12,328.78,101.73,12.61,101.7,12.65,True,0.8388
681,36,1521.87,320.43,94.71,11.75,94.71,11.75,True,0.7748
681,46,1761.1,636.22,106.84,41.02,106.83,41.03,False,0.8565
681,69,1352.0,200.44,83.21,-1.09,83.18,-1.12,False,0.7477
681,76,1795.66,310.31,115.5,10.71,115.45,10.73,False,0.8038
681,81,1821.34,311.98,117.4,10.88,117.36,10.98,False,0.7258
681,111,1404.33,526.03,83.7,31.48,83.73,31.46,True,0.8299
681,113,1296.47,871.14,73.78,59.36,73.63,59.39,True,0.7827
681,119,1205.38,601.05,69.33,38.05,69.55,38.04,True,0.6897
682,4,1811.24,365.77,115.48,16.34,115.42,16.34,False,0.8088
682,5,1490.45,366.57,91.73,16.42,91.69,16.46,True,0.8186
682,7,1707.0,276.0,109.48,7.12,109.39,7.12,False,0.8159
682,10,1030.12,395.79,57.64,19.3,57.61,19.32,True,0.8052
682,12,1177.38,625.82,67.29,40.15,67.27,40.15,True,0.8207
682,14,1516.45,475.79,92.2,26.9,92.16,26.89,True,0.8483
682,15,897.98,262.94,47.75,5.73,47.71,5.77,True,0.8017
682,17,684.32,337.27,31.91,13.47,31.89,13.48,True,0.8065
682,18,760.86,185.77,36.82,-2.74,36.81,-2.65,False,0.7521
682,19,1612.68,328.78,101.4,12.61,101.31,12.73,True,0.8399
682,36,1518.16,321.15,94.42,11.83,94.39,11.82,True,0.7727
682,46,1758.95,636.92,106.68,41.08,106.67,41.1,False,0.8592
682,69,1346.8,200.02,82.8,-1.14,82.75,-1.04,False,0.6913
682,76,1790.12,311.29,115.06,10.81,114.97,10.81,False,0.813
682,81,1816.0,312.65,116.98,10.95,116.84,11.1,False,0.7471
682,111,1394.17,526.61,82.98,31.53,82.92,31.44,True,0.8186
682,113,1302.06,868.37,74.15,59.16,74.02,59.33,True,0.8014
682,119,1202.0,600.87,69.09,38.03,69.06,38.16,True,0.6213
683,4,1804.83,366.49,114.99,16.41,114.96,16.4,False,0.7898
683,5,1484.37,367.53,91.27,16.51,91.27,16.49,True,0.8119
683,7,1700.0,276.92,108.93,7.22,108.89,7.23,False,0.8336
683,10,1024.25,397.18,57.2,19.43,57.22,19.42,True,0.8151
683,12,1172.31,626.68,66.94,40.22,66.89,40.24,True,0.8159
683,14,1510.12,476.76,91.74,26.99,91.72,26.99,True,0.8546
683,15,891.96,264.8,47.29,5.93,47.28,5.93,True,0.8098
683,17,678.76,338.27,31.5,13.57,31.47,13.63,True,0.8071
683,18,755.41,187.8,36.4,-2.51,36.36,-2.52,False,0.7644
683,19,1606.66,331.49,100.9,12.88,100.88,12.85,True,0.8358
683,36,1513.21,322.33,94.04,11.95,94.06,11.92,True,0.7852
683,46,1756.36,638.15,106.48,41.19,106.52,41.17,False,0.8587
683,69,1340.36,201.44,82.28,-0.98,82.29,-0.94,False,0.6972
683,76,1782.56,312.22,114.47,10.91,114.47,10.9,False,0.794
683,81,1808.46,316.1,116.34,11.31,116.34,11.19,False,0.728
683,111,1382.06,525.68,82.14,31.45,82.14,31.38,True,0.8472
683,113,1305.47,871.22,74.35,59.37,74.38,59.29,True,0.8183
683,119,1199.71,600.76,68.94,38.02,68.69,38.22,True,0.4752
684,4,1798.03,366.55,114.49,16.41,114.47,16.48,False,0.7782
684,5,1478.6,367.42,90.85,16.5,90.81,16.56,True,0.7966
684,7,1692.74,278.05,108.36,7.34,108.35,7.31,False,0.8326
684,10,1019.06,398.21,56.82,19.53,56.8,19.54,True,0.8198
684,12,1166.64,627.42,66.55,40.29,66.49,40.34,True,0.801
684,14,1503.48,477.46,91.26,27.06,91.24,27.06,True,0.8577
684,15,885.72,265.79,46.81,6.03,46.81,6.08,True,0.7938
684,17,672.62,340.5,31.06,13.8,31.02,13.8,True,0.7979
684,18,749.1,189.15,35.91,-2.36,35.9,-2.36,False,0.7526
684,19,1600.62,332.67,100.43,13.0,100.41,12.99,True,0.8341
684,36,1509.29,322.35,93.74,11.95,93.7,12.02,True,0.7688
684,46,1754.57,638.75,106.35,41.24,106.35,41.28,False,0.8451
684,69,1334.68,202.88,81.82,-0.82,81.79,-0.83,False,0.7395
684,76,1775.64,313.36,113.93,11.02,113.92,10.98,False,0.7895
684,81,1800.77,317.56,115.73,11.46,115.79,11.31,False,0.774
684,111,1370.11,523.96,81.31,31.29,81.36,31.31,True,0.8293
684,113,1309.74,870.26,74.63,59.3,74.68,59.25,True,0.8216
684,119,1191.06,607.21,68.31,38.57,68.29,38.32,True,0.482
685,4,1791.6,367.91,113.98,16.55,113.93,16.55,False,0.8048
685,5,1472.48,368.57,90.38,16.61,90.33,16.63,True,0.8116
685,7,1685.31,278.73,107.78,7.41,107.78,7.4,False,0.8225
685,10,1013.53,399.51,56.42,19.66,56.36,19.65,True,0.7902
685,12,1159.56,629.68,66.06,40.48,66.06,40.44,True,0.8141
685,14,1497.06,478.67,90.78,27.17,90.73,27.14,True,0.8729
685,15,879.92,267.94,46.37,6.26,46.33,6.24,True,0.7987
685,17,665.88,342.44,30.57,13.99,30.56,13.99,True,0.7864
685,18,743.2,190.25,35.46,-2.24,35.41,-2.16,False,0.6779
685,19,1594.62,334.31,99.95,13.17,99.9,13.12,True,0.8373
685,36,1504.82,323.99,93.38,12.12,93.32,12.11,True,0.7855
685,46,1753.53,639.94,106.26,41.34,106.14,41.41,False,0.8405
685,69,1328.4,204.06,81.32,-0.69,81.25,-0.68,False,0.7293
685,76,1768.24,313.48,113.37,11.04,113.33,11.06,False,0.8097
685,81,1794.23,316.53,115.26,11.35,115.19,11.42,False,0.7338
685,111,1359.62,522.51,80.59,31.16,80.53,31.25,True,0.8326
685,113,1315.04,869.7,74.97,59.25,74.97,59.25,True,0.8481
685,119,1182.81,605.76,67.76,38.45,67.91,38.42,True,0.4673
685,128,1267.44,975.63,71.38,66.74,71.38,67.58,True,0.5185
686,4,1783.88,369.13,113.39,16.67,113.36,16.64,False,0.8121
686,5,1465.12,369.79,89.82,16.74,89.82,16.72,True,0.8186
686,7,1677.85,279.32,107.2,7.47,107.18,7.49,False,0.8296
686,10,1006.73,400.51,55.92,19.76,55.9,19.78,True,0.8061
686,12,1152.74,630.44,65.6,40.54,65.59,40.57,True,0.8129
686,14,1489.2,478.67,90.22,27.17,90.18,27.22,True,0.8511
686,15,873.03,269.69,45.85,6.45,45.81,6.45,True,0.8024
686,17,659.17,344.42,30.08,14.19,30.06,14.2,True,0.7907
686,18,736.32,192.59,34.93,-1.97,34.9,-1.96,False,0.7206
686,19,1587.22,335.49,99.38,13.29,99.37,13.23,True,0.8049
686,36,1498.85,325.13,92.92,12.23,92.91,12.22,True,0.8082
686,46,1749.96,642.66,105.98,41.56,105.89,41.58,False,0.8362
686,69,1320.74,205.54,80.71,-0.53,80.7,-0.52,False,0.6363
686,76,1760.37,314.16,112.76,11.11,112.73,11.14,False,0.8137
686,81,1786.64,317.62,114.66,11.46,114.6,11.49,False,0.7427
686,111,1347.77,522.04,79.76,31.12,79.67,31.22,True,0.837
686,113,1320.14,868.29,75.3,59.15,75.32,59.23,True,0.8462
686,119,1177.2,606.59,67.37,38.52,67.42,38.58,True,0.5863
686,128,1268.38,988.84,71.37,67.65,71.39,67.95,True,0.6781
687,4,1775.85,369.58,112.78,16.71,112.75,16.75,False,0.8064
687,5,1458.28,370.58,89.31,16.81,89.27,16.84,True,0.8178
687,7,1670.46,280.05,106.62,7.55,106.56,7.61,False,0.8337
687,10,1000.2,401.8,55.44,19.88,55.4,19.91,True,0.7906
687,12,1146.12,631.8,65.14,40.65,65.09,40.71,True,0.8178
687,14,1481.25,480.05,89.64,27.29,89.61,27.3,True,0.8574
687,15,865.98,270.56,45.31,6.54,45.28,6.66,True,0.7656
687,17,652.14,346.43,29.57,14.4,29.53,14.42,True,0.7848
687,18,728.46,194.85,34.33,-1.72,34.35,-1.74,False,0.7052
687,19,1580.21,335.19,98.86,13.26,98.81,13.33,True,0.8129
687,36,1493.68,325.84,92.52,12.31,92.44,12.35,True,0.8197
687,46,1745.35,644.84,105.63,41.74,105.59,41.77,False,0.8371
687,69,1313.5,206.88,80.13,-0.38,80.11,-0.37,False,0.7041
687,76,1752.31,315.08,112.13,11.2,112.09,11.23,False,0.7939
687,81,1777.58,318.24,113.97,11.53,113.99,11.53,False,0.777
687,111,1335.3,523.17,78.87,31.22,78.75,31.24,True,0.8099
687,113,1325.23,868.82,75.62,59.19,75.7,59.24,True,0.8301
687,119,1174.4,607.08,67.17,38.56,66.92,38.65,True,0.3581
687,128,1269.69,999.23,71.4,68.35,71.36,68.27,False,0.69
688,4,1767.47,370.81,112.14,16.84,112.09,16.84,False,0.7926
688,5,1450.82,372.04,88.74,16.96,88.68,16.96,True,0.8042
688,7,1662.08,281.19,105.96,7.67,105.91,7.74,False,0.8181
688,10,992.98,403.53,54.91,20.05,54.86,20.07,True,0.7861
688,12,1138.16,634.42,64.59,40.87,64.6,40.85,True,0.8196
688,14,1472.59,481.34,89.01,27.41,88.99,27.39,True,0.8621
688,15,858.23,274.65,44.73,6.98,44.7,6.84,True,0.7879
688,17,644.52,348.66,29.02,14.62,28.99,14.66,True,0.7693
688,18,722.29,196.76,33.86,-1.5,33.76,-1.48,False,0.6017
688,19,1572.34,336.68,98.25,13.41,98.21,13.46,True,0.8332
688,36,1486.68,327.57,91.97,12.48,91.93,12.48,True,0.8007
688,46,1740.43,647.9,105.25,42.0,105.22,42.0,False,0.8414
688,69,1306.13,208.6,79.53,-0.19,79.49,-0.22,False,0.717
688,76,1743.52,316.1,111.45,11.31,111.43,11.33,False,0.8063
688,81,1769.98,319.39,113.37,11.64,113.33,11.63,False,0.7307
688,111,1320.36,524.38,77.81,31.33,77.77,31.31,True,0.8003
688,113,1332.26,870.01,76.06,59.28,76.12,59.26,True,0.8057
688,119,1164.3,609.78,66.47,38.79,66.48,38.78,True,0.5421
688,128,1270.88,1009.87,71.41,69.07,71.3,68.89,False,0.6986
689,4,1758.5,372.09,111.45,16.96,111.42,16.93,False,0.7847
689,5,1442.34,373.42,88.09,17.1,88.07,17.07,True,0.8103
689,7,1653.51,283.83,105.26,7.95,105.22,7.89,False,0.8072
689,10,984.68,405.31,54.3,20.22,54.3,20.26,True,0.8116
689,12,1130.18,636.3,64.04,41.03,64.07,41.01,True,0.8196
689,14,1463.96,481.98,88.39,27.47,88.34,27.49,True,0.8503
689,15,850.3,275.49,44.13,7.07,44.09,7.03,True,0.7799
689,17,636.1,351.23,28.42,14.88,28.42,14.92,True,0.7964
689,18,713.56,198.83,33.18,-1.27,33.15,-1.22,False,0.6948
689,19,1564.15,337.88,97.62,13.53,97.59,13.57,True,0.8221
689,36,1479.34,328.68,91.41,12.6,91.38,12.63,True,0.8278
689,46,1735.03,650.68,104.84,42.23,104.79,42.21,True,0.8436
689,69,1297.85,209.79,78.88,-0.05,78.83,-0.08,False,0.6011
689,76,1734.78,317.98,110.76,11.5,110.73,11.46,False,0.809
689,81,1760.95,319.86,112.69,11.69,112.64,11.71,False,0.7402
689,111,1305.08,524.88,76.74,31.38,76.76,31.4,True,0.7739
689,113,1340.22,871.07,76.55,59.35,76.52,59.32,True,0.7993
689,119,1154.94,611.64,65.82,38.95,65.95,38.93,True,0.6296
689,128,1268.92,1017.04,71.26,69.55,71.19,69.39,False,0.7431
690,4,1748.68,372.79,110.71,17.03,110.72,17.03,False,0.791
690,5,1433.39,374.16,87.43,17.17,87.42,17.19,True,0.8008
690,7,1643.76,284.95,104.5,8.06,104.49,8.06,True,0.8264
690,10,976.78,407.58,53.72,20.44,53.7,20.5,True,0.7938
690,12,1123.86,637.94,63.61,41.17,63.51,41.19,True,0.8065
690,14,1454.35,483.25,87.69,27.59,87.65,27.61,True,0.8733
690,15,841.62,276.41,43.47,7.16,43.46,7.27,True,0.7348
690,17,628.06,354.38,27.85,15.2,27.82,15.19,True,0.7672
690,18,704.81,202.02,32.52,-0.92,32.51,-0.94,False,0.6649
690,19,1555.87,340.38,96.96,13.79,96.94,13.73,True,0.8042
690,36,1471.88,330.4,90.83,12.77,90.8,12.81,True,0.8175
690,46,1728.9,653.53,104.38,42.47,104.32,42.41,True,0.8443
690,69,1288.98,210.57,78.18,0.03,78.13,0.12,True,0.4468
690,76,1725.46,318.43,110.05,11.55,110.01,11.59,False,0.7761
690,81,1751.5,321.14,111.95,11.82,111.93,11.85,False,0.702
690,111,1290.29,526.2,75.69,31.49,75.72,31.48,True,0.7788
690,113,1348.04,870.91,77.05,59.34,76.89,59.34,True,0.8204
690,119,1151.04,612.97,65.55,39.06,65.34,39.12,True,0.4616
690,128,1265.86,1021.29,71.05,69.84,71.05,69.77,False,0.7275
691,4,1739.55,373.53,110.03,17.11,109.99,17.13,False,0.7818
691,5,1424.5,375.35,86.76,17.29,86.74,17.35,True,0.7921
691,7,1634.28,286.34,103.75,8.21,103.74,8.26,True,0.8004
691,10,968.34,410.53,53.11,20.73,53.08,20.75,True,0.7851
691,12,1114.53,640.04,62.97,41.34,62.94,41.36,True,0.7943
691,14,1444.23,484.51,86.95,27.71,86.94,27.75,True,0.8406
691,15,832.95,278.78,42.82,7.41,42.81,7.5,True,0.7509
691,17,619.32,357.26,27.22,15.49,27.2,15.49,True,0.7768
691,18,695.98,203.99,31.84,-0.7,31.83,-0.65,False,0.652
691,19,1546.86,341.34,96.28,13.88,96.27,13.88,True,0.8315
691,36,1463.77,332.72,90.19,13.01,90.19,13.0,True,0.8068
691,46,1721.32,655.26,103.84,42.61,103.83,42.6,True,0.8237
691,69,1279.51,212.21,77.42,0.21,77.43,0.35,True,0.6753
691,76,1715.58,320.4,109.27,11.75,109.26,11.72,False,0.7949
691,81,1742.22,321.67,111.24,11.88,111.19,12.03,False,0.7562
691,111,1276.31,527.29,74.7,31.59,74.69,31.53,True,0.7979
691,113,1352.4,872.34,77.31,59.45,77.2,59.3,True,0.8282
691,119,1139.2,615.88,64.73,39.31,64.63,39.35,True,0.551
691,128,1262.64,1025.9,70.83,70.14,70.87,70.03,False,0.7423
691,129,1901.2,888.86,111.74,60.64,111.53,60.61,False,0.5632
692,4,1729.62,374.66,109.27,17.22,109.24,17.24,False,0.7923
692,5,1415.28,377.05,86.06,17.45,86.06,17.49,True,0.8049
692,7,1624.68,288.17,102.99,8.4,103.0,8.44,True,0.8193
692,10,959.45,413.99,52.46,21.06,52.46,21.0,True,0.8002
692,12,1105.54,642.17,62.35,41.52,62.36,41.54,True,0.8003
692,14,1433.85,486.21,86.2,27.86,86.22,27.92,True,0.85
692,15,824.03,281.92,42.15,7.74,42.15,7.76,True,0.7775
692,17,610.13,360.2,26.57,15.78,26.57,15.79,True,0.7911
692,18,686.74,207.43,31.15,-0.32,31.14,-0.34,False,0.7261
692,19,1538.05,342.79,95.6,14.03,95.58,14.05,True,0.8106
692,36,1456.08,334.58,89.59,13.2,89.56,13.2,True,0.831
692,46,1713.8,656.87,103.31,42.74,103.32,42.75,True,0.84
692,69,1270.14,215.85,76.66,0.62,76.7,0.6,True,0.6156
692,76,1705.69,321.26,108.51,11.84,108.5,11.85,False,0.754
692,81,1732.08,324.77,110.42,12.2,110.44,12.2,False,0.7576
692,111,1261.58,527.31,73.66,31.59,73.68,31.58,True,0.8334
692,113,1354.76,870.32,77.48,59.3,77.44,59.23,True,0.8487
692,119,1130.78,617.7,64.15,39.47,63.94,39.58,True,0.6107
692,128,1260.38,1027.36,70.69,70.24,70.66,70.27,False,0.7214
692,129,1897.55,883.08,111.6,60.23,111.25,61.39,False,0.555
693,4,1719.05,375.68,108.47,17.32,108.48,17.37,False,0.7834
693,5,1406.28,379.82,85.36,17.73,85.37,17.67,True,0.812
693,7,1614.96,290.69,102.21,8.67,102.23,8.65,True,0.8094
693,10,950.71,416.6,51.82,21.31,51.81,21.26,True,0.8054
693,12,1096.75,644.5,61.75,41.72,61.74,41.74,True,0.794
693,14,1424.38,489.21,85.49,28.14,85.47,28.11,True,0.8636
693,15,814.98,285.38,41.47,8.11,41.5,8.07,True,0.7109
693,17,601.11,363.42,25.93,16.1,25.92,16.09,True,0.7605
693,18,677.66,209.88,30.46,-0.04,30.46,-0.03,False,0.688
693,19,1528.7,344.1,94.88,14.16,94.88,14.22,True,0.8144
693,36,1447.28,336.64,88.91,13.41,88.94,13.41,True,0.8022
693,46,1706.5,659.11,102.78,42.93,102.83,42.88,True,0.8473
693,69,1262.01,218.59,76.01,0.92,75.96,0.89,True,0.6537
693,76,1695.75,322.63,107.73,11.98,107.72,12.01,False,0.7693
693,81,1722.7,328.56,109.64,12.58,109.68,12.41,False,0.7237
693,111,1246.98,527.37,72.64,31.6,72.69,31.61,True,0.8434
693,113,1356.12,866.78,77.59,59.04,77.63,59.16,True,0.8352
693,128,1257.62,1029.29,70.51,70.37,70.47,70.51,False,0.7489
693,129,1894.5,893.09,111.24,60.95,110.99,62.02,False,0.6506
694,4,1709.25,377.63,107.71,17.51,107.7,17.53,False,0.7904
694,5,1397.05,380.77,84.67,17.82,84.67,17.84,True,0.7875
694,7,1606.48,292.3,101.54,8.84,101.45,8.87,True,0.796
694,10,941.66,418.26,51.17,21.47,51.14,21.51,True,0.7788
694,12,1087.39,647.28,61.11,41.95,61.14,41.94,True,0.8226
694,14,1414.19,491.12,84.75,28.31,84.71,28.31,True,0.8499
694,15,806.58,288.05,40.85,8.39,40.84,8.42,True,0.7679
694,17,592.12,366.23,25.29,16.38,25.27,16.4,True,0.762
694,18,668.26,212.91,29.75,0.29,29.77,0.32,True,0.6897
694,19,1519.56,346.17,94.17,14.37,94.15,14.43,True,0.828
694,36,1439.18,338.85,88.28,13.63,88.32,13.62,True,0.7892
694,46,1699.3,659.8,102.28,42.98,102.36,43.0,True,0.8334
694,69,1252.07,221.29,75.21,1.22,75.24,1.2,True,0.7266
694,76,1685.42,324.36,106.93,12.15,106.93,12.19,False,0.7719
694,81,1713.26,328.15,108.94,12.54,108.9,12.65,False,0.7504
694,111,1233.59,527.44,71.7,31.61,71.7,31.68,True,0.8452
694,113,1358.67,866.6,77.75,59.03,77.82,59.08,True,0.8319
694,119,1112.43,623.72,62.88,39.97,63.16,39.95,True,0.6368
694,128,1253.18,1034.96,70.21,70.75,70.31,70.76,False,0.7683
694,129,1891.56,932.25,110.41,63.73,110.48,62.88,False,0.6732
695,4,1699.07,379.36,106.93,17.68,106.91,17.72,False,0.772
695,5,1388.06,383.21,83.99,18.06,83.96,18.04,True,0.8199
695,7,1595.61,294.97,100.67,9.11,100.66,9.1,True,0.8315
695,10,932.09,421.07,50.47,21.74,50.45,21.75,True,0.7704
695,12,1079.1,650.1,60.54,42.18,60.52,42.16,True,0.8045
695,14,1403.32,493.61,83.95,28.54,83.94,28.52,True,0.8571
695,15,798.02,291.03,40.21,8.7,40.18,8.74,True,0.7539
695,17,582.26,369.41,24.59,16.7,24.59,16.71,True,0.7783
695,18,659.32,215.84,29.08,0.62,29.07,0.68,True,0.7197
695,19,1510.5,349.21,93.46,14.68,93.41,14.65,True,0.8121
695,36,1431.9,340.62,87.71,13.81,87.7,13.86,True,0.7972
695,46,1694.5,661.42,101.94,43.12,101.94,43.13,True,0.8368
695,69,1243.3,223.9,74.51,1.5,74.5,1.49,True,0.6783
695,76,1675.89,326.06,106.18,12.33,106.11,12.39,False,0.7879
695,81,1703.66,331.38,108.16,12.87,108.1,12.9,False,0.7187
695,111,1220.11,528.23,70.75,31.68,70.68,31.79,True,0.83
695,113,1362.82,866.18,78.02,59.0,78.02,59.05,True,0.8492
695,119,1105.65,625.12,62.41,40.09,62.41,40.26,True,0.5634
695,128,1251.44,1039.45,70.09,71.05,70.17,71.07,False,0.7795
695,129,1887.26,943.61,109.96,64.53,109.85,63.83,False,0.6959
696,4,1688.88,381.91,106.14,17.93,106.12,17.93,False,0.7752
696,5,1378.42,384.18,83.27,18.16,83.25,18.22,True,0.8242
696,7,1585.24,297.08,99.85,9.33,99.87,9.32,True,0.8006
696,10,922.34,423.54,49.77,21.98,49.75,21.99,True,0.7798
696,12,1070.27,652.09,59.94,42.35,59.91,42.39,True,0.8078
696,14,1392.12,495.17,83.14,28.68,83.17,28.7,True,0.854
696,15,788.82,295.22,39.53,9.14,39.51,9.02,True,0.7389
696,17,573.27,372.74,23.95,17.03,23.89,17.03,True,0.7481
696,18,650.57,219.65,28.43,1.04,28.35,1.04,True,0.5989
696,19,1500.24,351.69,92.66,14.93,92.66,14.88,True,0.8214
696,36,1424.15,343.2,87.1,14.07,87.08,14.1,True,0.7876
696,46,1688.49,662.78,101.51,43.23,101.55,43.26,True,0.8536
696,69,1234.54,226.25,73.81,1.76,73.74,1.78,True,0.6502
696,76,1664.84,329.14,105.3,12.64,105.29,12.62,False,0.7684
696,81,1693.0,333.21,107.33,13.06,107.31,13.12,False,0.7315
696,111,1205.93,530.91,69.74,31.92,69.62,31.93,True,0.8125
696,113,1366.54,866.89,78.25,59.05,78.25,59.08,True,0.8353
696,119,1094.79,634.69,61.65,40.9,61.71,40.54,True,0.3674
696,128,1251.46,1044.69,70.06,71.39,70.05,71.44,False,0.8018
696,129,1876.57,949.54,109.2,64.94,109.18,64.65,False,0.7917
697,4,1678.07,384.25,105.3,18.16,105.32,18.13,False,0.7611
697,5,1368.64,387.03,82.52,18.44,82.53,18.4,True,0.7808
697,7,1574.98,299.16,99.04,9.55,99.04,9.55,True,0.8257
697,10,912.22,426.58,49.04,22.27,49.03,22.26,True,0.7669
697,12,1060.37,655.36,59.27,42.62,59.28,42.62,True,0.7894
697,14,1381.58,497.62,82.37,28.91,82.38,28.88,True,0.8375
697,15,779.76,297.26,38.85,9.35,38.8,9.28,True,0.7358
697,17,562.38,375.89,23.18,17.34,23.19,17.36,True,0.7751
697,18,640.12,223.64,27.65,1.47,27.6,1.4,True,0.6973
697,19,1490.22,353.55,91.89,15.11,91.89,15.12,True,0.7941
697,36,1416.31,346.01,86.49,14.36,86.44,14.35,True,0.7428
697,46,1684.29,664.99,101.2,43.41,101.15,43.4,True,0.8406
697,69,1224.08,229.01,72.98,2.06,72.98,2.03,True,0.5861
697,76,1653.72,331.14,104.43,12.85,104.45,12.85,True,0.7571
697,81,1681.8,337.29,106.42,13.47,106.47,13.44,False,0.7444
697,111,1189.7,533.42,68.59,32.14,68.53,32.12,True,0.8125
697,113,1370.49,867.87,78.49,59.12,78.48,59.14,True,0.8113
697,119,1084.92,634.47,60.98,40.88,61.09,40.75,True,0.6759
697,128,1250.47,1050.83,69.97,71.8,69.97,71.78,False,0.8108
697,129,1864.36,950.06,108.44,64.98,108.49,64.93,False,0.7272
698,4,1667.8,386.44,104.51,18.38,104.52,18.33,True,0.7744
698,5,1359.16,388.83,81.81,18.61,81.81,18.59,True,0.7925
698,7,1564.84,301.47,98.24,9.79,98.22,9.78,True,0.7806
698,10,902.19,428.64,48.31,22.47,48.32,22.53,True,0.7816
698,12,1052.0,658.08,58.7,42.84,58.64,42.86,True,0.8109
698,14,1371.14,499.12,81.62,29.05,81.59,29.08,True,0.8448
698,15,769.64,298.92,38.09,9.53,38.07,9.55,True,0.7403
698,17,552.12,379.32,22.46,17.68,22.49,17.69,True,0.7863
698,18,629.16,226.23,26.82,1.76,26.84,1.79,True,0.6708
698,19,1479.92,355.6,91.1,15.32,91.11,15.35,True,0.8153
698,36,1407.69,348.86,85.81,14.64,85.78,14.63,True,0.7744
698,46,1679.1,666.95,100.82,43.57,100.69,43.54,True,0.832
698,69,1214.26,231.61,72.2,2.35,72.21,2.28,True,0.6629
698,76,1643.22,333.71,103.6,13.11,103.59,13.11,True,0.7706
698,81,1672.32,339.14,105.68,13.66,105.63,13.69,False,0.7029
698,111,1171.91,535.34,67.33,32.31,67.41,32.33,True,0.7784
698,113,1374.66,869.18,78.74,59.22,78.68,59.21,True,0.795
698,119,1079.87,634.17,60.64,40.85,60.44,40.99,True,0.4811
698,128,1250.01,1057.01,69.92,72.2,69.88,72.11,False,0.8409
698,129,1855.48,951.1,107.87,65.05,107.78,65.08,False,0.7281
698,131,1846.73,878.66,108.47,59.91,107.69,60.09,False,0.675
699,4,1657.32,387.64,103.72,18.5,103.72,18.53,True,0.7556
699,5,1349.48,390.19,81.08,18.75,81.08,18.8,True,0.774
699,7,1554.42,303.14,97.42,9.97,97.4,10.03,True,0.7896
699,10,892.0,432.54,47.58,22.84,47.6,22.83,True,0.7625
699,12,1041.19,661.15,57.97,43.09,57.99,43.1,True,0.796
699,14,1360.07,501.25,80.81,29.24,80.83,29.29,True,0.8429
699,15,759.28,300.55,37.32,9.7,37.34,9.82,True,0.7371
699,17,542.21,382.96,21.77,18.04,21.77,18.04,True,0.7974
699,18,618.36,229.41,26.01,2.11,26.07,2.17,True,0.668
699,19,1470.16,358.16,90.34,15.58,90.32,15.59,True,0.7893
699,36,1398.12,351.22,85.07,14.88,85.1,14.92,True,0.7849
699,46,1671.19,668.1,100.27,43.67,100.22,43.69,True,0.8328
699,69,1204.36,232.9,71.42,2.49,71.41,2.56,True,0.6024
699,76,1631.93,335.84,102.72,13.33,102.74,13.35,True,0.7524
699,81,1660.97,343.89,104.75,14.14,104.79,13.93,True,0.7204
699,111,1156.13,537.9,66.22,32.54,66.28,32.53,True,0.7961
699,113,1377.18,870.47,78.89,59.31,78.85,59.24,True,0.8137
699,119,1067.34,636.56,59.78,41.05,59.67,41.21,True,0.644
699,128,1248.49,1061.0,69.81,72.46,69.76,72.46,False,0.8268
699,129,1841.12,952.88,106.96,65.17,107.1,65.16,False,0.7039
699,131,1834.75,884.02,107.63,60.29,107.35,59.99,False,0.6668
700,4,1647.35,389.57,102.95,18.69,102.93,18.72,True,0.7539
700,5,1339.96,392.64,80.36,18.99,80.36,19.0,True,0.7667
700,7,1543.72,306.14,96.57,10.28,96.56,10.27,True,0.792
700,10,882.22,435.28,46.88,23.1,46.88,23.13,True,0.7176
700,12,1031.9,664.64,57.33,43.38,57.34,43.35,True,0.785
700,14,1349.35,504.25,80.03,29.51,80.07,29.51,True,0.8468
700,15,749.25,303.92,36.58,10.05,36.58,10.11,True,0.7533
700,17,532.23,386.49,21.07,18.38,21.06,18.38,True,0.7565
700,18,608.36,233.63,25.28,2.57,25.3,2.53,True,0.7203
700,19,1459.68,360.35,89.54,15.8,89.54,15.83,True,0.7773
700,36,1389.72,354.18,84.42,15.18,84.4,15.19,True,0.788
700,46,1662.67,670.25,99.67,43.84,99.71,43.84,True,0.8173
700,69,1194.47,235.1,70.64,2.73,70.62,2.84,True,0.6075
700,76,1621.55,338.91,101.89,13.64,101.89,13.58,True,0.7547
700,81,1650.64,343.92,103.97,14.14,103.98,14.1,True,0.6774
700,111,1141.06,540.43,65.15,32.76,65.18,32.69,True,0.7667
700,113,1379.29,871.24,79.02,59.37,78.98,59.21,True,0.8156
700,119,1058.03,639.25,59.14,41.28,58.95,41.45,True,0.6098
700,128,1246.1,1064.86,69.64,72.72,69.59,72.79,False,0.809
700,129,1832.62,953.84,106.42,65.24,106.48,65.25,False,0.6754
700,131,1823.48,880.94,106.97,60.07,107.02,59.95,False,0.7308
700,132,1904.28,433.45,120.81,22.93,120.18,23.17,False,0.7753
701,4,1636.4,392.02,102.11,18.93,102.13,18.9,True,0.7712
701,5,1330.55,395.15,79.65,19.23,79.62,19.21,True,0.8112
701,7,1532.86,308.71,95.71,10.54,95.71,10.52,True,0.7844
701,10,872.5,439.01,46.18,23.45,46.17,23.45,True,0.7817
701,12,1022.21,667.03,56.68,43.58,56.67,43.6,True,0.78
701,14,1339.39,506.97,79.3,29.76,79.31,29.72,True,0.8427
701,15,739.24,308.11,35.84,10.48,35.83,10.46,True,0.7223
701,17,521.9,390.09,20.35,18.74,20.35,18.74,True,0.7604
701,18,598.88,237.21,24.58,2.96,24.56,2.91,True,0.6319
701,19,1449.69,363.8,88.75,16.14,88.75,16.08,True,0.7881
701,36,1380.82,357.55,83.72,15.52,83.7,15.47,True,0.8228
701,46,1655.36,671.9,99.15,43.98,99.18,43.99,True,0.8189
701,69,1184.07,238.99,69.81,3.15,69.84,3.12,True,0.5709
701,76,1610.88,340.95,101.06,13.84,101.05,13.8,True,0.7445
701,81,1639.58,344.94,103.13,14.25,103.17,14.26,True,0.7216
701,111,1126.44,542.07,64.13,32.91,64.13,32.82,True,0.7862
701,113,1380.45,868.57,79.12,59.17,79.09,59.13,True,0.8198
701,128,1243.32,1070.93,69.45,73.11,69.39,73.09,False,0.8096
701,129,1823.37,955.27,105.83,65.34,105.83,65.32,False,0.6446
701,131,1811.92,875.72,106.32,59.69,106.33,59.95,False,0.7546
701,132,1897.87,437.35,120.26,23.3,119.8,23.22,False,0.7468
702,4,1626.36,393.87,101.34,19.11,101.33,19.12,True,0.7892
702,5,1320.23,397.0,78.88,19.41,78.89,19.44,True,0.7917
702,7,1521.72,311.03,94.84,10.78,94.86,10.78,True,0.8034
702,10,862.21,442.64,45.45,23.8,45.46,23.75,True,0.7412
702,12,1012.14,670.34,56.0,43.85,56.01,43.85,True,0.8114
702,14,1329.43,509.33,78.58,29.97,78.57,29.95,True,0.8572
702,15,728.88,311.18,35.08,10.8,35.1,10.85,True,0.7636
702,17,511.53,393.48,19.63,19.07,19.64,19.1,True,0.7879
702,18,588.55,240.06,23.81,3.27,23.82,3.29,True,0.6918
702,19,1439.45,365.66,87.97,16.32,87.95,16.32,True,0.7787
702,36,1371.3,359.77,82.99,15.74,83.01,15.75,True,0.7976
702,46,1648.29,673.86,98.65,44.14,98.64,44.16,True,0.8209
702,69,1174.36,241.97,69.05,3.47,69.05,3.44,True,0.606
702,76,1599.72,342.4,100.2,13.99,100.21,14.01,True,0.7381
702,81,1629.7,345.71,102.38,14.32,102.35,14.38,True,0.6696
702,111,1111.52,542.23,63.08,32.92,63.11,32.95,True,0.8141
702,113,1380.53,865.73,79.14,58.96,79.21,59.07,True,0.8243
702,119,1038.43,647.52,57.8,41.97,58.12,41.72,True,0.5593
702,128,1238.44,1076.13,69.13,73.45,69.17,73.34,False,0.8072
702,129,1815.33,956.61,105.31,65.43,105.23,65.39,False,0.6627
702,131,1802.47,876.84,105.7,59.77,105.69,59.87,False,0.7501
702,132,1887.06,437.26,119.48,23.29,119.39,23.28,False,0.7796
703,4,1615.54,395.77,100.52,19.29,100.52,19.33,True,0.7907
703,5,1310.51,399.46,78.14,19.65,78.16,19.68,True,0.7833
703,7,1511.16,313.54,94.01,11.04,94.01,11.04,True,0.7856
703,10,852.38,445.46,44.75,24.06,44.75,24.05,True,0.7779
703,12,1002.6,673.21,55.36,44.09,55.35,44.09,True,0.8038
703,14,1319.1,511.18,77.83,30.14,77.82,30.18,True,0.8391
703,15,718.64,315.71,34.34,11.27,34.36,11.22,True,0.7084
703,17,501.58,397.54,18.94,19.47,18.92,19.46,True,0.7788
703,18,578.9,243.42,23.1,3.63,23.08,3.65,True,0.6087
703,19,1428.34,367.94,87.13,16.55,87.16,16.59,True,0.8161
703,36,1362.42,362.68,82.3,16.03,82.3,16.02,True,0.7918
703,46,1641.11,675.84,98.14,44.3,98.11,44.35,True,0.8256
703,69,1164.43,244.57,68.27,3.76,68.27,3.8,True,0.6565
703,76,1588.88,344.39,99.36,14.19,99.36,14.24,True,0.768
703,81,1619.42,346.93,101.6,14.45,101.54,14.53,True,0.7442
703,111,1097.32,542.95,62.09,32.99,62.08,33.08,True,0.8151
703,113,1382.21,864.3,79.26,58.86,79.36,59.02,True,0.8365
703,119,1032.16,649.16,57.38,42.1,57.34,42.01,True,0.3758
703,128,1234.76,1080.0,68.9,73.7,68.96,73.53,False,0.8394
703,129,1804.12,956.53,104.62,65.43,104.62,65.45,True,0.6953
703,131,1792.58,878.79,105.05,59.91,105.03,59.87,False,0.7085
703,132,1875.76,438.23,118.64,23.38,118.6,23.44,False,0.7746
704,4,1605.39,398.53,99.73,19.56,99.73,19.54,True,0.7837
704,5,1301.22,402.17,77.44,19.92,77.42,19.93,True,0.7942
704,7,1500.18,315.69,93.15,11.26,93.18,11.27,True,0.8004
704,10,842.54,448.39,44.04,24.34,44.05,24.32,True,0.7504
704,12,992.6,676.35,54.68,44.34,54.69,44.35,True,0.8176
704,14,1308.83,513.88,77.09,30.39,77.08,30.4,True,0.8444
704,15,709.3,319.24,33.66,11.63,33.63,11.55,True,0.7539
704,17,490.73,401.36,18.19,19.84,18.2,19.82,True,0.7851
704,18,568.33,247.09,22.32,4.03,22.3,4.0,True,0.6842
704,19,1418.48,370.5,86.37,16.81,86.38,16.83,True,0.7939
704,36,1353.34,365.09,81.61,16.27,81.6,16.26,True,0.8086
704,46,1633.46,678.84,97.59,44.54,97.57,44.54,True,0.8351
704,69,1154.74,247.68,67.5,4.09,67.48,4.12,True,0.6104
704,76,1578.08,346.21,98.53,14.38,98.52,14.46,True,0.7586
704,81,1607.72,349.85,100.68,14.74,100.72,14.71,True,0.6975
704,111,1083.26,544.88,61.1,33.16,61.02,33.23,True,0.8067
704,113,1386.18,865.95,79.5,58.98,79.56,59.04,True,0.8466
704,119,1019.42,650.55,56.51,42.22,56.55,42.32,True,0.584
704,128,1232.1,1080.0,68.74,73.7,68.74,73.65,False,0.8425
704,129,1793.52,957.56,103.95,65.5,104.03,65.46,True,0.6985
704,131,1782.57,878.38,104.42,59.89,104.37,59.95,True,0.7081
704,132,1863.93,439.51,117.76,23.5,117.74,23.57,False,0.7913
704,134,1905.28,473.87,119.99,26.72,119.46,26.89,False,0.7507
705,4,1594.56,400.59,98.91,19.76,98.93,19.77,True,0.7887
705,5,1291.55,405.12,76.71,20.2,76.68,20.19,True,0.7926
705,7,1490.09,318.68,92.35,11.57,92.35,11.52,True,0.7666
705,10,832.63,450.92,43.34,24.58,43.35,24.6,True,0.7651
705,12,982.96,679.22,54.04,44.58,54.03,44.59,True,0.8019
705,14,1297.99,516.62,76.3,30.63,76.33,30.63,True,0.841
705,15,698.94,322.01,32.9,11.91,32.9,11.91,True,0.7103
705,17,480.44,404.66,17.48,20.16,17.47,20.2,True,0.7915
705,18,558.16,250.15,21.57,4.36,21.53,4.37,True,0.6639
705,19,1408.56,373.66,85.6,17.12,85.59,17.09,True,0.8138
705,36,1343.92,367.71,80.89,16.53,80.9,16.52,True,0.797
705,46,1625.44,681.56,97.01,44.77,97.04,44.73,True,0.822
705,69,1144.7,251.61,66.71,4.52,66.68,4.44,True,0.7043
705,76,1567.36,350.21,97.67,14.78,97.68,14.69,True,0.7501
705,81,1597.82,351.41,99.92,14.9,99.9,14.9,True,0.716
705,111,1067.39,547.9,59.99,33.43,59.96,33.43,True,0.8142
705,113,1391.16,867.95,79.8,59.13,79.83,59.12,True,0.8123
705,119,1010.24,653.48,55.89,42.46,55.89,42.55,True,0.5788
705,128,1229.26,1080.0,68.57,73.7,68.55,73.7,False,0.8218
705,129,1784.24,958.17,103.37,65.54,103.4,65.48,True,0.6898
705,131,1771.32,881.09,103.67,60.08,103.7,60.03,True,0.7178
705,132,1852.14,441.84,116.86,23.72,116.87,23.73,False,0.7811
705,134,1899.2,475.66,119.52,26.89,119.11,26.95,False,0.7645
706,4,1584.39,402.89,98.13,19.99,98.14,20.0,True,0.7596
706,5,1281.47,407.84,75.95,20.47,75.96,20.44,True,0.7949
706,7,1479.5,320.17,91.53,11.72,91.51,11.77,True,0.7894
706,10,823.1,453.7,42.66,24.84,42.65,24.86,True,0.778
706,12,973.0,683.1,53.37,44.89,53.37,44.84,True,0.8029
706,14,1288.13,519.45,75.59,30.89,75.57,30.86,True,0.8286
706,15,689.2,324.3,32.18,12.15,32.17,12.25,True,0.7415
706,17,469.86,408.65,16.75,20.55,16.73,20.56,True,0.7783
706,18,546.56,253.62,20.72,4.73,20.74,4.74,True,0.6654
706,19,1398.28,376.2,84.81,17.37,84.8,17.33,True,0.7811
706,36,1334.78,369.77,80.19,16.73,80.2,16.78,True,0.8021
706,46,1617.8,683.8,96.47,44.95,96.49,44.92,True,0.8202
706,69,1133.7,254.06,65.85,4.78,65.9,4.77,True,0.6426
706,76,1556.56,352.14,96.84,14.97,96.84,14.92,True,0.7086
706,81,1586.54,353.82,99.04,15.14,99.06,15.09,True,0.7279
706,111,1051.29,550.71,58.86,33.67,58.88,33.65,True,0.7768
706,113,1396.55,870.07,80.12,59.28,80.11,59.23,True,0.7869
706,119,999.98,658.4,55.19,42.87,55.23,42.77,True,0.5079
706,128,1226.08,1080.0,68.38,73.7,68.37,73.7,False,0.8189
706,129,1775.84,955.98,102.88,65.39,102.77,65.51,True,0.5818
706,131,1761.21,881.41,103.03,60.1,102.99,60.08,True,0.6907
706,132,1840.32,444.27,115.96,23.95,115.97,23.91,False,0.7069
706,134,1890.69,477.59,118.87,27.07,118.73,27.02,False,0.7209
707,4,1574.76,405.51,97.38,20.24,97.34,20.22,True,0.7806
707,5,1271.07,410.31,75.18,20.71,75.23,20.66,True,0.7698
707,7,1468.8,322.74,90.7,11.99,90.69,12.0,True,0.7641
707,10,813.46,457.28,41.98,25.18,41.96,25.13,True,0.7405
707,12,963.32,685.24,52.72,45.07,52.71,45.07,True,0.7984
707,14,1277.51,522.0,74.82,31.12,74.84,31.07,True,0.8298
707,15,678.95,328.61,31.44,12.59,31.43,12.55,True,0.7601
707,17,458.45,413.24,15.97,20.99,16.0,20.9,True,0.7534
707,18,536.17,257.16,19.96,5.11,19.97,5.09,True,0.6841
707,19,1387.96,378.41,84.03,17.59,84.01,17.57,True,0.7853
707,36,1325.67,372.82,79.49,17.04,79.5,17.02,True,0.788
707,46,1610.58,685.72,95.97,45.1,95.95,45.09,True,0.8277
707,69,1123.88,256.71,65.09,5.06,65.12,5.08,True,0.6247
707,76,1545.54,353.95,95.99,15.15,96.01,15.12,True,0.7429
707,81,1576.51,355.14,98.28,15.27,98.23,15.26,True,0.6784
707,111,1035.28,553.35,57.74,33.91,57.78,33.86,True,0.7361
707,113,1402.32,871.01,80.48,59.35,80.35,59.3,True,0.8054
707,119,989.74,661.0,54.5,43.08,54.57,43.01,True,0.6847
707,128,1222.72,1080.0,68.18,73.7,68.18,73.7,False,0.7617
707,129,1765.34,958.47,102.2,65.56,102.15,65.54,True,0.7073
707,131,1750.45,882.23,102.34,60.16,102.26,60.1,True,0.711
707,132,1828.96,445.82,115.11,24.1,115.08,24.08,False,0.7535
707,134,1879.54,478.19,118.06,27.12,117.99,27.14,False,0.7448
708,4,1564.06,407.87,96.57,20.47,96.55,20.43,True,0.7645
708,5,1261.96,412.35,74.5,20.9,74.49,20.86,True,0.7838
708,7,1457.84,325.73,89.83,12.29,89.87,12.2,True,0.7834
708,10,803.14,459.44,41.25,25.38,41.27,25.39,True,0.8114
708,12,953.43,688.57,52.06,45.34,52.04,45.31,True,0.7959
708,14,1266.84,523.52,74.06,31.25,74.09,31.28,True,0.845
708,15,668.14,332.31,30.66,12.97,30.69,12.86,True,0.739
708,17,448.27,416.1,15.27,21.26,15.27,21.23,True,0.747
708,18,525.1,260.42,19.14,5.46,19.2,5.45,True,0.559
708,19,1376.93,380.28,83.2,17.77,83.19,17.78,True,0.8176
708,36,1316.72,375.65,78.8,17.32,78.81,17.26,True,0.7748
708,46,1602.78,687.6,95.42,45.26,95.42,45.24,True,0.8275
708,69,1114.32,259.76,64.34,5.39,64.33,5.38,True,0.6462
708,76,1534.88,355.4,95.18,15.3,95.18,15.28,True,0.7458
708,81,1564.88,356.48,97.39,15.41,97.38,15.47,True,0.7197
708,111,1020.2,555.49,56.69,34.1,56.69,34.02,True,0.7498
708,113,1404.82,871.72,80.63,59.4,80.54,59.28,True,0.8198
708,119,983.44,662.89,54.08,43.24,53.75,43.32,True,0.5124
708,128,1219.34,1080.0,67.98,73.7,67.97,73.7,False,0.5806
708,129,1753.34,958.23,101.46,65.54,101.51,65.56,True,0.7051
708,131,1737.0,882.03,101.5,60.15,101.5,60.06,True,0.7196
708,132,1816.61,447.67,114.18,24.27,114.18,24.23,False,0.7677
708,134,1868.34,479.96,117.22,27.29,117.17,27.26,False,0.7484
709,4,1552.89,409.66,95.73,20.64,95.74,20.62,True,0.7818
709,5,1252.34,413.76,73.79,21.04,73.76,21.02,True,0.7949
709,7,1447.67,327.22,89.05,12.45,89.03,12.43,True,0.7954
709,10,793.75,462.5,40.59,25.66,40.55,25.67,True,0.792
709,12,942.74,690.39,51.35,45.48,51.36,45.53,True,0.8178
709,14,1257.8,526.0,73.41,31.48,73.33,31.47,True,0.8628
709,15,658.53,334.15,29.96,13.15,29.94,13.19,True,0.7451
709,17,437.78,418.88,14.54,21.53,14.52,21.55,True,0.7495
709,18,515.48,263.56,18.44,5.8,18.44,5.8,True,0.7043
709,19,1366.3,382.69,82.39,18.01,82.35,17.98,True,0.804
709,36,1307.84,377.37,78.14,17.49,78.12,17.5,True,0.8105
709,46,1595.27,688.94,94.9,45.37,94.88,45.39,True,0.8433
709,69,1105.04,262.19,63.62,5.65,63.52,5.68,True,0.5402
709,76,1524.39,356.45,94.39,15.41,94.33,15.44,True,0.7401
709,81,1553.67,358.38,96.53,15.6,96.53,15.65,True,0.6673
709,111,1005.06,556.58,55.63,34.19,55.59,34.15,True,0.7663
709,113,1406.14,870.73,80.72,59.33,80.67,59.21,True,0.8346
709,119,970.6,665.01,53.21,43.41,52.93,43.56,True,0.5497
709,128,1216.32,1080.0,67.8,73.7,67.87,73.7,False,0.6496
709,129,1743.9,959.98,100.85,65.66,100.81,65.64,True,0.7302
709,131,1724.85,879.92,100.76,60.0,100.71,59.99,True,0.7549
709,132,1804.29,448.53,113.28,24.35,113.28,24.35,False,0.7869
709,134,1855.55,480.34,116.3,27.32,116.29,27.36,False,0.7901
709,136,1903.88,480.82,119.74,27.37,118.93,27.5,False,0.7586
710,4,1542.56,411.29,94.95,20.8,94.92,20.78,True,0.7958
710,5,1242.38,415.15,73.05,21.17,73.01,21.15,True,0.7987
710,7,1437.11,328.39,88.25,12.57,88.18,12.62,True,0.7882
710,10,783.28,465.16,39.85,25.91,39.8,25.91,True,0.762
710,12,932.9,694.03,50.69,45.78,50.66,45.74,True,0.8176
710,14,1246.23,528.24,72.58,31.68,72.56,31.63,True,0.8663
710,15,648.43,336.74,29.22,13.42,29.17,13.49,True,0.6641
710,17,427.41,421.98,13.83,21.83,13.74,21.85,True,0.7303
710,18,505.99,266.98,17.76,6.16,17.65,6.13,True,0.5549
710,19,1354.74,384.3,81.52,18.17,81.49,18.18,True,0.8232
710,36,1298.54,379.9,77.43,17.74,77.41,17.7,True,0.8061
710,46,1587.22,690.79,94.34,45.52,94.34,45.54,True,0.8552
710,69,1093.66,265.8,62.73,6.04,62.7,5.99,True,0.6573
710,76,1512.64,358.08,93.49,15.57,93.48,15.62,True,0.7472
710,81,1542.39,361.76,95.65,15.94,95.64,15.84,True,0.7426
710,111,988.92,557.27,54.51,34.25,54.5,34.25,True,0.7982
710,113,1406.1,867.02,80.75,59.06,80.76,59.11,True,0.839
710,128,1211.32,1080.0,67.5,73.7,67.76,73.7,False,0.3843
710,129,1732.46,960.12,100.15,65.67,100.07,65.67,True,0.6524
710,131,1710.45,878.53,99.87,59.9,99.91,59.87,True,0.7358
710,132,1791.71,449.76,112.35,24.47,112.37,24.46,False,0.7696
710,134,1843.53,482.28,115.41,27.5,115.4,27.47,False,0.7541
710,136,1893.8,482.27,118.99,27.5,118.49,27.55,False,0.7347
711,4,1530.44,412.69,94.05,20.94,94.07,20.94,True,0.7518
711,5,1231.7,416.19,72.27,21.27,72.23,21.27,True,0.8003
711,7,1425.48,331.1,87.34,12.84,87.29,12.8,True,0.7986
711,10,772.35,468.28,39.08,26.2,39.04,26.15,True,0.7552
711,12,922.01,696.28,49.97,45.96,49.93,45.94,True,0.8291
711,14,1235.2,529.66,71.8,31.8,71.77,31.79,True,0.8586
711,15,637.1,340.73,28.41,13.82,28.38,13.76,True,0.744
711,17,415.17,425.37,12.98,22.15,12.93,22.16,True,0.7623
711,18,494.11,270.02,16.89,6.49,16.85,6.45,True,0.7017
711,19,1342.86,386.38,80.63,18.37,80.61,18.35,True,0.786
711,36,1289.06,381.63,76.72,17.91,76.68,17.88,True,0.774
711,46,1579.42,693.06,93.79,45.7,93.78,45.69,True,0.8394
711,69,1082.14,268.11,61.84,6.28,61.83,6.27,True,0.4652
711,76,1501.32,360.34,92.62,15.79,92.59,15.79,True,0.7275
711,81,1530.86,362.74,94.78,16.03,94.74,16.02,True,0.6656
711,111,972.8,557.83,53.39,34.3,53.4,34.35,True,0.8162
711,113,1406.26,864.98,80.78,58.91,80.83,58.99,True,0.8323
711,119,949.1,671.88,51.77,43.98,52.07,43.84,True,0.5172
711,129,1720.26,961.75,99.37,65.79,99.3,65.7,True,0.5624
711,131,1697.74,876.08,99.1,59.72,99.09,59.74,True,0.7527
711,132,1779.98,450.97,111.48,24.58,111.45,24.57,False,0.7605
711,134,1830.76,483.21,114.48,27.59,114.49,27.56,False,0.7513
711,136,1881.3,483.6,118.07,27.62,118.02,27.6,False,0.7047
712,4,1520.29,414.13,93.29,21.07,93.23,21.09,True,0.7461
712,5,1220.61,416.95,71.46,21.35,71.41,21.41,True,0.7505
712,7,1413.29,332.15,86.42,12.95,86.39,12.99,True,0.7414
712,10,760.28,470.53,38.23,26.41,38.25,26.39,True,0.7553
712,12,910.59,698.58,49.21,46.14,49.2,46.16,True,0.8016
712,14,1223.21,531.07,70.95,31.93,70.95,31.93,True,0.8502
712,15,625.82,343.47,27.59,14.1,27.55,14.04,True,0.6904
712,17,402.4,429.02,12.1,22.5,12.09,22.47,True,0.7449
712,18,482.61,272.65,16.04,6.76,16.01,6.76,True,0.5166
712,19,1330.72,388.48,79.72,18.58,79.7,18.52,True,0.7985
712,36,1278.9,383.09,75.96,18.05,75.92,18.08,True,0.7936
712,46,1571.92,694.79,93.27,45.84,93.18,45.86,True,0.8498
712,69,1070.72,270.78,60.96,6.57,60.93,6.53,True,0.6528
712,76,1489.23,362.63,91.7,16.02,91.67,15.97,True,0.6977
712,81,1518.96,364.57,93.87,16.22,93.81,16.19,True,0.6654
712,111,956.54,558.91,52.26,34.4,52.27,34.47,True,0.8052
712,113,1408.13,864.2,80.9,58.85,80.89,58.91,True,0.8341
712,119,938.62,673.14,51.07,44.08,51.15,44.11,True,0.614
712,129,1706.05,960.21,98.52,65.68,98.48,65.71,True,0.716
712,131,1684.84,874.45,98.31,59.6,98.24,59.62,True,0.7245
712,132,1767.68,451.71,110.58,24.65,110.51,24.68,False,0.7388
712,134,1818.69,483.86,113.61,27.65,113.56,27.65,False,0.7108
712,136,1868.85,484.49,117.16,27.7,117.09,27.7,False,0.6528
713,4,1507.62,415.85,92.35,21.24,92.36,21.22,True,0.7739
713,5,1208.66,418.7,70.58,21.51,70.58,21.55,True,0.8004
713,7,1400.0,334.41,85.4,13.18,85.46,13.2,True,0.8008
713,10,748.99,472.15,37.43,26.56,37.45,26.62,True,0.7334
713,12,898.96,701.23,48.44,46.36,48.45,46.36,True,0.8181
713,14,1211.53,532.5,70.12,32.06,70.13,32.07,True,0.8518
713,15,613.71,345.74,26.71,14.33,26.71,14.32,True,0.7442
713,17,389.57,431.96,11.21,22.78,11.21,22.79,True,0.7393
713,18,470.45,275.08,15.14,7.02,15.12,7.07,True,0.6921
713,19,1317.88,389.12,78.77,18.64,78.79,18.7,True,0.7814
713,36,1268.18,384.85,75.16,18.22,75.15,18.25,True,0.7753
713,46,1562.3,697.1,92.6,46.03,92.58,46.01,True,0.8241
713,69,1058.54,273.05,60.02,6.81,60.01,6.79,True,0.5388
713,76,1476.36,363.96,90.73,16.16,90.75,16.14,True,0.7469
713,81,1505.7,365.51,92.88,16.31,92.88,16.31,True,0.6776
713,111,941.08,561.09,51.19,34.59,51.14,34.62,True,0.8047
713,113,1409.26,863.79,80.98,58.82,80.97,58.9,True,0.8321
713,119,926.26,678.42,50.24,44.51,50.26,44.4,True,0.5176
713,129,1691.52,960.56,97.62,65.7,97.63,65.73,True,0.7665
713,131,1670.14,872.9,97.4,59.49,97.42,59.5,True,0.7721
713,132,1753.89,453.26,109.56,24.8,109.56,24.77,False,0.7421
713,134,1805.28,484.73,112.64,27.73,112.61,27.73,False,0.7387
713,136,1854.67,485.66,116.13,27.81,116.12,27.78,False,0.7144
714,4,1496.35,417.26,91.51,21.38,91.51,21.36,True,0.7709
714,5,1196.77,421.23,69.7,21.76,69.73,21.72,True,0.7783
714,7,1388.48,336.52,84.52,13.39,84.53,13.37,True,0.7662
714,10,737.84,475.51,36.65,26.87,36.65,26.85,True,0.7446
714,12,887.67,703.45,47.69,46.54,47.7,46.56,True,0.8061
714,14,1199.88,534.09,69.3,32.2,69.29,32.23,True,0.8438
714,15,601.73,347.85,25.83,14.54,25.85,14.57,True,0.6721
714,17,376.9,435.22,10.34,23.09,10.32,23.09,True,0.6979
714,18,457.82,278.3,14.22,7.36,14.24,7.36,True,0.623
714,19,1305.52,391.05,77.85,18.83,77.88,18.87,True,0.8119
714,36,1257.36,387.21,74.34,18.46,74.35,18.43,True,0.8069
714,46,1552.49,699.12,91.92,46.19,91.96,46.18,True,0.8261
714,69,1046.49,274.62,59.1,6.97,59.1,7.03,True,0.6371
714,76,1464.03,365.34,89.8,16.29,89.83,16.3,True,0.729
714,81,1492.59,367.01,91.89,16.46,91.93,16.46,True,0.7284
714,111,924.19,563.37,50.02,34.79,49.99,34.8,True,0.8033
714,113,1410.62,864.96,81.05,58.91,81.04,58.92,True,0.8056
714,119,914.89,679.02,49.48,44.56,49.5,44.59,True,0.6115
714,129,1676.96,960.59,96.72,65.71,96.77,65.73,True,0.5438
714,131,1656.36,871.66,96.54,59.4,96.6,59.4,True,0.7573
714,132,1740.49,454.22,108.58,24.89,108.6,24.87,False,0.7366
714,134,1791.56,485.46,111.65,27.79,111.66,27.82,False,0.7242
714,136,1840.32,486.54,115.09,27.89,115.14,27.85,False,0.7166
715,4,1484.29,418.27,90.62,21.47,90.62,21.49,True,0.7642
715,5,1185.51,422.38,68.87,21.87,68.87,21.92,True,0.7934
715,7,1376.76,338.75,83.62,13.62,83.59,13.54,True,0.7791
715,10,726.79,477.78,35.87,27.08,35.87,27.07,True,0.7581
715,12,876.46,706.63,46.95,46.79,46.94,46.76,True,0.8107
715,14,1188.26,536.03,68.47,32.37,68.46,32.4,True,0.8442
715,15,590.24,350.73,25.0,14.83,24.98,14.8,True,0.7194
715,17,363.7,438.52,9.43,23.41,9.41,23.38,True,0.7247
715,18,445.18,281.91,13.31,7.74,13.34,7.65,True,0.6776
715,19,1293.84,393.75,76.97,19.1,76.96,19.04,True,0.7676
715,36,1246.96,388.9,73.57,18.62,73.53,18.6,True,0.7672
715,46,1543.74,700.62,91.32,46.31,91.32,46.34,True,0.7962
715,69,1034.14,277.79,58.15,7.31,58.18,7.24,True,0.5659
715,76,1452.33,366.67,88.91,16.43,88.9,16.44,True,0.7317
715,81,1480.4,367.9,90.97,16.55,90.98,16.59,True,0.6728
715,111,907.18,565.78,48.84,35.0,48.83,34.99,True,0.7902
715,113,1412.21,866.32,81.14,59.01,81.06,58.95,True,0.7847
715,119,903.72,682.54,48.74,44.85,48.72,44.85,True,0.5081
715,129,1664.55,961.4,95.94,65.76,95.87,65.78,True,0.7284
715,131,1643.52,870.53,95.74,59.31,95.75,59.31,True,0.7588
715,132,1727.28,454.75,107.62,24.94,107.63,24.98,False,0.711
715,134,1778.38,486.49,110.69,27.89,110.68,27.9,False,0.705
715,136,1827.18,486.6,114.16,27.9,114.13,27.92,False,0.6664
716,4,1473.16,419.87,89.79,21.63,89.74,21.62,True,0.7759
716,5,1174.13,425.16,68.03,22.13,68.0,22.11,True,0.7854
716,7,1364.78,339.51,82.71,13.7,82.65,13.72,True,0.7376
716,10,715.6,480.33,35.09,27.32,35.08,27.31,True,0.7176
716,12,865.12,708.74,46.2,46.96,46.18,46.95,True,0.795
716,14,1176.26,538.38,67.62,32.58,67.62,32.58,True,0.8382
716,15,578.16,352.81,24.13,15.04,24.1,15.03,True,0.6942
716,17,350.14,441.41,8.5,23.68,8.49,23.67,True,0.7364
716,18,434.4,283.57,12.51,7.92,12.43,7.94,True,0.5214
716,19,1281.7,394.59,76.07,19.18,76.04,19.23,True,0.7983
716,36,1235.6,390.57,72.72,18.78,72.69,18.77,True,0.7871
716,46,1535.02,703.36,90.71,46.53,90.69,46.5,True,0.7872
716,69,1022.72,279.57,57.28,7.5,57.26,7.44,True,0.6463
716,76,1440.34,368.34,88.01,16.59,87.97,16.59,True,0.7247
716,81,1468.16,369.89,90.04,16.75,90.04,16.72,True,0.7244
716,111,889.54,568.26,47.62,35.22,47.65,35.18,True,0.7568
716,113,1411.96,866.28,81.13,59.01,81.06,58.91,True,0.8058
716,119,892.3,683.51,47.97,44.93,47.96,45.03,True,0.6802
716,129,1650.3,962.08,95.05,65.81,94.98,65.84,True,0.6895
716,131,1631.28,868.73,94.99,59.18,94.95,59.23,True,0.7244
716,132,1714.47,456.11,106.68,25.07,106.66,25.08,False,0.7891
716,134,1764.92,487.87,109.71,28.02,109.7,27.99,False,0.7627
716,136,1813.02,486.97,113.14,27.93,113.13,27.98,False,0.7438
717,4,1460.34,421.02,88.84,21.74,88.84,21.74,True,0.7591
717,5,1162.22,427.21,67.16,22.33,67.14,22.29,True,0.8072
717,7,1351.56,340.59,81.72,13.81,81.69,13.88,True,0.7611
717,10,704.28,482.48,34.29,27.52,34.29,27.54,True,0.7565
717,12,853.08,710.94,45.41,47.14,45.42,47.15,True,0.7735
717,14,1164.62,540.73,66.8,32.79,66.78,32.75,True,0.8401
717,15,565.77,354.78,23.22,15.24,23.22,15.29,True,0.7285
717,17,337.02,444.41,7.59,23.96,7.56,23.95,True,0.6583
717,18,420.9,286.3,11.52,8.21,11.52,8.24,True,0.6898
717,19,1269.28,397.24,75.14,19.44,75.12,19.41,True,0.7661
717,36,1223.74,392.19,71.84,18.94,71.84,18.93,True,0.7562
717,46,1525.22,704.87,90.04,46.65,90.04,46.66,True,0.8232
717,69,1010.26,280.57,56.33,7.6,56.32,7.68,True,0.4698
717,76,1427.24,369.55,87.03,16.71,87.03,16.74,True,0.7236
717,81,1456.15,371.16,89.14,16.87,89.11,16.83,True,0.6709
717,111,872.9,569.8,46.47,35.35,46.49,35.33,True,0.7498
717,113,1409.68,865.87,80.99,58.98,81.03,58.79,True,0.8078
717,119,880.26,689.2,47.18,45.39,47.04,45.23,True,0.4103
717,129,1634.02,963.44,94.04,65.9,94.09,65.93,True,0.7879
717,131,1616.84,868.24,94.08,59.15,94.12,59.17,True,0.7369
717,132,1701.32,457.34,105.71,25.18,105.7,25.18,False,0.7284
717,134,1751.06,488.62,108.71,28.08,108.71,28.07,False,0.7115
717,136,1799.18,488.31,112.13,28.06,112.14,28.04,False,0.6906
718,4,1448.36,422.43,87.96,21.87,87.94,21.88,True,0.7604
718,5,1149.93,428.77,66.26,22.48,66.27,22.47,True,0.8001
718,7,1338.16,343.13,80.69,14.06,80.73,14.04,True,0.7865
718,10,692.79,485.28,33.49,27.78,33.5,27.76,True,0.7403
718,12,841.45,713.31,44.65,47.33,44.65,47.34,True,0.786
718,14,1152.01,542.52,65.91,32.95,65.96,32.91,True,0.8263
718,15,553.12,357.32,22.31,15.49,22.34,15.56,True,0.6664
718,17,322.91,446.83,6.61,24.19,6.63,24.23,True,0.714
718,18,408.04,288.79,10.58,8.47,10.6,8.51,True,0.6208
718,19,1256.34,398.88,74.18,19.6,74.2,19.56,True,0.7864
718,36,1211.78,393.48,70.96,19.07,70.97,19.1,True,0.7663
718,46,1516.7,707.19,89.45,46.84,89.37,46.82,True,0.8002
718,69,998.44,282.86,55.43,7.84,55.41,7.87,True,0.4384
718,76,1414.84,371.6,86.09,16.92,86.1,16.89,True,0.7225
718,81,1443.02,372.04,88.16,16.96,88.17,16.95,True,0.7384
718,111,856.2,571.78,45.32,35.52,45.33,35.44,True,0.7632
718,113,1408.82,861.4,80.97,58.65,81.0,58.6,True,0.8216
718,119,868.77,689.45,46.41,45.41,45.98,45.45,True,0.6719
718,129,1619.83,965.31,93.14,66.03,93.2,66.05,True,0.7523
718,131,1605.85,867.87,93.39,59.12,93.3,59.13,True,0.7198
718,132,1687.98,458.7,104.73,25.31,104.74,25.28,True,0.6929
718,134,1737.32,489.6,107.72,28.17,107.74,28.14,False,0.6869
718,136,1785.16,489.03,111.12,28.12,111.16,28.11,False,0.6489
718,139,1902.57,630.0,116.56,40.5,115.94,40.57,False,0.7447
719,4,1434.96,423.88,86.97,22.01,87.04,22.02,True,0.7181
719,5,1137.95,430.7,65.38,22.66,65.4,22.62,True,0.8141
719,7,1325.35,344.6,79.72,14.21,79.77,14.22,True,0.768
719,10,681.46,487.67,32.7,28.0,32.71,27.95,True,0.769
719,12,829.74,715.71,43.88,47.52,43.89,47.52,True,0.7771
719,14,1140.59,543.66,65.11,33.05,65.15,33.07,True,0.8414
719,15,540.94,360.71,21.44,15.83,21.46,15.84,True,0.7426
719,17,309.1,450.28,5.67,24.52,5.71,24.52,True,0.6523
719,18,395.62,292.33,9.69,8.84,9.68,8.81,True,0.6764
719,19,1243.64,400.48,73.24,19.75,73.28,19.73,True,0.7629
719,36,1200.28,395.1,70.1,19.23,70.12,19.27,True,0.7457
719,46,1505.2,708.66,88.67,46.95,88.68,46.95,True,0.8064
719,69,985.39,285.61,54.43,8.13,54.49,8.07,True,0.5667
719,76,1401.94,372.71,85.12,17.03,85.16,17.03,True,0.7142
719,81,1430.82,372.69,87.25,17.02,87.24,17.05,True,0.6501
719,111,839.94,572.35,44.19,35.57,44.2,35.53,True,0.7688
719,113,1407.51,856.63,80.93,58.3,80.98,58.41,True,0.8201
719,129,1605.86,967.3,92.26,66.17,92.34,66.17,True,0.8024
719,131,1590.22,867.58,92.41,59.1,92.46,59.11,True,0.7232
719,132,1674.64,459.56,103.76,25.39,103.78,25.38,True,0.7161
719,134,1723.67,489.73,106.74,28.19,106.77,28.21,False,0.6965
719,136,1771.62,489.56,110.15,28.17,110.18,28.19,False,0.684
719,139,1894.4,631.29,115.98,40.61,115.58,40.58,False,0.7668
720,4,1423.72,425.29,86.14,22.15,86.16,22.16,True,0.7457
720,5,1125.84,431.83,64.5,22.77,64.54,22.75,True,0.7989
720,7,1313.58,346.77,78.83,14.43,78.84,14.42,True,0.7838
720,10,670.36,489.56,31.93,28.17,31.93,28.16,True,0.7652
720,12,818.0,718.31,43.11,47.73,43.14,47.69,True,0.7871
720,14,1130.13,545.36,64.37,33.2,64.37,33.22,True,0.8138
720,15,529.07,364.17,20.6,16.18,20.6,16.11,True,0.6628
720,17,296.24,453.4,4.79,24.81,4.8,24.8,True,0.694
720,18,382.02,295.04,8.7,9.12,8.77,9.08,True,0.4894
720,19,1231.47,401.04,72.35,19.81,72.36,19.9,True,0.7642
720,36,1188.78,397.75,69.25,19.49,69.28,19.44,True,0.7864
720,46,1494.96,710.76,87.97,47.12,87.99,47.06,True,0.8115
720,69,974.22,286.95,53.58,8.27,53.6,8.28,True,0.6168
720,76,1390.24,374.25,84.24,17.18,84.26,17.18,True,0.7173
720,81,1417.42,373.99,86.25,17.15,86.29,17.19,True,0.6801
720,111,823.62,572.25,43.06,35.56,43.08,35.6,True,0.7888
720,113,1407.64,853.23,80.96,58.05,81.0,58.22,True,0.8234
720,119,846.38,691.62,44.92,45.58,44.97,45.66,True,0.5181
720,129,1594.06,969.7,91.5,66.34,91.53,66.33,True,0.7795
720,131,1578.08,867.25,91.64,59.08,91.65,59.1,True,0.7333
720,132,1661.8,460.17,102.83,25.45,102.83,25.47,True,0.7178
720,134,1710.56,490.5,105.8,28.26,105.82,28.29,False,0.6964
720,136,1759.28,490.61,109.26,28.27,109.22,28.26,False,0.648
720,139,1884.19,631.02,115.29,40.59,115.2,40.58,False,0.7754
721,4,1412.16,427.14,85.28,22.32,85.29,22.31,True,0.7385
721,5,1114.54,432.82,63.68,22.87,63.71,22.88,True,0.8058
721,7,1301.51,348.44,77.91,14.6,77.95,14.59,True,0.7694
721,10,659.3,490.6,31.15,28.27,31.17,28.35,True,0.7564
721,12,807.12,719.97,42.39,47.86,42.4,47.86,True,0.8082
721,14,1118.93,547.36,63.58,33.38,63.62,33.38,True,0.8406
721,15,517.22,366.99,19.75,16.46,19.77,16.36,True,0.7563
721,17,283.2,456.46,3.91,25.1,3.91,25.1,True,0.711
721,18,370.76,297.69,7.89,9.4,7.89,9.35,True,0.6248
721,19,1219.68,403.32,71.47,20.03,71.47,20.05,True,0.7584
721,36,1178.01,399.29,68.45,19.64,68.46,19.62,True,0.7523
721,46,1484.36,711.62,87.26,47.19,87.29,47.17,True,0.8125
721,69,962.49,288.98,52.69,8.49,52.69,8.47,True,0.5244
721,76,1378.17,375.73,83.34,17.32,83.37,17.32,True,0.7348
721,81,1405.74,374.86,85.38,17.24,85.38,17.29,True,0.6781
721,111,807.49,573.05,41.95,35.63,41.99,35.67,True,0.8128
721,113,1408.66,853.27,81.03,58.05,81.07,58.12,True,0.828
721,129,1582.1,970.91,90.76,66.42,90.74,66.46,True,0.7672
721,131,1564.72,867.57,90.79,59.1,90.83,59.08,True,0.7491
721,132,1649.0,461.42,101.89,25.56,101.91,25.56,True,0.7003
721,134,1697.78,491.6,104.87,28.36,104.9,28.36,True,0.7061
721,136,1745.1,491.38,108.24,28.34,108.28,28.35,False,0.6823
721,139,1872.36,631.37,114.48,40.62,114.48,40.6,False,0.779
722,4,1400.96,428.44,84.45,22.45,84.46,22.45,True,0.7932
722,5,1103.61,433.95,62.89,22.97,62.91,23.0,True,0.7717
722,7,1290.19,350.52,77.05,14.81,77.1,14.74,True,0.7802
722,10,648.35,493.97,30.39,28.57,30.44,28.52,True,0.7336
722,12,795.9,722.06,41.66,48.02,41.68,48.03,True,0.804
722,14,1108.99,549.19,62.88,33.54,62.91,33.55,True,0.8238
722,15,505.79,368.13,18.92,16.57,18.95,16.6,True,0.6837
722,17,270.36,459.65,3.04,25.4,3.05,25.38,True,0.7076
722,18,358.9,299.18,7.01,9.55,7.04,9.6,True,0.5932
722,19,1207.6,406.2,70.57,20.31,70.62,20.21,True,0.7482
722,36,1167.19,400.84,67.65,19.79,67.67,19.79,True,0.7765
722,46,1474.26,711.93,86.59,47.22,86.65,47.26,True,0.8222
722,69,951.58,290.5,51.86,8.65,51.82,8.63,True,0.6154
722,76,1366.95,376.87,82.5,17.44,82.52,17.47,True,0.7428
722,81,1392.96,378.29,84.4,17.58,84.47,17.45,True,0.723
722,111,792.21,574.12,40.9,35.73,40.91,35.76,True,0.7918
722,113,1410.26,853.52,81.13,58.07,81.19,58.09,True,0.8185
722,119,823.46,696.0,43.41,45.94,43.95,45.81,True,0.6624
722,129,1569.9,974.58,89.97,66.67,89.98,66.61,True,0.6249
722,131,1552.76,867.37,90.04,59.08,90.05,59.07,True,0.7509
722,132,1636.12,462.3,100.95,25.65,101.03,25.64,True,0.7212
722,134,1685.3,492.76,103.97,28.46,104.02,28.45,True,0.6869
722,136,1732.57,492.2,107.33,28.41,107.38,28.45,False,0.6055
722,139,1861.06,631.08,113.71,40.59,113.72,40.61,False,0.776
723,4,1389.4,430.5,83.59,22.64,83.64,22.59,True,0.7422
723,5,1093.03,435.84,62.12,23.15,62.14,23.12,True,0.775
723,7,1279.57,351.19,76.26,14.88,76.27,14.86,True,0.7845
723,10,638.14,495.65,29.68,28.73,29.74,28.71,True,0.7516
723,12,785.2,724.15,40.96,48.19,40.99,48.19,True,0.8018
723,14,1098.92,551.35,62.18,33.73,62.2,33.72,True,0.8277
723,15,494.64,369.94,18.12,16.75,18.16,16.82,True,0.74
723,17,257.6,462.34,2.16,25.65,2.19,25.66,True,0.701
723,18,347.36,301.92,6.18,9.84,6.22,9.85,True,0.6379
723,19,1196.2,406.74,69.74,20.36,69.77,20.38,True,0.7437
723,36,1156.68,402.42,66.87,19.94,66.91,19.95,True,0.7514
723,46,1465.16,713.69,85.97,47.36,86.04,47.35,True,0.815
723,69,938.76,292.05,50.89,8.81,50.97,8.8,True,0.5702
723,76,1355.94,378.61,81.67,17.61,81.68,17.64,True,0.7479
723,81,1381.98,377.3,83.6,17.48,83.61,17.59,True,0.699
723,111,776.99,575.62,39.85,35.86,39.85,35.89,True,0.7701
723,113,1413.1,854.26,81.3,58.12,81.35,58.12,True,0.8191
723,119,816.12,696.82,42.92,46.0,42.97,46.01,True,0.5442
723,129,1557.78,974.93,89.22,66.7,89.23,66.75,True,0.5262
723,131,1540.69,866.81,89.28,59.04,89.27,59.09,True,0.7548
723,132,1625.07,463.35,100.14,25.74,100.18,25.72,True,0.7122
723,134,1673.79,493.57,103.14,28.54,103.17,28.54,True,0.7097
723,136,1720.34,493.73,106.44,28.55,106.48,28.54,False,0.6946
723,139,1849.44,631.18,112.92,40.6,112.95,40.63,False,0.7903
723,142,1899.96,375.21,121.82,17.27,120.93,17.31,False,0.6201
724,4,1379.02,431.16,82.84,22.71,82.84,22.73,True,0.8067
724,5,1082.63,436.95,61.36,23.26,61.39,23.24,True,0.7522
724,7,1268.82,352.09,75.45,14.97,75.45,15.02,True,0.7734
724,10,628.76,496.96,29.03,28.85,29.07,28.92,True,0.7168
724,12,774.72,725.89,40.27,48.33,40.31,48.38,True,0.7944
724,14,1089.74,553.39,61.53,33.91,61.53,33.88,True,0.842
724,15,484.1,372.87,17.37,17.04,17.38,17.04,True,0.7315
724,17,245.4,465.41,1.34,25.94,1.35,25.93,True,0.7346
724,18,336.48,304.22,5.4,10.08,5.39,10.08,True,0.5275
724,19,1185.53,408.43,68.95,20.52,68.94,20.56,True,0.7615
724,36,1146.91,404.09,66.15,20.1,66.16,20.09,True,0.7632
724,46,1457.46,714.51,85.45,47.42,85.5,47.43,True,0.8161
724,69,928.32,293.15,50.1,8.92,50.12,8.98,True,0.6278
724,76,1345.02,380.35,80.85,17.78,80.87,17.82,True,0.7157
724,81,1370.34,380.61,82.71,17.81,82.75,17.78,True,0.7271
724,111,761.56,577.41,38.79,36.01,38.81,36.03,True,0.7512
724,113,1417.14,854.86,81.55,58.17,81.49,58.13,True,0.8168
724,119,803.89,698.3,42.11,46.12,42.14,46.24,True,0.56
724,129,1545.82,978.54,88.45,66.94,88.35,66.92,True,0.6364
724,131,1528.8,866.8,88.52,59.04,88.53,59.1,True,0.7689
724,132,1614.19,463.78,99.36,25.78,99.35,25.79,True,0.7379
724,134,1662.76,494.56,102.34,28.63,102.33,28.64,True,0.7488
724,136,1709.0,495.02,105.61,28.67,105.63,28.63,False,0.7322
724,139,1839.16,631.58,112.22,40.64,112.2,40.66,False,0.8085
724,142,1887.63,375.53,120.91,17.3,120.48,17.37,False,0.6497
725,4,1368.44,432.61,82.06,22.85,82.06,22.86,True,0.7638
725,5,1072.6,438.1,60.63,23.37,60.66,23.37,True,0.7768
725,7,1258.42,352.99,74.67,15.06,74.66,15.16,True,0.7838
725,10,619.96,500.12,28.43,29.14,28.43,29.09,True,0.7514
725,12,765.47,728.77,39.67,48.56,39.66,48.56,True,0.8066
725,14,1080.1,555.0,60.85,34.05,60.87,34.04,True,0.8248
725,15,473.78,375.51,16.64,17.3,16.61,17.28,True,0.7087
725,17,233.07,468.09,0.5,26.19,0.53,26.2,True,0.7296
725,18,325.44,306.9,4.61,10.36,4.58,10.33,True,0.674
725,19,1174.26,410.12,68.12,20.69,68.14,20.7,True,0.7775
725,36,1136.85,405.82,65.41,20.27,65.43,20.25,True,0.7883
725,46,1450.22,716.0,84.95,47.54,85.02,47.51,True,0.8367
725,69,917.6,295.06,49.29,9.12,49.32,9.16,True,0.6177
725,76,1334.6,383.24,80.05,18.07,80.08,18.0,True,0.7458
725,81,1360.06,381.1,81.95,17.85,81.95,17.92,True,0.6789
725,111,746.28,579.94,37.75,36.23,37.78,36.18,True,0.7391
725,113,1419.71,854.88,81.72,58.17,81.62,58.07,True,0.8184
725,119,794.68,701.91,41.51,46.41,41.49,46.41,True,0.6007
725,129,1534.52,980.03,87.74,67.04,87.95,66.98,True,0.7824
725,131,1516.7,868.74,87.74,59.18,87.82,59.09,True,0.8025
725,132,1603.04,464.51,98.55,25.85,98.54,25.87,True,0.7473
725,134,1651.26,495.64,101.51,28.73,101.53,28.72,True,0.7359
725,136,1697.48,495.48,104.79,28.71,104.81,28.72,True,0.7381
725,139,1828.01,632.45,111.44,40.71,111.48,40.69,False,0.8132
725,142,1876.38,376.22,120.06,17.37,120.04,17.41,False,0.609
726,4,1357.76,433.98,81.27,22.98,81.3,22.97,True,0.7854
726,5,1062.87,439.09,59.93,23.46,59.94,23.47,True,0.7915
726,7,1247.53,356.31,73.84,15.39,73.87,15.31,True,0.7729
726,10,611.24,501.89,27.82,29.3,27.82,29.25,True,0.7556
726,12,755.11,731.69,39.0,48.79,39.03,48.74,True,0.8321
726,14,1070.51,556.17,60.19,34.16,60.25,34.17,True,0.8357
726,15,462.42,377.88,15.84,17.54,15.85,17.52,True,0.7218
726,17,221.56,471.28,-0.27,26.48,-0.26,26.46,False,0.7297
726,18,313.5,309.08,3.74,10.58,3.79,10.55,True,0.6012
726,19,1163.47,412.69,67.32,20.94,67.36,20.84,True,0.7829
726,36,1127.38,406.71,64.72,20.36,64.71,20.4,True,0.771
726,46,1444.07,716.58,84.54,47.59,84.59,47.59,True,0.8117
726,69,906.8,297.65,48.47,9.39,48.55,9.36,True,0.6514
726,76,1324.26,384.76,79.28,18.21,79.32,18.17,True,0.7391
726,81,1349.1,384.62,81.11,18.2,81.15,18.08,True,0.6964
726,111,731.84,580.98,36.76,36.32,36.78,36.3,True,0.7482
726,113,1419.78,853.98,81.73,58.1,81.75,57.94,True,0.8237
726,119,783.22,705.61,40.76,46.71,40.85,46.61,True,0.4999
726,131,1506.44,868.18,87.09,59.14,87.13,59.11,True,0.805
726,132,1591.8,465.61,97.73,25.95,97.76,25.93,True,0.7598
726,134,1640.15,496.69,100.7,28.82,100.74,28.78,True,0.7762
726,136,1686.55,496.44,104.0,28.8,104.02,28.79,True,0.732
726,139,1817.32,632.88,110.71,40.74,110.82,40.73,False,0.8193
726,142,1864.46,377.74,119.15,17.52,119.17,17.49,False,0.6289
727,4,1347.8,435.56,80.53,23.13,80.57,23.07,True,0.7594
727,5,1053.39,440.44,59.24,23.59,59.25,23.55,True,0.7812
727,7,1237.3,357.57,73.07,15.52,73.11,15.46,True,0.7964
727,10,602.26,503.14,27.2,29.41,27.22,29.42,True,0.7798
727,12,745.58,733.58,38.38,48.94,38.4,48.92,True,0.8229
727,14,1062.26,558.13,59.61,34.33,59.63,34.29,True,0.8291
727,15,451.5,380.17,15.06,17.76,15.08,17.73,True,0.7091
727,17,209.74,474.1,-1.06,26.74,-1.06,26.7,False,0.7256
727,18,302.96,311.07,2.98,10.79,2.98,10.77,True,0.702
727,19,1153.34,413.31,66.58,21.0,66.61,20.98,True,0.7627
727,36,1117.62,408.96,63.99,20.58,64.01,20.55,True,0.8006
727,46,1438.63,717.16,84.18,47.63,84.19,47.68,True,0.7996
727,69,898.36,299.42,47.84,9.58,47.81,9.56,True,0.649
727,76,1314.4,385.91,78.54,18.33,78.58,18.29,True,0.7714
727,81,1339.29,385.25,80.38,18.26,80.4,18.19,True,0.6854
727,111,717.44,582.55,35.77,36.46,35.81,36.4,True,0.7784
727,113,1420.52,849.41,81.81,57.77,81.87,57.78,True,0.8312
727,119,773.96,707.03,40.15,46.82,40.23,46.81,True,0.7109
727,129,1512.91,982.88,86.39,67.24,87.53,67.07,True,0.3967
727,131,1496.3,867.21,86.46,59.07,86.5,59.14,True,0.8053
727,132,1580.66,466.58,96.92,26.05,97.01,26.0,True,0.7747
727,134,1629.74,497.23,99.96,28.87,100.0,28.84,True,0.7567
727,136,1675.55,497.28,103.2,28.88,103.28,28.84,True,0.7088
727,139,1808.55,633.2,110.11,40.77,110.22,40.75,False,0.8258
727,142,1852.85,378.18,118.28,17.57,118.33,17.6,False,0.6164
728,4,1337.78,436.38,79.8,23.2,79.86,23.17,True,0.7759
728,5,1043.78,441.16,58.55,23.66,58.58,23.64,True,0.8212
728,7,1227.16,358.33,72.32,15.59,72.37,15.61,True,0.8077
728,10,594.07,504.84,26.63,29.57,26.62,29.59,True,0.7719
728,12,736.98,735.72,37.82,49.1,37.77,49.09,True,0.817
728,14,1054.25,558.88,59.05,34.39,59.02,34.4,True,0.8252
728,15,441.15,382.14,14.32,17.96,14.31,17.93,True,0.7439
728,17,198.64,476.3,-1.81,26.95,-1.86,26.93,False,0.6976
728,18,292.41,312.41,2.21,10.93,2.17,10.97,True,0.6549
728,19,1143.28,414.13,65.84,21.07,65.87,21.09,True,0.7874
728,36,1108.18,410.21,63.3,20.7,63.32,20.69,True,0.7985
728,46,1433.64,719.04,83.83,47.78,83.8,47.76,True,0.8117
728,69,887.98,301.63,47.05,9.81,47.08,9.74,True,0.6317
728,76,1305.29,387.04,77.87,18.44,77.87,18.39,True,0.7579
728,81,1329.0,385.53,79.62,18.29,79.65,18.29,True,0.6719
728,111,703.82,582.88,34.83,36.49,34.87,36.48,True,0.8085
728,113,1421.63,845.63,81.92,57.49,81.99,57.63,True,0.8245
728,119,767.68,708.81,39.74,46.97,39.61,46.97,True,0.5266
728,131,1486.82,868.1,85.85,59.14,85.91,59.15,True,0.8058
728,132,1571.08,466.42,96.23,26.03,96.28,26.07,True,0.8071
728,134,1619.14,496.84,99.21,28.84,99.28,28.89,True,0.7907
728,136,1665.64,497.31,102.5,28.88,102.56,28.88,True,0.7706
728,139,1801.02,633.28,109.6,40.78,109.69,40.77,False,0.8184
728,142,1841.82,379.29,117.45,17.68,117.51,17.69,False,0.6528
729,4,1329.4,436.37,79.2,23.2,79.16,23.27,True,0.7742
729,5,1035.04,441.53,57.91,23.69,57.91,23.74,True,0.8147
729,7,1218.53,359.6,71.67,15.72,71.66,15.73,True,0.7864
729,10,585.14,506.36,26.02,29.7,26.0,29.75,True,0.7907
729,12,726.71,737.0,37.15,49.2,37.14,49.25,True,0.8189
729,14,1045.7,560.21,58.45,34.51,58.4,34.52,True,0.8257
729,15,430.42,383.7,13.55,18.11,13.54,18.13,True,0.6858
729,17,186.48,478.31,-2.65,27.13,-2.69,27.15,False,0.6692
729,18,280.8,314.85,1.38,11.18,1.35,11.16,True,0.6794
729,19,1134.34,415.21,65.19,21.18,65.16,21.18,True,0.8021
729,36,1098.85,411.96,62.62,20.86,62.63,20.81,True,0.7995
729,46,1428.0,720.14,83.44,47.87,83.41,47.84,True,0.8488
729,69,879.4,302.54,46.41,9.9,46.35,9.88,True,0.7059
729,76,1295.99,386.86,77.18,18.42,77.16,18.49,True,0.7396
729,81,1320.06,386.05,78.96,18.34,78.92,18.33,True,0.6747
729,111,690.53,583.14,33.92,36.51,33.95,36.57,True,0.7982
729,113,1425.56,843.83,82.18,57.36,82.13,57.5,True,0.8136
729,119,756.6,710.73,39.01,47.12,39.01,47.11,True,0.6565
729,131,1478.84,868.48,85.34,59.17,85.34,59.2,True,0.7602
729,132,1562.4,467.52,95.6,26.13,95.58,26.15,True,0.7749
729,134,1610.74,498.04,98.6,28.95,98.59,28.95,True,0.7554
729,136,1657.16,497.81,101.89,28.93,101.86,28.93,True,0.7352
729,139,1795.9,632.94,109.25,40.75,109.2,40.79,False,0.8137
729,142,1832.12,381.01,116.7,17.85,116.75,17.76,False,0.6597
730,4,1319.86,437.67,78.5,23.33,78.48,23.36,True,0.794
730,5,1026.06,442.48,57.26,23.78,57.25,23.82,True,0.7967
730,7,1208.98,360.8,70.95,15.84,70.96,15.83,True,0.8132
730,10,576.22,509.03,25.41,29.95,25.39,29.9,True,0.8046
730,12,716.77,739.8,36.51,49.43,36.51,49.42,True,0.811
730,14,1036.0,561.52,57.78,34.63,57.77,34.63,True,0.8303
730,15,419.36,385.64,12.77,18.3,12.77,18.31,True,0.7365
730,17,173.67,480.64,-3.52,27.35,-3.56,27.37,False,0.7013
730,18,269.26,316.8,0.54,11.38,0.51,11.32,True,0.6535
730,19,1124.11,416.26,64.44,21.28,64.45,21.26,True,0.7815
730,36,1089.74,412.65,61.95,20.93,61.96,20.88,True,0.8062
730,46,1421.8,720.76,83.03,47.92,82.99,47.9,True,0.8302
730,69,868.76,303.46,45.61,10.0,45.61,10.0,True,0.5936
730,76,1286.42,388.33,76.47,18.57,76.47,18.56,True,0.7793
730,81,1309.74,386.17,78.2,18.35,78.19,18.4,True,0.7301
730,111,678.15,584.52,33.07,36.63,33.05,36.66,True,0.8104
730,113,1427.61,844.78,82.3,57.43,82.3,57.44,True,0.7722
730,119,747.12,712.11,38.39,47.23,38.39,47.3,True,0.6142
730,131,1470.45,869.52,84.8,59.24,84.79,59.28,True,0.7557
730,132,1552.99,468.3,94.91,26.21,94.9,26.23,True,0.7766
730,134,1601.71,498.46,97.95,28.98,97.91,29.0,True,0.7571
730,136,1647.4,497.62,101.2,28.91,101.19,28.97,True,0.7724
730,139,1788.78,633.65,108.76,40.81,108.73,40.8,False,0.8172
730,142,1822.4,380.72,115.99,17.82,116.02,17.83,False,0.6504
731,4,1310.01,439.35,77.77,23.49,77.8,23.43,True,0.7932
731,5,1016.89,444.57,56.6,23.98,56.59,23.9,True,0.8127
731,7,1200.08,362.4,70.28,16.0,70.27,15.93,True,0.7683
731,10,566.5,510.7,24.74,30.1,24.76,30.05,True,0.7874
731,12,706.72,742.05,35.86,49.6,35.87,49.58,True,0.8316
731,14,1026.31,563.08,57.1,34.76,57.12,34.74,True,0.8092
731,15,408.7,387.95,12.01,18.53,11.99,18.48,True,0.6723
731,17,160.46,483.28,-4.41,27.59,-4.48,27.59,False,0.6865
731,18,256.91,318.3,-0.36,11.53,-0.36,11.5,False,0.6381
731,19,1114.56,417.39,63.74,21.39,63.75,21.35,True,0.7939
731,36,1080.72,412.96,61.29,20.96,61.29,20.97,True,0.7745
731,46,1414.77,721.65,82.56,47.99,82.57,47.95,True,0.8228
731,69,858.84,304.37,44.86,10.09,44.85,10.1,True,0.6436
731,76,1276.87,389.35,75.76,18.67,75.77,18.61,True,0.7716
731,81,1299.46,386.95,77.44,18.43,77.48,18.48,True,0.704
731,111,664.72,585.84,32.16,36.74,32.14,36.78,True,0.7991
731,113,1429.93,845.41,82.45,57.47,82.5,57.43,True,0.7173
731,119,737.24,714.39,37.75,47.41,37.76,47.48,True,0.435
731,131,1462.06,871.44,84.26,59.38,84.26,59.37,True,0.7313
731,132,1543.72,469.79,94.23,26.34,94.25,26.29,True,0.769
731,134,1591.99,499.77,97.25,29.1,97.24,29.07,True,0.7853
731,136,1637.9,499.13,100.51,29.05,100.53,29.01,True,0.7609
731,139,1781.92,633.93,108.29,40.83,108.26,40.81,False,0.8056
731,142,1813.86,381.46,115.34,17.89,115.3,17.87,False,0.6863
732,4,1300.88,440.2,77.11,23.57,77.13,23.51,True,0.7757
732,5,1007.26,444.92,55.91,24.01,55.92,24.0,True,0.8036
732,7,1190.46,362.64,69.57,16.02,69.57,16.02,True,0.7987
732,10,558.22,511.77,24.16,30.19,24.13,30.21,True,0.7864
732,12,696.86,744.21,35.23,49.77,35.24,49.76,True,0.8169
732,14,1017.14,564.22,56.46,34.86,56.47,34.86,True,0.8248
732,15,397.55,388.95,11.21,18.63,11.2,18.64,True,0.7381
732,17,145.43,485.97,-5.43,27.84,-5.41,27.81,False,0.7101
732,18,245.16,318.87,-1.23,11.59,-1.24,11.64,False,0.6014
732,19,1105.16,417.35,63.06,21.38,63.04,21.44,True,0.7797
732,36,1071.52,412.77,60.62,20.94,60.63,21.04,True,0.7977
732,46,1407.88,721.24,82.1,47.96,82.14,48.0,True,0.8354
732,69,848.86,305.42,44.11,10.2,44.1,10.22,True,0.6124
732,76,1267.53,389.6,75.07,18.69,75.08,18.66,True,0.7378
732,81,1290.14,388.81,76.74,18.61,76.77,18.53,True,0.7025
732,111,651.41,588.06,31.25,36.93,31.22,36.93,True,0.8128
732,113,1433.28,844.83,82.67,57.43,82.75,57.3,True,0.7154
732,119,726.46,718.81,37.05,47.76,37.11,47.65,True,0.5615
732,131,1453.76,872.56,83.72,59.46,83.72,59.47,True,0.7672
732,132,1534.28,470.83,93.54,26.44,93.59,26.35,True,0.7814
732,134,1581.94,500.32,96.53,29.15,96.57,29.11,True,0.779
732,136,1628.68,499.67,99.84,29.1,99.87,29.04,True,0.7277
732,139,1773.96,633.89,107.75,40.83,107.77,40.82,False,0.8048
732,142,1803.8,381.72,114.6,17.92,114.6,17.87,False,0.7043
733,4,1291.66,440.12,76.44,23.56,76.46,23.58,True,0.7754
733,5,998.1,445.07,55.25,24.03,55.25,24.1,True,0.8107
733,7,1180.99,363.28,68.86,16.09,68.89,16.08,True,0.767
733,10,548.19,513.24,23.47,30.33,23.48,30.33,True,0.7934
733,12,687.29,746.0,34.61,49.91,34.61,49.92,True,0.8203
733,14,1008.09,565.3,55.83,34.96,55.82,34.96,True,0.8217
733,15,386.1,390.89,10.39,18.82,10.39,18.77,True,0.7295
733,17,131.5,488.07,-6.38,28.03,-6.36,28.03,False,0.6983
733,18,232.77,321.14,-2.12,11.82,-2.14,11.77,False,0.6399
733,19,1095.07,418.78,62.32,21.52,62.36,21.53,True,0.8018
733,36,1062.57,414.78,59.97,21.14,59.98,21.11,True,0.7942
733,46,1401.94,721.88,81.71,48.01,81.71,48.06,True,0.8361
733,69,837.88,306.26,43.28,10.29,43.36,10.33,True,0.5877
733,76,1258.2,389.67,74.39,18.7,74.4,18.7,True,0.7584
733,81,1280.94,389.16,76.06,18.65,76.07,18.61,True,0.7116
733,111,637.14,589.98,30.28,37.1,30.27,37.07,True,0.8043
733,113,1436.67,845.15,82.88,57.45,83.08,57.14,True,0.7039
733,119,719.18,720.43,36.58,47.89,36.47,47.81,True,0.4364
733,131,1445.3,874.26,83.17,59.59,83.16,59.55,True,0.7087
733,132,1525.84,469.85,92.95,26.35,92.95,26.41,True,0.8044
733,134,1572.48,500.3,95.86,29.15,95.91,29.17,True,0.7974
733,136,1619.49,499.55,99.2,29.08,99.23,29.09,True,0.7725
733,139,1766.67,633.73,107.26,40.82,107.29,40.82,False,0.8165
733,142,1793.7,381.33,113.86,17.88,113.9,17.87,False,0.6707
734,4,1283.46,440.79,75.84,23.62,75.81,23.62,True,0.7965
734,5,989.0,446.89,54.59,24.2,54.6,24.18,True,0.8047
734,7,1172.18,363.72,68.21,16.13,68.21,16.13,True,0.7636
734,10,539.24,514.73,22.85,30.46,22.83,30.45,True,0.7885
734,12,677.35,748.34,33.97,50.09,33.99,50.09,True,0.8129
734,14,998.56,566.8,55.17,35.09,55.2,35.06,True,0.824
734,15,375.04,391.83,9.6,18.91,9.59,18.87,True,0.7344
734,17,117.58,490.23,-7.33,28.23,-7.32,28.24,False,0.6831
734,18,220.42,321.87,-3.04,11.9,-3.04,11.89,False,0.6375
734,19,1086.12,419.97,61.66,21.64,61.67,21.61,True,0.8202
734,36,1053.82,415.75,59.33,21.23,59.34,21.18,True,0.7774
734,46,1395.64,723.29,81.28,48.12,81.31,48.12,True,0.8451
734,69,829.59,308.37,42.66,10.51,42.62,10.46,True,0.6761
734,76,1249.1,389.59,73.72,18.69,73.74,18.72,True,0.7409
734,81,1271.98,388.63,75.41,18.59,75.41,18.68,True,0.7363
734,111,623.08,591.84,29.33,37.26,29.33,37.19,True,0.766
734,113,1444.44,835.12,83.46,56.71,83.42,56.95,True,0.5809
734,119,706.82,721.14,35.76,47.95,35.83,48.01,True,0.6303
734,131,1437.23,875.38,82.65,59.67,82.61,59.65,True,0.7517
734,132,1517.39,470.62,92.34,26.42,92.34,26.44,True,0.7849
734,134,1564.4,500.63,95.28,29.18,95.27,29.19,True,0.8074
734,136,1610.95,499.37,98.59,29.07,98.62,29.09,True,0.7905
734,139,1759.98,633.66,106.8,40.81,106.82,40.82,False,0.82
734,142,1784.44,381.03,113.19,17.85,113.22,17.86,False,0.7192
735,4,1273.79,441.1,75.14,23.65,75.18,23.67,True,0.7781
735,5,979.64,447.77,53.91,24.28,53.96,24.26,True,0.7978
735,7,1163.16,363.89,67.54,16.15,67.56,16.19,True,0.8021
735,10,529.79,515.96,22.2,30.57,22.18,30.57,True,0.7848
735,12,668.06,749.84,33.37,50.21,33.39,50.27,True,0.8185
735,14,989.66,567.34,54.56,35.13,54.59,35.16,True,0.822
735,15,363.16,392.5,8.74,18.97,8.79,18.97,True,0.7007
735,17,103.69,492.76,-8.26,28.46,-8.25,28.43,False,0.6543
735,18,207.88,322.71,-3.96,11.99,-3.93,12.02,False,0.6624
735,19,1077.05,420.9,61.0,21.73,61.0,21.7,True,0.7906
735,36,1045.4,416.07,58.71,21.26,58.72,21.29,True,0.7817
735,46,1390.03,724.47,80.9,48.21,80.94,48.19,True,0.8428
735,69,819.52,309.0,41.9,10.57,41.91,10.58,True,0.6243
735,76,1240.35,390.19,73.07,18.75,73.1,18.73,True,0.7563
735,81,1262.81,390.63,74.72,18.79,74.78,18.7,True,0.7136
735,111,608.73,592.63,28.35,37.33,28.39,37.24,True,0.7974
735,113,1451.6,833.98,83.93,56.63,83.72,56.77,True,0.6934
735,119,698.33,722.1,35.21,48.03,35.2,48.16,True,0.6179
735,131,1426.5,875.12,81.98,59.65,82.08,59.72,True,0.765
735,132,1508.22,471.35,91.67,26.49,91.76,26.45,True,0.7605
735,134,1555.62,501.42,94.65,29.25,94.67,29.21,True,0.774
735,136,1602.76,500.1,98.0,29.13,98.04,29.09,True,0.7697
735,139,1753.28,633.8,106.35,40.82,106.39,40.82,False,0.8254
735,142,1775.06,380.44,112.51,17.79,112.57,17.85,False,0.6454
736,4,1265.02,441.76,74.51,23.71,74.58,23.71,True,0.7948
736,5,971.62,448.56,53.34,24.36,53.34,24.34,True,0.8188
736,7,1154.51,364.94,66.89,16.25,66.93,16.25,True,0.7874
736,10,519.08,517.34,21.46,30.7,21.54,30.7,True,0.8113
736,12,658.86,753.36,32.78,50.49,32.81,50.44,True,0.835
736,14,981.2,568.6,53.97,35.24,54.0,35.25,True,0.8292
736,15,352.84,393.13,7.99,19.04,8.01,19.05,True,0.7276
736,17,90.26,494.85,-9.18,28.66,-9.17,28.6,False,0.6481
736,18,195.82,324.26,-4.84,12.14,-4.81,12.12,False,0.646
736,19,1067.7,421.33,60.32,21.77,60.37,21.78,True,0.8021
736,36,1036.46,416.84,58.06,21.34,58.12,21.35,True,0.7818
736,46,1384.97,725.58,80.55,48.3,80.6,48.27,True,0.8365
736,69,809.74,310.71,41.17,10.75,41.21,10.69,True,0.6307
736,76,1231.73,390.53,72.44,18.78,72.47,18.75,True,0.778
736,81,1254.7,390.45,74.12,18.77,74.16,18.73,True,0.7264
736,111,595.54,592.69,27.44,37.33,27.48,37.26,True,0.7726
736,113,1455.16,833.01,84.17,56.55,83.99,56.59,True,0.793
736,119,687.72,727.32,34.54,48.44,34.59,48.29,True,0.464
736,131,1419.61,878.03,81.52,59.86,81.59,59.77,True,0.7799
736,132,1501.3,471.36,91.18,26.49,91.19,26.48,True,0.8083
736,134,1546.68,501.03,94.02,29.22,94.1,29.23,True,0.7933
736,136,1595.06,499.5,97.47,29.08,97.5,29.09,True,0.8017
736,139,1747.52,633.91,105.95,40.83,105.98,40.82,False,0.8315
736,142,1767.26,381.09,111.92,17.85,111.97,17.84,False,0.7088
737,4,1257.47,442.58,73.96,23.79,74.0,23.75,True,0.8011
737,5,963.05,449.23,52.72,24.42,52.75,24.39,True,0.7947
737,7,1146.64,365.67,66.31,16.33,66.33,16.29,True,0.8154
737,10,510.94,518.53,20.9,30.8,20.92,30.82,True,0.8027
737,12,649.72,755.29,32.2,50.64,32.23,50.59,True,0.8184
737,14,973.24,570.08,53.42,35.37,53.42,35.34,True,0.8384
737,15,342.18,394.02,7.22,19.12,7.25,19.1,True,0.7061
737,17,77.1,496.04,-10.09,28.76,-10.08,28.77,False,0.669
737,18,184.36,325.26,-5.68,12.25,-5.68,12.21,False,0.6425
737,19,1059.46,422.34,59.72,21.86,59.76,21.84,True,0.8275
737,36,1028.96,418.17,57.51,21.46,57.54,21.39,True,0.7867
737,46,1380.88,725.72,80.28,48.31,80.29,48.35,True,0.8305
737,69,801.02,311.22,40.52,10.8,40.53,10.75,True,0.6498
737,76,1223.82,389.91,71.86,18.72,71.87,18.77,True,0.7513
737,81,1247.34,389.52,73.59,18.68,73.57,18.77,True,0.7183
737,111,583.0,591.13,26.57,37.2,26.61,37.26,True,0.7822
737,113,1455.08,832.53,84.17,56.52,84.16,56.58,True,0.8075
737,119,678.21,728.05,33.91,48.5,34.03,48.43,True,0.6921
737,131,1412.8,877.9,81.09,59.85,81.11,59.76,True,0.7872
737,132,1493.85,471.37,90.65,26.49,90.66,26.49,True,0.7781
737,134,1539.65,501.23,93.52,29.24,93.56,29.24,True,0.8038
737,136,1587.76,499.84,96.95,29.11,96.99,29.09,True,0.7894
737,139,1741.84,634.02,105.57,40.84,105.6,40.81,False,0.8588
737,142,1759.61,381.23,111.35,17.87,111.42,17.83,False,0.7418
738,4,1250.75,442.42,73.47,23.78,73.46,23.77,True,0.7815
738,5,955.02,449.64,52.14,24.46,52.17,24.41,True,0.8211
738,7,1138.74,366.08,65.72,16.37,65.76,16.32,True,0.8174
738,10,502.3,520.41,20.31,30.97,20.33,30.92,True,0.8176
738,12,642.18,756.8,31.71,50.75,31.68,50.74,True,0.8282
738,14,965.14,570.86,52.86,35.44,52.87,35.43,True,0.828
738,15,332.37,394.72,6.51,19.19,6.52,19.15,True,0.7106
738,17,64.08,497.69,-10.97,28.91,-10.97,28.91,False,0.7034
738,18,172.62,325.9,-6.54,12.31,-6.54,12.31,False,0.6572
738,19,1051.55,422.85,59.15,21.91,59.18,21.88,True,0.8097
738,36,1021.68,417.98,56.98,21.45,56.99,21.44,True,0.7872
738,46,1376.62,727.18,79.99,48.43,80.01,48.42,True,0.8375
738,69,791.67,311.55,39.82,10.84,39.88,10.8,True,0.5657
738,76,1215.7,390.58,71.26,18.79,71.3,18.77,True,0.7766
738,81,1238.97,390.95,72.97,18.82,73.01,18.75,True,0.7473
738,111,570.75,591.06,25.73,37.19,25.77,37.25,True,0.7897
738,113,1455.95,832.99,84.22,56.55,84.29,56.59,True,0.7937
738,119,672.7,728.56,33.55,48.54,33.45,48.56,True,0.535
738,131,1406.36,877.21,80.69,59.8,80.69,59.71,True,0.7988
738,132,1486.68,471.34,90.13,26.49,90.17,26.48,True,0.7806
738,134,1532.8,501.43,93.03,29.26,93.04,29.24,True,0.7959
738,136,1581.25,499.51,96.49,29.08,96.51,29.08,True,0.7874
738,139,1736.86,633.75,105.23,40.82,105.26,40.78,False,0.8493
738,142,1753.32,380.98,110.9,17.84,110.91,17.83,False,0.7117
739,4,1243.14,442.62,72.92,23.8,72.97,23.79,True,0.7987
739,5,947.78,449.51,51.62,24.45,51.61,24.39,True,0.835
739,7,1131.56,366.04,65.19,16.36,65.21,16.33,True,0.8043
739,10,494.06,521.59,19.74,31.08,19.78,31.0,True,0.814
739,12,632.75,758.02,31.11,50.85,31.15,50.87,True,0.8227
739,14,957.2,571.91,52.31,35.53,52.32,35.52,True,0.8363
739,15,322.22,394.73,5.77,19.19,5.8,19.21,True,0.7276
739,17,50.88,499.01,-11.88,29.04,-11.86,29.03,False,0.7032
739,18,161.17,326.24,-7.4,12.35,-7.39,12.39,False,0.6294
739,19,1044.36,422.99,58.62,21.93,58.64,21.92,True,0.8158
739,36,1014.18,417.98,56.44,21.45,56.46,21.46,True,0.8066
739,46,1372.71,727.94,79.73,48.49,79.75,48.47,True,0.8456
739,69,783.82,311.06,39.22,10.79,39.23,10.83,True,0.651
739,76,1208.29,390.77,70.72,18.8,70.75,18.77,True,0.7884
739,81,1231.86,390.66,72.45,18.79,72.47,18.75,True,0.7373
739,111,559.37,591.5,24.95,37.23,24.96,37.25,True,0.783
739,113,1457.2,834.16,84.29,56.64,84.45,56.61,True,0.8173
739,119,663.04,729.61,32.92,48.62,32.94,48.63,True,0.6184
739,131,1399.28,875.05,80.26,59.64,80.28,59.6,True,0.7993
739,132,1480.36,471.2,89.68,26.48,89.67,26.48,True,0.7879
739,134,1526.09,501.33,92.56,29.25,92.57,29.22,True,0.7921
739,136,1574.86,499.37,96.04,29.07,96.06,29.06,True,0.8106
739,139,1731.94,632.86,104.91,40.74,104.93,40.75,True,0.8343
739,142,1746.72,380.79,110.41,17.82,110.43,17.8,False,0.7758
740,4,1236.72,442.48,72.46,23.78,72.48,23.79,True,0.8241
740,5,939.92,448.63,51.05,24.36,51.07,24.34,True,0.8063
740,7,1124.64,365.36,64.68,16.3,64.66,16.3,True,0.8107
740,10,486.86,521.32,19.23,31.06,19.24,31.05,True,0.7876
740,12,624.93,759.59,30.6,50.97,30.62,50.98,True,0.8222
740,14,949.78,572.47,51.79,35.58,51.79,35.58,True,0.8544
740,15,313.0,395.03,5.1,19.22,5.09,19.26,True,0.6717
740,17,38.59,500.69,-12.72,29.19,-12.7,29.16,False,0.7318
740,18,149.67,327.76,-8.23,12.5,-8.25,12.47,False,0.6762
740,19,1037.18,423.26,58.1,21.95,58.1,21.94,True,0.839
740,36,1007.42,418.39,55.95,21.48,55.95,21.45,True,0.7958
740,46,1369.28,728.83,79.49,48.56,79.5,48.54,True,0.8462
740,69,776.17,311.32,38.65,10.81,38.6,10.82,True,0.6486
740,76,1201.3,390.53,70.21,18.78,70.21,18.79,True,0.7574
740,81,1224.8,389.83,71.93,18.71,71.94,18.78,True,0.7472
740,111,547.98,592.26,24.17,37.29,24.16,37.29,True,0.7776
740,113,1461.91,834.83,84.58,56.69,84.69,56.64,True,0.8297
740,119,654.28,730.48,32.35,48.69,32.42,48.73,True,0.7297
740,131,1392.96,871.8,79.88,59.41,79.86,59.47,True,0.8144
740,132,1473.42,471.0,89.19,26.46,89.19,26.47,True,0.8002
740,134,1519.31,500.96,92.08,29.21,92.12,29.2,True,0.8279
740,136,1568.57,499.07,95.6,29.04,95.63,29.04,True,0.8194
740,139,1727.41,632.27,104.62,40.69,104.63,40.73,True,0.8437
740,142,1740.2,380.16,109.95,17.76,109.99,17.74,False,0.7746
741,4,1230.7,442.67,72.02,23.8,72.0,23.8,True,0.8109
741,5,932.77,447.35,50.54,24.24,50.54,24.3,True,0.808
741,7,1117.21,365.06,64.13,16.27,64.12,16.27,True,0.8216
741,10,479.48,521.65,18.72,31.09,18.73,31.08,True,0.7958
741,12,617.37,761.74,30.12,51.14,30.1,51.1,True,0.817
741,14,941.67,573.35,51.23,35.66,51.27,35.64,True,0.8473
741,15,303.21,396.13,4.4,19.33,4.39,19.29,True,0.7319
741,17,25.2,501.58,-13.65,29.27,-13.44,29.26,False,0.7697
741,18,137.67,328.19,-9.12,12.55,-9.09,12.53,False,0.6772
741,19,1030.32,423.31,57.6,21.96,57.59,21.96,True,0.8011
741,36,1000.44,418.02,55.44,21.45,55.43,21.43,True,0.7853
741,46,1365.88,728.9,79.27,48.57,79.27,48.6,True,0.8434
741,69,766.71,312.06,37.94,10.89,38.0,10.81,True,0.5659
741,76,1194.32,390.34,69.69,18.76,69.69,18.8,True,0.7786
741,81,1217.92,390.31,71.43,18.76,71.44,18.77,True,0.7478
741,111,536.4,592.87,23.38,37.35,23.38,37.35,True,0.738
741,113,1467.95,834.41,84.97,56.66,85.01,56.63,True,0.826
741,119,648.4,731.79,31.97,48.79,31.86,48.84,True,0.598
741,131,1386.06,870.24,79.46,59.29,79.45,59.36,True,0.8388
741,132,1466.6,471.44,88.7,26.5,88.75,26.45,True,0.7997
741,134,1513.49,500.21,91.68,29.14,91.69,29.18,True,0.8148
741,136,1563.12,498.79,95.21,29.02,95.23,29.01,True,0.814
741,139,1723.13,632.11,104.33,40.68,104.35,40.71,True,0.8424
741,142,1734.3,379.52,109.52,17.7,109.56,17.67,False,0.7841
742,4,1223.68,442.75,71.52,23.81,71.57,23.8,True,0.8212
742,5,925.22,446.93,50.0,24.2,50.02,24.27,True,0.8229
742,7,1109.43,364.36,63.56,16.2,63.62,16.24,True,0.8106
742,10,472.3,521.05,18.2,31.03,18.27,31.1,True,0.767
742,12,608.56,762.13,29.55,51.17,29.62,51.23,True,0.8298
742,14,934.58,573.67,50.74,35.69,50.79,35.69,True,0.8376
742,15,293.26,396.68,3.68,19.38,3.7,19.33,True,0.7437
742,17,15.64,502.94,-14.29,29.39,-14.06,29.36,False,0.7764
742,18,126.38,328.99,-9.95,12.63,-9.91,12.6,False,0.6508
742,19,1022.63,423.26,57.05,21.95,57.09,21.98,True,0.8297
742,36,993.4,417.65,54.93,21.41,54.96,21.42,True,0.8005
742,46,1362.35,729.79,79.03,48.64,79.06,48.65,True,0.8334
742,69,759.12,311.14,37.36,10.79,37.43,10.83,True,0.6605
742,76,1186.99,390.86,69.15,18.81,69.2,18.79,True,0.7982
742,81,1211.25,391.02,70.93,18.83,70.98,18.76,True,0.7638
742,111,524.65,593.56,22.58,37.41,22.62,37.4,True,0.7662
742,113,1474.59,834.43,85.4,56.66,85.39,56.58,True,0.8445
742,119,638.0,734.38,31.3,49.0,31.37,48.93,True,0.6642
742,131,1378.82,869.39,79.01,59.23,79.06,59.3,True,0.8277
742,132,1460.51,470.83,88.27,26.44,88.32,26.44,True,0.7919
742,134,1507.5,500.33,91.26,29.16,91.29,29.15,True,0.7932
742,136,1557.58,498.46,94.83,28.98,94.84,29.0,True,0.7981
742,139,1719.15,632.84,104.05,40.74,104.1,40.69,True,0.8479
742,142,1728.92,378.17,109.15,17.57,109.16,17.58,False,0.693
743,4,1217.79,442.76,71.09,23.81,71.16,23.8,True,0.824
743,5,918.4,447.2,49.5,24.23,49.54,24.26,True,0.8202
743,7,1102.67,364.61,63.06,16.22,63.14,16.23,True,0.8263
743,10,465.65,522.25,17.75,31.14,17.84,31.13,True,0.7742
743,12,601.44,764.73,29.1,51.37,29.17,51.35,True,0.8194
743,14,927.93,574.16,50.28,35.73,50.35,35.75,True,0.8557
743,15,284.02,396.33,3.0,19.35,3.05,19.37,True,0.7344
743,17,10.26,503.33,-14.67,29.43,-14.39,29.41,False,0.7478
743,18,115.45,329.09,-10.76,12.64,-10.69,12.63,False,0.6607
743,19,1016.07,423.94,56.57,22.02,56.63,22.01,True,0.8115
743,36,986.27,417.32,54.41,21.38,54.52,21.38,True,0.7963
743,46,1359.15,731.02,78.81,48.73,78.88,48.71,True,0.8338
743,69,751.92,310.81,36.82,10.76,36.88,10.84,True,0.6598
743,76,1180.56,391.13,68.68,18.84,68.74,18.77,True,0.7904
743,81,1204.99,390.07,70.48,18.74,70.56,18.75,True,0.7426
743,111,513.37,594.02,21.81,37.45,21.89,37.45,True,0.7924
743,113,1481.08,832.59,85.83,56.52,85.8,56.45,True,0.8354
743,119,629.94,735.46,30.78,49.08,30.81,49.12,True,0.7225
743,131,1372.9,869.48,78.63,59.24,78.68,59.28,True,0.8486
743,132,1455.1,470.17,87.89,26.38,87.93,26.44,True,0.8143
743,134,1502.1,499.94,90.88,29.12,90.93,29.14,True,0.8248
743,136,1552.37,498.24,94.46,28.96,94.49,29.01,True,0.8035
743,139,1715.74,632.19,103.82,40.69,103.91,40.68,True,0.8695
743,142,1723.26,377.44,108.75,17.49,108.8,17.49,False,0.7924
744,4,1213.25,442.57,70.77,23.79,70.78,23.8,True,0.8201
744,5,911.86,448.21,49.03,24.32,49.09,24.29,True,0.8195
744,7,1097.22,364.54,62.66,16.21,62.71,16.22,True,0.831
744,10,461.08,522.46,17.43,31.16,17.45,31.18,True,0.7746
744,12,595.53,766.18,28.73,51.48,28.73,51.45,True,0.8294
744,14,922.6,575.01,49.91,35.8,49.97,35.81,True,0.867
744,15,274.9,396.47,2.33,19.36,2.44,19.38,True,0.754
744,17,5.9,504.55,-14.95,29.54,-14.64,29.45,False,0.4153
744,18,105.45,329.41,-11.51,12.67,-11.42,12.66,False,0.6748
744,19,1010.23,423.97,56.15,22.02,56.21,22.06,True,0.8116
744,36,981.64,417.42,54.07,21.39,54.12,21.33,True,0.7855
744,46,1357.58,731.21,78.7,48.75,78.75,48.77,True,0.8235
744,69,745.94,312.1,36.37,10.89,36.39,10.85,True,0.5756
744,76,1175.18,390.07,68.29,18.74,68.31,18.77,True,0.7851
744,81,1200.51,390.19,70.15,18.75,70.15,18.76,True,0.6661
744,111,503.67,594.85,21.15,37.52,21.19,37.45,True,0.7955
744,113,1486.22,830.43,86.18,56.36,86.21,56.28,True,0.8569
744,119,625.19,735.36,30.46,49.08,30.26,49.32,True,0.622
744,131,1367.83,870.55,78.3,59.32,78.33,59.29,True,0.8559
744,132,1450.15,470.54,87.53,26.41,87.59,26.43,True,0.8171
744,134,1497.66,499.98,90.56,29.12,90.59,29.14,True,0.8264
744,136,1547.49,498.77,94.11,29.01,94.16,29.03,True,0.8256
744,139,1713.62,631.99,103.68,40.67,103.76,40.66,True,0.8496
744,142,1718.73,376.47,108.43,17.4,108.49,17.4,False,0.8092
745,4,1208.19,442.7,70.4,23.8,70.44,23.79,True,0.8221
745,5,906.52,448.19,48.65,24.32,48.68,24.33,True,0.8173
745,7,1092.43,364.8,62.3,16.24,62.32,16.23,True,0.8217
745,10,456.06,523.45,17.09,31.25,17.1,31.26,True,0.7901
745,12,589.72,767.36,28.36,51.57,28.34,51.58,True,0.8256
745,14,918.12,575.68,49.61,35.86,49.61,35.86,True,0.848
745,15,268.4,397.05,1.86,19.42,1.85,19.4,True,0.7509
745,18,97.64,329.5,-12.09,12.68,-12.13,12.67,False,0.6112
745,19,1005.53,424.93,55.8,22.11,55.81,22.13,True,0.8127
745,36,977.13,415.96,53.75,21.25,53.75,21.3,True,0.7775
745,46,1356.36,732.37,78.61,48.84,78.64,48.83,True,0.8171
745,69,739.56,311.94,35.89,10.88,35.93,10.87,True,0.6695
745,76,1169.82,389.83,67.9,18.71,67.91,18.78,True,0.7774
745,81,1195.73,389.54,69.8,18.68,69.79,18.76,True,0.7564
745,111,494.8,594.76,20.54,37.51,20.53,37.44,True,0.7943
745,113,1492.41,826.45,86.62,56.06,86.64,56.13,True,0.8237
745,131,1362.93,870.74,77.99,59.33,78.01,59.31,True,0.8434
745,132,1446.64,471.04,87.28,26.46,87.27,26.45,True,0.7929
745,134,1493.66,500.45,90.28,29.17,90.27,29.15,True,0.84
745,136,1543.54,499.67,93.82,29.1,93.87,29.06,True,0.8169
745,139,1713.03,631.34,103.65,40.62,103.64,40.62,True,0.8396
745,142,1714.86,375.19,108.17,17.27,108.2,17.32,False,0.8032
746,4,1204.32,442.61,70.12,23.79,70.12,23.79,True,0.8084
746,5,901.36,448.59,48.28,24.36,48.3,24.36,True,0.8296
746,7,1087.9,364.71,61.97,16.23,61.98,16.23,True,0.8184
746,10,451.57,524.4,16.79,31.33,16.77,31.32,True,0.7806
746,12,582.96,768.36,27.93,51.65,27.97,51.69,True,0.8359
746,14,913.59,576.78,49.29,35.96,49.3,35.92,True,0.8441
746,15,260.87,396.71,1.31,19.39,1.31,19.45,True,0.7448
746,18,87.9,329.66,-12.81,12.7,-12.82,12.67,False,0.6585
746,19,1000.84,425.81,55.46,22.2,55.45,22.2,True,0.8302
746,36,972.69,415.71,53.42,21.23,53.43,21.28,True,0.7919
746,46,1355.86,732.84,78.58,48.88,78.57,48.9,True,0.8306
746,69,734.38,312.28,35.5,10.91,35.49,10.92,True,0.6853
746,76,1164.68,390.3,67.52,18.76,67.54,18.78,True,0.796
746,81,1190.51,390.68,69.41,18.8,69.45,18.77,True,0.7759
746,111,485.53,593.27,19.89,37.38,19.9,37.43,True,0.7753
746,113,1498.44,823.2,87.03,55.82,87.08,56.0,True,0.8337
746,119,610.29,742.85,29.53,49.66,29.81,49.48,True,0.3635
746,131,1358.42,870.44,77.71,59.31,77.72,59.36,True,0.8362
746,132,1442.48,471.15,86.98,26.47,86.98,26.47,True,0.8049
746,134,1489.19,500.28,89.96,29.15,89.99,29.16,True,0.8265
746,136,1540.3,499.76,93.59,29.1,93.61,29.08,True,0.81
746,139,1711.84,630.7,103.58,40.56,103.55,40.61,True,0.8242
746,142,1711.76,374.95,107.95,17.25,107.95,17.3,False,0.8015
747,4,1199.78,442.46,69.8,23.78,69.8,23.81,True,0.8242
747,5,896.7,449.19,47.94,24.42,47.93,24.38,True,0.8386
747,7,1083.32,364.79,61.63,16.24,61.66,16.23,True,0.8247
747,10,446.3,525.41,16.43,31.42,16.42,31.39,True,0.7858
747,12,577.51,770.88,27.59,51.85,27.6,51.79,True,0.8249
747,14,908.86,576.92,48.97,35.97,49.02,35.98,True,0.8456
747,15,253.32,397.79,0.77,19.49,0.79,19.5,True,0.7649
747,18,79.2,329.41,-13.47,12.67,-13.49,12.67,False,0.5947
747,19,995.62,427.1,55.08,22.32,55.1,22.27,True,0.8236
747,36,968.48,415.88,53.12,21.24,53.12,21.28,True,0.803
747,46,1355.19,733.75,78.52,48.95,78.5,48.97,True,0.8391
747,69,728.42,312.48,35.05,10.93,35.07,10.93,True,0.6644
747,76,1160.03,391.07,67.17,18.83,67.18,18.8,True,0.8068
747,81,1186.42,390.99,69.11,18.83,69.13,18.78,True,0.7571
747,111,476.3,593.07,19.25,37.36,19.29,37.41,True,0.7694
747,113,1506.23,823.85,87.53,55.87,87.54,55.92,True,0.8333
747,119,605.78,744.32,29.25,49.78,29.3,49.64,True,0.508
747,131,1353.97,871.27,77.42,59.37,77.46,59.4,True,0.8291
747,132,1438.42,471.69,86.68,26.52,86.72,26.51,True,0.8117
747,134,1485.46,500.81,89.69,29.2,89.7,29.18,True,0.8242
747,136,1537.08,499.95,93.36,29.12,93.37,29.1,True,0.8042
747,139,1710.06,630.93,103.46,40.58,103.46,40.62,True,0.8302
747,142,1708.55,374.51,107.72,17.2,107.71,17.32,False,0.8106
748,4,1195.76,442.76,69.5,23.81,69.52,23.82,True,0.8212
748,5,891.66,448.97,47.58,24.4,47.58,24.41,True,0.8117
748,7,1079.39,364.64,61.34,16.22,61.34,16.23,True,0.8054
748,10,441.38,525.86,16.09,31.46,16.08,31.45,True,0.7683
748,12,572.15,771.35,27.24,51.88,27.25,51.9,True,0.8232
748,14,905.58,577.3,48.74,36.0,48.74,36.04,True,0.8482
748,15,246.35,398.61,0.28,19.57,0.27,19.54,True,0.7741
748,18,69.4,328.95,-14.22,12.62,-14.16,12.66,False,0.628
748,19,991.16,427.35,54.76,22.34,54.77,22.33,True,0.815
748,36,964.18,416.55,52.8,21.31,52.82,21.3,True,0.795
748,46,1353.88,735.26,78.43,49.07,78.44,49.04,True,0.8299
748,69,723.06,312.81,34.65,10.97,34.66,10.93,True,0.678
748,76,1155.49,391.14,66.84,18.84,66.85,18.8,True,0.7893
748,81,1182.03,390.48,68.79,18.78,68.82,18.78,True,0.7548
748,111,467.99,593.53,18.68,37.4,18.69,37.42,True,0.8076
748,113,1513.92,824.2,88.02,55.9,88.02,55.92,True,0.8293
748,119,602.42,744.76,29.03,49.81,29.01,49.78,True,0.5234
748,131,1350.46,872.5,77.19,59.46,77.21,59.46,True,0.8365
748,132,1435.02,471.59,86.44,26.51,86.45,26.52,True,0.796
748,134,1481.9,500.56,89.44,29.18,89.43,29.19,True,0.8067
748,136,1534.18,499.38,93.16,29.07,93.15,29.12,True,0.8079
748,139,1708.69,631.34,103.36,40.62,103.37,40.65,True,0.8361
748,142,1705.72,376.16,107.48,17.37,107.5,17.37,False,0.7937
749,4,1191.58,443.34,69.2,23.86,69.37,23.83,True,0.8312
749,5,886.58,449.17,47.22,24.41,47.41,24.42,True,0.8223
749,7,1075.34,364.53,61.04,16.21,61.18,16.24,True,0.8295
749,10,436.14,525.98,15.72,31.47,15.91,31.48,True,0.7574
749,12,566.74,772.79,26.9,51.99,27.08,51.97,True,0.8385
749,14,901.87,578.49,48.49,36.11,48.6,36.06,True,0.8616
749,15,239.06,399.23,-0.25,19.63,0.02,19.58,False,0.7094
749,18,60.88,329.32,-14.85,12.66,-14.5,12.66,False,0.6306
749,19,986.42,427.58,54.41,22.37,54.59,22.36,True,0.835
749,36,960.07,417.08,52.51,21.36,52.67,21.32,True,0.7822
749,46,1353.24,735.73,78.38,49.1,78.41,49.08,True,0.8231
749,69,717.61,312.74,34.24,10.96,34.44,10.94,True,0.6239
749,76,1150.6,391.24,66.48,18.85,66.68,18.81,True,0.7871
749,81,1178.27,390.59,68.52,18.79,68.67,18.78,True,0.7769
749,111,459.26,593.6,18.08,37.41,18.39,37.44,True,0.8071
749,113,1521.95,825.01,88.52,55.96,88.26,55.95,True,0.7953
749,131,1347.17,873.7,76.97,59.55,77.08,59.5,True,0.8529
749,132,1431.84,472.31,86.2,26.58,86.32,26.53,True,0.815
749,134,1477.86,500.94,89.15,29.21,89.3,29.2,True,0.836
749,136,1531.04,499.81,92.93,29.11,93.04,29.12,True,0.8114
749,139,1707.64,632.42,103.27,40.71,103.31,40.68,True,0.8319
749,142,1702.91,377.51,107.25,17.5,107.38,17.4,False,0.7806
750,4,1188.56,443.2,68.98,23.85,69.23,23.84,True,0.8201
750,5,882.08,449.43,46.89,24.44,47.23,24.42,True,0.8225
750,7,1071.04,365.1,60.72,16.27,61.03,16.23,True,0.8408
750,10,431.18,527.32,15.39,31.59,15.73,31.51,True,0.7819
750,12,561.44,774.86,26.57,52.15,26.9,52.01,True,0.839
750,14,897.86,579.39,48.21,36.18,48.48,36.1,True,0.8607
750,15,232.3,399.24,-0.74,19.63,-0.24,19.61,False,0.7545
750,18,52.92,329.36,-15.44,12.67,-14.84,12.65,False,0.6579
750,19,982.42,427.97,54.12,22.4,54.43,22.37,True,0.7954
750,36,956.44,417.15,52.24,21.37,52.52,21.35,True,0.7694
750,46,1352.18,736.81,78.3,49.19,78.37,49.12,True,0.8316
750,69,712.31,311.93,33.84,10.88,34.24,10.94,True,0.702
750,76,1146.99,390.08,66.22,18.74,66.51,18.81,True,0.7724
750,81,1174.93,389.91,68.27,18.72,68.53,18.76,True,0.7064
750,111,451.22,595.49,17.55,37.57,18.1,37.46,True,0.7985
750,113,1529.33,826.4,88.98,56.06,88.51,55.97,True,0.8147
750,119,590.0,745.71,28.22,49.89,28.83,49.83,True,0.6336
750,131,1343.8,874.88,76.75,59.63,76.97,59.55,True,0.8519
750,132,1428.35,471.52,85.96,26.5,86.2,26.53,True,0.8245
750,134,1474.74,501.09,88.93,29.22,89.17,29.2,True,0.8324
750,136,1528.06,500.64,92.71,29.18,92.93,29.12,True,0.8211
750,139,1706.43,633.53,103.17,40.8,103.27,40.71,True,0.8441
750,142,1700.65,377.69,107.08,17.52,107.27,17.46,False,0.7749
